featurecla,scalerank,LABELRANK,SOVEREIGNT,SOV_A3,ADM0_DIF,LEVEL,TYPE,TLC,ADMIN,ADM0_A3,GEOU_DIF,GEOUNIT,GU_A3,SU_DIF,SUBUNIT,SU_A3,BRK_DIFF,NAME,NAME_LONG,BRK_A3,BRK_NAME,BRK_GROUP,ABBREV,POSTAL,FORMAL_EN,FORMAL_FR,NAME_CIAWF,NOTE_ADM0,NOTE_BRK,NAME_SORT,NAME_ALT,MAPCOLOR7,MAPCOLOR8,MAPCOLOR9,MAPCOLOR13,POP_EST,POP_RANK,POP_YEAR,GDP_MD,GDP_YEAR,ECONOMY,INCOME_GRP,FIPS_10,ISO_A2,ISO_A2_EH,ISO_A3,ISO_A3_EH,ISO_N3,ISO_N3_EH,UN_A3,WB_A2,WB_A3,WOE_ID,WOE_ID_EH,WOE_NOTE,ADM0_ISO,ADM0_DIFF,ADM0_TLC,ADM0_A3_US,ADM0_A3_FR,ADM0_A3_RU,ADM0_A3_ES,ADM0_A3_CN,ADM0_A3_TW,ADM0_A3_IN,ADM0_A3_NP,ADM0_A3_PK,ADM0_A3_DE,ADM0_A3_GB,ADM0_A3_BR,ADM0_A3_IL,ADM0_A3_PS,ADM0_A3_SA,ADM0_A3_EG,ADM0_A3_MA,ADM0_A3_PT,ADM0_A3_AR,ADM0_A3_JP,ADM0_A3_KO,ADM0_A3_VN,ADM0_A3_TR,ADM0_A3_ID,ADM0_A3_PL,ADM0_A3_GR,ADM0_A3_IT,ADM0_A3_NL,ADM0_A3_SE,ADM0_A3_BD,ADM0_A3_UA,ADM0_A3_UN,ADM0_A3_WB,CONTINENT,REGION_UN,SUBREGION,REGION_WB,NAME_LEN,LONG_LEN,ABBREV_LEN,TINY,HOMEPART,MIN_ZOOM,MIN_LABEL,MAX_LABEL,LABEL_X,LABEL_Y,NE_ID,WIKIDATAID,NAME_AR,NAME_BN,NAME_DE,NAME_EN,NAME_ES,NAME_FA,NAME_FR,NAME_EL,NAME_HE,NAME_HI,NAME_HU,NAME_ID,NAME_IT,NAME_JA,NAME_KO,NAME_NL,NAME_PL,NAME_PT,NAME_RU,NAME_SV,NAME_TR,NAME_UK,NAME_UR,NAME_VI,NAME_ZH,NAME_ZHT,FCLASS_ISO,TLC_DIFF,FCLASS_TLC,FCLASS_US,FCLASS_FR,FCLASS_RU,FCLASS_ES,FCLASS_CN,FCLASS_TW,FCLASS_IN,FCLASS_NP,FCLASS_PK,FCLASS_DE,FCLASS_GB,FCLASS_BR,FCLASS_IL,FCLASS_PS,FCLASS_SA,FCLASS_EG,FCLASS_MA,FCLASS_PT,FCLASS_AR,FCLASS_JP,FCLASS_KO,FCLASS_VN,FCLASS_TR,FCLASS_ID,FCLASS_PL,FCLASS_GR,FCLASS_IT,FCLASS_NL,FCLASS_SE,FCLASS_BD,FCLASS_UA,iso_3166_2,adm1_code,diss_me,wikipedia,iso_a2,adm0_sr,name_alt,name_local,type,type_en,code_local,code_hasc,note,hasc_maybe,region,provnum_ne,gadm_level,check_me,datarank,abbrev,postal,area_sqkm,sameascity,labelrank,name_len,mapcolor9,mapcolor13,fips,fips_alt,woe_id,woe_label,woe_name,latitude,longitude,sov_a3,adm0_a3,adm0_label,admin,geonunit,gu_a3,gn_id,gn_name,gns_id,gns_name,gn_level,gn_region,gn_a1_code,region_sub,sub_code,gns_level,gns_lang,gns_adm1,gns_region,min_label,max_label,min_zoom,wikidataid,name_ar,name_bn,name_de,name_en,name_es,name_fr,name_el,name_hi,name_hu,name_id,name_it,name_ja,name_ko,name_nl,name_pl,name_pt,name_ru,name_sv,name_tr,name_vi,name_zh,ne_id,name_he,name_uk,name_ur,name_fa,name_zht,region_cod
Admin-0 country,0,2.0,Indonesia,IDN,0.0,2.0,Sovereign country,1,Indonesia,IDN,0.0,Indonesia,IDN,0.0,Indonesia,IDN,0.0,Indonesia,Indonesia,IDN,Indonesia,,Indo.,INDO,Republic of Indonesia,,Indonesia,,,Indonesia,,6.0,6.0,6.0,11.0,270625568.0,17.0,2019.0,1119190.0,2019.0,4. Emerging region: MIKT,4. Lower middle income,ID,ID,ID,IDN,IDN,360,360,360,ID,IDN,23424846.0,23424846.0,Exact WOE match as country,IDN,,IDN,IDN,IDN,IDN,IDN,IDN,IDN,IDN,IDN,IDN,IDN,IDN,IDN,IDN,IDN,IDN,IDN,IDN,IDN,IDN,IDN,IDN,IDN,IDN,IDN,IDN,IDN,IDN,IDN,IDN,IDN,IDN,-99.0,-99.0,Asia,Asia,South-Eastern Asia,East Asia & Pacific,9.0,9.0,5.0,-99.0,1.0,0.0,1.7000000000000002,6.7,101.892949,-0.9544039999999999,1159320845.0,Q252,إندونيسيا,ইন্দোনেশিয়া,Indonesien,Indonesia,Indonesia,اندونزی,Indonésie,Ινδονησία,אינדונזיה,इंडोनेशिया,Indonézia,Indonesia,Indonesia,インドネシア,인도네시아,Indonesië,Indonezja,Indonésia,Индонезия,Indonesien,Endonezya,Індонезія,انڈونیشیا,Indonesia,印度尼西亚,印度尼西亞,Admin-0 country,,Admin-0 country,,,,,,,,,,,,,,,,,,,,,,,,,,,,,,,,,,,,,,,,,,,,,,,,,,,,,,,,,,,,,,,,,,,,,,,,,,,,,,,,,,,,,,,,,,,,,,,,,,,,,,,,,,,,,,,,,,,,
Admin-0 country,0,3.0,Malaysia,MYS,0.0,2.0,Sovereign country,1,Malaysia,MYS,0.0,Malaysia,MYS,0.0,Malaysia,MYS,0.0,Malaysia,Malaysia,MYS,Malaysia,,Malay.,MY,Malaysia,,Malaysia,,,Malaysia,,2.0,4.0,3.0,6.0,31949777.0,15.0,2019.0,364681.0,2019.0,6. Developing region,3. Upper middle income,MY,MY,MY,MYS,MYS,,,458,MY,MYS,23424901.0,23424901.0,Exact WOE match as country,MYS,,MYS,MYS,MYS,MYS,MYS,MYS,MYS,MYS,MYS,MYS,MYS,MYS,MYS,MYS,MYS,MYS,MYS,MYS,MYS,MYS,MYS,MYS,MYS,MYS,MYS,MYS,MYS,MYS,MYS,MYS,MYS,MYS,-99.0,-99.0,Asia,Asia,South-Eastern Asia,East Asia & Pacific,8.0,8.0,6.0,-99.0,1.0,0.0,3.0,8.0,113.83708,2.528667,1159321083.0,Q833,ماليزيا,মালয়েশিয়া,Malaysia,Malaysia,Malasia,مالزی,Malaisie,Μαλαισία,מלזיה,मलेशिया,Malajzia,Malaysia,Malaysia,マレーシア,말레이시아,Maleisië,Malezja,Malásia,Малайзия,Malaysia,Malezya,Малайзія,ملائیشیا,Malaysia,马来西亚,馬來西亞,Admin-0 country,,Admin-0 country,,,,,,,,,,,,,,,,,,,,,,,,,,,,,,,,,,,,,,,,,,,,,,,,,,,,,,,,,,,,,,,,,,,,,,,,,,,,,,,,,,,,,,,,,,,,,,,,,,,,,,,,,,,,,,,,,,,,
Admin-0 country,0,2.0,Chile,CHL,0.0,2.0,Sovereign country,1,Chile,CHL,0.0,Chile,CHL,0.0,Chile,CHL,0.0,Chile,Chile,CHL,Chile,,Chile,CL,Republic of Chile,,Chile,,,Chile,,5.0,1.0,5.0,9.0,18952038.0,14.0,2019.0,282318.0,2019.0,5. Emerging region: G20,3. Upper middle income,CI,CL,CL,CHL,CHL,152,152,152,CL,CHL,23424782.0,23424782.0,Exact WOE match as country,CHL,,CHL,CHL,CHL,CHL,CHL,CHL,CHL,CHL,CHL,CHL,CHL,CHL,CHL,CHL,CHL,CHL,CHL,CHL,CHL,CHL,CHL,CHL,CHL,CHL,CHL,CHL,CHL,CHL,CHL,CHL,CHL,CHL,-99.0,-99.0,South America,Americas,South America,Latin America & Caribbean,5.0,5.0,5.0,-99.0,1.0,0.0,1.7000000000000002,6.7,-72.318871,-38.151771,1159320493.0,Q298,تشيلي,চিলি,Chile,Chile,Chile,شیلی,Chili,Χιλή,צ'ילה,चिली,Chile,Chili,Cile,チリ,칠레,Chili,Chile,Chile,Чили,Chile,Şili,Чилі,چلی,Chile,智利,智利,Admin-0 country,,Admin-0 country,,,,,,,,,,,,,,,,,,,,,,,,,,,,,,,,,,,,,,,,,,,,,,,,,,,,,,,,,,,,,,,,,,,,,,,,,,,,,,,,,,,,,,,,,,,,,,,,,,,,,,,,,,,,,,,,,,,,
Admin-0 country,0,3.0,Bolivia,BOL,0.0,2.0,Sovereign country,1,Bolivia,BOL,0.0,Bolivia,BOL,0.0,Bolivia,BOL,0.0,Bolivia,Bolivia,BOL,Bolivia,,Bolivia,BO,Plurinational State of Bolivia,,Bolivia,,,Bolivia,,1.0,5.0,2.0,3.0,11513100.0,14.0,2019.0,40895.0,2019.0,5. Emerging region: G20,4. Lower middle income,BL,BO,BO,BOL,BOL,068,068,068,BO,BOL,23424762.0,23424762.0,Exact WOE match as country,BOL,,BOL,BOL,BOL,BOL,BOL,BOL,BOL,BOL,BOL,BOL,BOL,BOL,BOL,BOL,BOL,BOL,BOL,BOL,BOL,BOL,BOL,BOL,BOL,BOL,BOL,BOL,BOL,BOL,BOL,BOL,BOL,BOL,-99.0,-99.0,South America,Americas,South America,Latin America & Caribbean,7.0,7.0,7.0,-99.0,1.0,0.0,3.0,7.5,-64.593433,-16.666015,1159320439.0,Q750,بوليفيا,বলিভিয়া,Bolivien,Bolivia,Bolivia,بولیوی,Bolivie,Βολιβία,בוליביה,बोलिविया,Bolívia,Bolivia,Bolivia,ボリビア,볼리비아,Bolivia,Boliwia,Bolívia,Боливия,Bolivia,Bolivya,Болівія,بولیویا,Bolivia,玻利维亚,玻利維亞,Admin-0 country,,Admin-0 country,,,,,,,,,,,,,,,,,,,,,,,,,,,,,,,,,,,,,,,,,,,,,,,,,,,,,,,,,,,,,,,,,,,,,,,,,,,,,,,,,,,,,,,,,,,,,,,,,,,,,,,,,,,,,,,,,,,,
Admin-0 country,0,2.0,Peru,PER,0.0,2.0,Sovereign country,1,Peru,PER,0.0,Peru,PER,0.0,Peru,PER,0.0,Peru,Peru,PER,Peru,,Peru,PE,Republic of Peru,,Peru,,,Peru,,4.0,4.0,4.0,11.0,32510453.0,15.0,2019.0,226848.0,2019.0,5. Emerging region: G20,3. Upper middle income,PE,PE,PE,PER,PER,604,604,604,PE,PER,23424919.0,23424919.0,Exact WOE match as country,PER,,PER,PER,PER,PER,PER,PER,PER,PER,PER,PER,PER,PER,PER,PER,PER,PER,PER,PER,PER,PER,PER,PER,PER,PER,PER,PER,PER,PER,PER,PER,PER,PER,-99.0,-99.0,South America,Americas,South America,Latin America & Caribbean,4.0,4.0,4.0,-99.0,1.0,0.0,2.0,7.0,-72.90016,-12.976679,1159321163.0,Q419,بيرو,পেরু,Peru,Peru,Perú,پرو,Pérou,Περού,פרו,पेरू,Peru,Peru,Perù,ペルー,페루,Peru,Peru,Peru,Перу,Peru,Peru,Перу,پیرو,Peru,秘鲁,秘魯,Admin-0 country,,Admin-0 country,,,,,,,,,,,,,,,,,,,,,,,,,,,,,,,,,,,,,,,,,,,,,,,,,,,,,,,,,,,,,,,,,,,,,,,,,,,,,,,,,,,,,,,,,,,,,,,,,,,,,,,,,,,,,,,,,,,,
Admin-0 country,0,2.0,Argentina,ARG,0.0,2.0,Sovereign country,1,Argentina,ARG,0.0,Argentina,ARG,0.0,Argentina,ARG,0.0,Argentina,Argentina,ARG,Argentina,,Arg.,AR,Argentine Republic,,Argentina,,,Argentina,,3.0,1.0,3.0,13.0,44938712.0,15.0,2019.0,445445.0,2019.0,5. Emerging region: G20,3. Upper middle income,AR,AR,AR,ARG,ARG,032,032,032,AR,ARG,23424747.0,23424747.0,Exact WOE match as country,ARG,,ARG,ARG,ARG,ARG,ARG,ARG,ARG,ARG,ARG,ARG,ARG,ARG,ARG,ARG,ARG,ARG,ARG,ARG,ARG,ARG,ARG,ARG,ARG,ARG,ARG,ARG,ARG,ARG,ARG,ARG,ARG,ARG,-99.0,-99.0,South America,Americas,South America,Latin America & Caribbean,9.0,9.0,4.0,-99.0,1.0,0.0,2.0,7.0,-64.173331,-33.501159,1159320331.0,Q414,الأرجنتين,আর্জেন্টিনা,Argentinien,Argentina,Argentina,آرژانتین,Argentine,Αργεντινή,ארגנטינה,अर्जेण्टीना,Argentína,Argentina,Argentina,アルゼンチン,아르헨티나,Argentinië,Argentyna,Argentina,Аргентина,Argentina,Arjantin,Аргентина,ارجنٹائن,Argentina,阿根廷,阿根廷,Admin-0 country,,Admin-0 country,,,,,,,,,,,,,,,,,,,,,,,,,,,,,,,,,,,,,,,,,,,,,,,,,,,,,,,,,,,,,,,,,,,,,,,,,,,,,,,,,,,,,,,,,,,,,,,,,,,,,,,,,,,,,,,,,,,,
Admin-0 country,3,3.0,United Kingdom,GB1,1.0,2.0,Dependency,1,Dhekelia Sovereign Base Area,ESB,0.0,Dhekelia Sovereign Base Area,ESB,0.0,Dhekelia Sovereign Base Area,ESB,0.0,Dhekelia,Dhekelia,ESB,Dhekelia,,Dhek.,DH,,,,U.K.,U.K. Base,Dhekelia Sovereign Base Area,,6.0,6.0,6.0,3.0,7850.0,5.0,2013.0,314.0,2013.0,2. Developed region: nonG7,2. High income: nonOECD,-99,-99,-99,-99,-99,-99,-99,-099,-99,-99,-99.0,-99.0,No WOE equivalent.,-99,1,ESB,ESB,ESB,ESB,ESB,ESB,ESB,ESB,ESB,ESB,ESB,ESB,ESB,ESB,ESB,ESB,ESB,ESB,ESB,ESB,ESB,ESB,ESB,ESB,ESB,ESB,ESB,ESB,ESB,ESB,ESB,ESB,-99.0,-99.0,Asia,Asia,Western Asia,Europe & Central Asia,8.0,8.0,5.0,3.0,-99.0,0.0,6.5,11.0,33.790583,35.011042,1159320709.0,Q9206745,ديكيليا كانتونمنت,দেখেলিয়া ক্যান্টনমেন্ট,Dekelia,Dhekelia Cantonment,Dekelia,دکلیا,Dhekelia,Ντεκέλια Κάντονμεντ,דקליה,ढेकेलिया छावनी,Dekélia,Dhekelia Cantonment,Base di Dhekelia,デケリア,데켈리아 지역,Dhekelia Cantonment,Dhekelia,Deceleia,Декелия,Dhekelia,Dhekelia Kantonu,Муніципалітет Декелія,دحیکیلیا کانتونمینٹ,Căn cứ quân sự Dhekelia,泽凯利亚军营,德凱利亞軍營,Unrecognized,1,Admin-0 dependency,Admin-0 dependency,Admin-0 dependency,,Admin-0 dependency,,,,,,Admin-0 dependency,Admin-0 dependency,,,,,,,Admin-0 dependency,,,Admin-0 dependency,,Admin-0 dependency,,Admin-0 dependency,Admin-0 dependency,Admin-0 dependency,Admin-0 dependency,Admin-0 dependency,,Admin-0 dependency,,,,,,,,,,,,,,,,,,,,,,,,,,,,,,,,,,,,,,,,,,,,,,,,,,,,,,,,,,,,,,,,,,,,,,,,,,,,,,,,,,,,,
Admin-0 country,1,5.0,Cyprus,CYP,0.0,2.0,Sovereign country,1,Cyprus,CYP,0.0,Cyprus,CYP,0.0,Cyprus,CYP,0.0,Cyprus,Cyprus,CYP,Cyprus,,Cyp.,CY,Republic of Cyprus,,Cyprus,,,Cyprus,,1.0,2.0,3.0,7.0,1198575.0,12.0,2019.0,24948.0,2019.0,6. Developing region,2. High income: nonOECD,CY,CY,CY,CYP,CYP,196,196,196,CY,CYP,-90.0,23424994.0,WOE lists as subunit of united Cyprus,CYP,,CYP,CYP,CYP,CYP,CYP,CYP,CYP,CYP,CYP,CYP,CYP,CYP,CYP,CYP,CYP,CYP,CYP,CYP,CYP,CYP,CYP,CYP,CYP,CYP,CYP,CYP,CYP,CYP,CYP,CYP,CYP,CYP,-99.0,-99.0,Asia,Asia,Western Asia,Europe & Central Asia,6.0,6.0,4.0,-99.0,1.0,0.0,4.5,9.5,33.084182,34.913329,1159320533.0,Q229,قبرص,সাইপ্রাস,Republik Zypern,Cyprus,Chipre,قبرس,Chypre,Κύπρος,קפריסין,साइप्रस,Ciprus,Siprus,Cipro,キプロス,키프로스,Cyprus,Cypr,Chipre,Кипр,Cypern,Kıbrıs Cumhuriyeti,Кіпр,قبرص,Cộng hòa Síp,塞浦路斯,賽普勒斯,Admin-0 country,,Admin-0 country,,,,,,,,,,,,,,,,,,,,,,,,,,,,,,,,,,,,,,,,,,,,,,,,,,,,,,,,,,,,,,,,,,,,,,,,,,,,,,,,,,,,,,,,,,,,,,,,,,,,,,,,,,,,,,,,,,,,
Admin-0 country,0,2.0,India,IND,0.0,2.0,Sovereign country,1,India,IND,0.0,India,IND,0.0,India,IND,0.0,India,India,IND,India,,India,IND,Republic of India,,India,,,India,,1.0,3.0,2.0,2.0,1366417754.0,18.0,2019.0,2868929.0,2019.0,3. Emerging region: BRIC,4. Lower middle income,IN,IN,IN,IND,IND,356,356,356,IN,IND,23424848.0,23424848.0,Exact WOE match as country,IND,,IND,IND,IND,IND,IND,IND,IND,IND,IND,IND,IND,IND,IND,IND,IND,IND,IND,IND,IND,IND,IND,IND,IND,IND,IND,IND,IND,IND,IND,IND,IND,IND,-99.0,-99.0,Asia,Asia,Southern Asia,South Asia,5.0,5.0,5.0,-99.0,1.0,0.0,1.7000000000000002,6.7,79.358105,22.686852000000002,1159320847.0,Q668,الهند,ভারত,Indien,India,India,هند,Inde,Ινδία,הודו,भारत,India,India,India,インド,인도,India,Indie,Índia,Индия,Indien,Hindistan,Індія,بھارت,Ấn Độ,印度,印度,Admin-0 country,,Admin-0 country,,,,,,,,,,,,,,,,,,,,,,,,,,,,,,,,,,,,,,,,,,,,,,,,,,,,,,,,,,,,,,,,,,,,,,,,,,,,,,,,,,,,,,,,,,,,,,,,,,,,,,,,,,,,,,,,,,,,
Admin-0 country,0,4.0,Israel,IS1,1.0,2.0,Disputed,1,Israel,ISR,0.0,Israel,ISR,0.0,Israel,ISR,1.0,Israel,Israel,ISR,Israel,,Isr.,IS,State of Israel,,Israel,,,Israel,,3.0,2.0,5.0,9.0,9053300.0,13.0,2019.0,394652.0,2019.0,2. Developed region: nonG7,1. High income: OECD,-99,IL,IL,ISR,ISR,376,376,376,IL,ISR,23424852.0,23424852.0,Exact WOE match as country,ISR,,ISR,ISR,ISR,ISR,ISR,ISR,ISR,ISR,ISR,PSX,ISR,ISR,ISR,ISR,ISR,PSX,ISR,ISR,ISR,ISR,ISR,ISR,ISR,ISR,ISR,ISR,ISR,ISR,ISR,ISR,PSX,ISR,-99.0,-99.0,Asia,Asia,Western Asia,Middle East & North Africa,6.0,6.0,4.0,-99.0,1.0,0.0,3.0,8.0,34.847915,30.911148,1159320895.0,Q801,إسرائيل,ইসরায়েল,Israel,Israel,Israel,اسرائیل,Israël,Ισραήλ,ישראל,इज़राइल,Izrael,Israel,Israele,イスラエル,이스라엘,Israël,Izrael,Israel,Израиль,Israel,İsrail,Ізраїль,اسرائیل,Israel,以色列,以色列,Admin-0 country,,Admin-0 country,,,,,,,,,Unrecognized,,,,,,Unrecognized,,,,,,,,,,,,,,,Unrecognized,,,,,,,,,,,,,,,,,,,,,,,,,,,,,,,,,,,,,,,,,,,,,,,,,,,,,,,,,,,,,,,,,,,,,,,,,,,,,,,,,,,,,,
Admin-0 country,0,5.0,Israel,IS1,1.0,2.0,Indeterminate,1,Palestine,PSX,0.0,Palestine,PSX,0.0,Palestine,PSX,0.0,Palestine,Palestine,PSX,Palestine,,Pal.,PAL,West Bank and Gaza,,,,Partial self-admin.,Palestine (West Bank and Gaza),,3.0,2.0,5.0,8.0,4685306.0,12.0,2019.0,16276.0,2018.0,6. Developing region,4. Lower middle income,-99,PS,PS,PSE,PSE,275,275,275,GZ,WBG,28289408.0,28289408.0,Exact WOE match as country,PSX,,PSX,PSX,PSX,PSX,PSX,PSX,PSX,PSX,PSX,PSX,PSX,PSX,PSX,PSX,PSX,PSX,PSX,PSX,PSX,PSX,PSX,PSX,PSX,PSX,PSX,PSX,PSX,PSX,PSX,PSX,PSX,PSX,-99.0,-99.0,Asia,Asia,Western Asia,Middle East & North Africa,9.0,9.0,4.0,-99.0,-99.0,7.0,4.5,9.5,35.291341,32.047431,1159320899.0,Q23792,فلسطين,ফিলিস্তিন অঞ্চল,Palästina,Palestine,Palestina,فلسطین,Palestine,Παλαιστίνη,ארץ ישראל,फ़िलिस्तीनी राज्यक्षेत्र,Palesztina,Palestina,Palestina,パレスチナ,팔레스타인,Palestina,Palestyna,Palestina,Палестина,Palestina,Filistin,Палестина,فلسطین,Palestine,巴勒斯坦,巴勒斯坦地區,Admin-0 dependency,,Admin-0 dependency,,,,,,,,,Admin-0 country,,,,,Admin-0 country,Admin-0 country,,,,,,,,,,,,,,,Admin-0 country,,,,,,,,,,,,,,,,,,,,,,,,,,,,,,,,,,,,,,,,,,,,,,,,,,,,,,,,,,,,,,,,,,,,,,,,,,,,,,,,,,,,,,
Admin-0 country,0,5.0,Lebanon,LBN,0.0,2.0,Sovereign country,1,Lebanon,LBN,0.0,Lebanon,LBN,0.0,Lebanon,LBN,0.0,Lebanon,Lebanon,LBN,Lebanon,,Leb.,LB,Lebanese Republic,,Lebanon,,,Lebanon,,4.0,4.0,4.0,12.0,6855713.0,13.0,2019.0,51991.0,2019.0,6. Developing region,3. Upper middle income,LE,LB,LB,LBN,LBN,422,422,422,LB,LBN,23424873.0,23424873.0,Exact WOE match as country,LBN,,LBN,LBN,LBN,LBN,LBN,LBN,LBN,LBN,LBN,LBN,LBN,LBN,LBN,LBN,LBN,LBN,LBN,LBN,LBN,LBN,LBN,LBN,LBN,LBN,LBN,LBN,LBN,LBN,LBN,LBN,LBN,LBN,-99.0,-99.0,Asia,Asia,Western Asia,Middle East & North Africa,7.0,7.0,4.0,4.0,1.0,0.0,4.0,9.0,35.992892,34.133368,1159321013.0,Q822,لبنان,লেবানন,Libanon,Lebanon,Líbano,لبنان,Liban,Λίβανος,לבנון,लेबनान,Libanon,Lebanon,Libano,レバノン,레바논,Libanon,Liban,Líbano,Ливан,Libanon,Lübnan,Ліван,لبنان,Liban,黎巴嫩,黎巴嫩,Admin-0 country,,Admin-0 country,,,,,,,,,,,,,,,,,,,,,,,,,,,,,,,,,,,,,,,,,,,,,,,,,,,,,,,,,,,,,,,,,,,,,,,,,,,,,,,,,,,,,,,,,,,,,,,,,,,,,,,,,,,,,,,,,,,,
Admin-0 country,0,2.0,Ethiopia,ETH,0.0,2.0,Sovereign country,1,Ethiopia,ETH,0.0,Ethiopia,ETH,0.0,Ethiopia,ETH,0.0,Ethiopia,Ethiopia,ETH,Ethiopia,,Eth.,ET,Federal Democratic Republic of Ethiopia,,Ethiopia,,,Ethiopia,,4.0,4.0,1.0,13.0,112078730.0,17.0,2019.0,95912.0,2019.0,7. Least developed region,5. Low income,ET,ET,ET,ETH,ETH,231,231,231,ET,ETH,23424808.0,23424808.0,Exact WOE match as country,ETH,,ETH,ETH,ETH,ETH,ETH,ETH,ETH,ETH,ETH,ETH,ETH,ETH,ETH,ETH,ETH,ETH,ETH,ETH,ETH,ETH,ETH,ETH,ETH,ETH,ETH,ETH,ETH,ETH,ETH,ETH,ETH,ETH,-99.0,-99.0,Africa,Africa,Eastern Africa,Sub-Saharan Africa,8.0,8.0,4.0,-99.0,1.0,0.0,2.0,7.0,39.0886,8.032795,1159320617.0,Q115,إثيوبيا,ইথিওপিয়া,Äthiopien,Ethiopia,Etiopía,اتیوپی,Éthiopie,Αιθιοπία,אתיופיה,इथियोपिया,Etiópia,Ethiopia,Etiopia,エチオピア,에티오피아,Ethiopië,Etiopia,Etiópia,Эфиопия,Etiopien,Etiyopya,Ефіопія,ایتھوپیا,Ethiopia,埃塞俄比亚,衣索比亞,Admin-0 country,,Admin-0 country,,,,,,,,,,,,,,,,,,,,,,,,,,,,,,,,,,,,,,,,,,,,,,,,,,,,,,,,,,,,,,,,,,,,,,,,,,,,,,,,,,,,,,,,,,,,,,,,,,,,,,,,,,,,,,,,,,,,
Admin-0 country,0,3.0,South Sudan,SDS,0.0,2.0,Sovereign country,1,South Sudan,SDS,0.0,South Sudan,SDS,0.0,South Sudan,SDS,0.0,South Sudan,South Sudan,SDS,S. Sudan,,S. Sud.,SS,Republic of South Sudan,,South Sudan,,,South Sudan,,1.0,3.0,3.0,5.0,11062113.0,14.0,2019.0,11998.0,2015.0,7. Least developed region,5. Low income,-99,SS,SS,SSD,SSD,728,728,728,SS,SSD,-99.0,-99.0,"Includes states of 20069899, 20069897, 20069898, 20069901, 20069909, and 20069908 but maybe more?",SSD,1,SDS,SDS,SDS,SDS,SDS,SDS,SDS,SDS,SDS,SDS,SDS,SDS,SDS,SDS,SDS,SDS,SDS,SDS,SDS,SDS,SDS,SDS,SDS,SDS,SDS,SDS,SDS,SDS,SDS,SDS,SDS,SDS,-99.0,-99.0,Africa,Africa,Eastern Africa,Sub-Saharan Africa,8.0,11.0,7.0,-99.0,1.0,0.0,3.0,8.0,30.390151,7.230477,1159321235.0,Q958,جنوب السودان,দক্ষিণ সুদান,Südsudan,South Sudan,Sudán del Sur,سودان جنوبی,Soudan du Sud,Νότιο Σουδάν,דרום סודאן,दक्षिण सूडान,Dél-Szudán,Sudan Selatan,Sudan del Sud,南スーダン,남수단,Zuid-Soedan,Sudan Południowy,Sudão do Sul,Южный Судан,Sydsudan,Güney Sudan,Південний Судан,جنوبی سوڈان,Nam Sudan,南苏丹,南蘇丹,Admin-0 country,,Admin-0 country,,,,,,,,,,,,,,,,,,,,,,,,,,,,,,,,,,,,,,,,,,,,,,,,,,,,,,,,,,,,,,,,,,,,,,,,,,,,,,,,,,,,,,,,,,,,,,,,,,,,,,,,,,,,,,,,,,,,
Admin-0 country,0,6.0,Somalia,SOM,0.0,2.0,Sovereign country,1,Somalia,SOM,0.0,Somalia,SOM,0.0,Somalia,SOM,0.0,Somalia,Somalia,SOM,Somalia,,Som.,SO,Federal Republic of Somalia,,Somalia,,,Somalia,,2.0,8.0,6.0,7.0,10192317.3,14.0,2019.0,4719.0,2016.0,7. Least developed region,5. Low income,SO,SO,SO,SOM,SOM,706,706,706,SO,SOM,-90.0,23424949.0,"Includes Somaliland (2347021, 2347020, 2347017 and portion of 2347016)",SOM,,SOM,SOM,SOM,SOM,SOM,SOM,SOM,SOM,SOM,SOM,SOM,SOM,SOM,SOM,SOM,SOM,SOM,SOM,SOM,SOM,SOM,SOM,SOM,SOM,SOM,SOM,SOM,SOM,SOM,SOM,SOM,SOM,-99.0,-99.0,Africa,Africa,Eastern Africa,Sub-Saharan Africa,7.0,7.0,4.0,-99.0,1.0,0.0,4.0,9.0,45.19238,3.568925,1159321261.0,Q1045,الصومال,সোমালিয়া,Somalia,Somalia,Somalia,سومالی,Somalie,Σομαλία,סומליה,सोमालिया,Szomália,Somalia,Somalia,ソマリア,소말리아,Somalië,Somalia,Somália,Сомали,Somalia,Somali,Сомалі,صومالیہ,Somalia,索马里,索馬利亞,Admin-0 country,,Admin-0 country,,,,,,,,,,,,,,,,,,,,,,,,,,,,,,,,,,,,,,,,,,,,,,,,,,,,,,,,,,,,,,,,,,,,,,,,,,,,,,,,,,,,,,,,,,,,,,,,,,,,,,,,,,,,,,,,,,,,
Admin-0 country,0,2.0,Kenya,KEN,0.0,2.0,Sovereign country,1,Kenya,KEN,0.0,Kenya,KEN,0.0,Kenya,KEN,0.0,Kenya,Kenya,KEN,Kenya,,Ken.,KE,Republic of Kenya,,Kenya,,,Kenya,,5.0,2.0,7.0,3.0,52573973.0,16.0,2019.0,95503.0,2019.0,5. Emerging region: G20,5. Low income,KE,KE,KE,KEN,KEN,404,404,404,KE,KEN,23424863.0,23424863.0,Exact WOE match as country,KEN,,KEN,KEN,KEN,KEN,KEN,KEN,KEN,KEN,KEN,KEN,KEN,KEN,KEN,KEN,KEN,KEN,KEN,KEN,KEN,KEN,KEN,KEN,KEN,KEN,KEN,KEN,KEN,KEN,KEN,KEN,KEN,KEN,-99.0,-99.0,Africa,Africa,Eastern Africa,Sub-Saharan Africa,5.0,5.0,4.0,-99.0,1.0,0.0,1.7000000000000002,6.7,37.907632,0.549043,1159320971.0,Q114,كينيا,কেনিয়া,Kenia,Kenya,Kenia,کنیا,Kenya,Κένυα,קניה,कीनिया,Kenya,Kenya,Kenya,ケニア,케냐,Kenia,Kenia,Quénia,Кения,Kenya,Kenya,Кенія,کینیا,Kenya,肯尼亚,肯亞,Admin-0 country,,Admin-0 country,,,,,,,,,,,,,,,,,,,,,,,,,,,,,,,,,,,,,,,,,,,,,,,,,,,,,,,,,,,,,,,,,,,,,,,,,,,,,,,,,,,,,,,,,,,,,,,,,,,,,,,,,,,,,,,,,,,,
Admin-0 country,0,6.0,Malawi,MWI,0.0,2.0,Sovereign country,1,Malawi,MWI,0.0,Malawi,MWI,0.0,Malawi,MWI,0.0,Malawi,Malawi,MWI,Malawi,,Mal.,MW,Republic of Malawi,,Malawi,,,Malawi,,1.0,3.0,4.0,5.0,18628747.0,14.0,2019.0,7666.0,2019.0,7. Least developed region,5. Low income,MI,MW,MW,MWI,MWI,454,454,454,MW,MWI,23424889.0,23424889.0,Exact WOE match as country,MWI,,MWI,MWI,MWI,MWI,MWI,MWI,MWI,MWI,MWI,MWI,MWI,MWI,MWI,MWI,MWI,MWI,MWI,MWI,MWI,MWI,MWI,MWI,MWI,MWI,MWI,MWI,MWI,MWI,MWI,MWI,MWI,MWI,-99.0,-99.0,Africa,Africa,Eastern Africa,Sub-Saharan Africa,6.0,6.0,4.0,-99.0,1.0,0.0,4.0,9.0,33.608082,-13.386737,1159321081.0,Q1020,مالاوي,মালাউই,Malawi,Malawi,Malaui,مالاوی,Malawi,Μαλάουι,מלאווי,मलावी,Malawi,Malawi,Malawi,マラウイ,말라위,Malawi,Malawi,Malawi,Малави,Malawi,Malavi,Малаві,ملاوی,Malawi,马拉维,馬拉威,Admin-0 country,,Admin-0 country,,,,,,,,,,,,,,,,,,,,,,,,,,,,,,,,,,,,,,,,,,,,,,,,,,,,,,,,,,,,,,,,,,,,,,,,,,,,,,,,,,,,,,,,,,,,,,,,,,,,,,,,,,,,,,,,,,,,
Admin-0 country,0,3.0,United Republic of Tanzania,TZA,0.0,2.0,Sovereign country,1,United Republic of Tanzania,TZA,0.0,Tanzania,TZA,0.0,Tanzania,TZA,0.0,Tanzania,Tanzania,TZA,Tanzania,,Tanz.,TZ,United Republic of Tanzania,,Tanzania,,,Tanzania,,3.0,6.0,2.0,2.0,58005463.0,16.0,2019.0,63177.0,2019.0,7. Least developed region,5. Low income,TZ,TZ,TZ,TZA,TZA,834,834,834,TZ,TZA,23424973.0,23424973.0,Exact WOE match as country,TZA,,TZA,TZA,TZA,TZA,TZA,TZA,TZA,TZA,TZA,TZA,TZA,TZA,TZA,TZA,TZA,TZA,TZA,TZA,TZA,TZA,TZA,TZA,TZA,TZA,TZA,TZA,TZA,TZA,TZA,TZA,TZA,TZA,-99.0,-99.0,Africa,Africa,Eastern Africa,Sub-Saharan Africa,8.0,8.0,5.0,-99.0,1.0,0.0,3.0,8.0,34.959183,-6.051866,1159321337.0,Q924,تنزانيا,তানজানিয়া,Tansania,Tanzania,Tanzania,تانزانیا,Tanzanie,Τανζανία,טנזניה,तंज़ानिया,Tanzánia,Tanzania,Tanzania,タンザニア,탄자니아,Tanzania,Tanzania,Tanzânia,Танзания,Tanzania,Tanzanya,Танзанія,تنزانیہ,Tanzania,坦桑尼亚,坦尚尼亞,Admin-0 country,,Admin-0 country,,,,,,,,,,,,,,,,,,,,,,,,,,,,,,,,,,,,,,,,,,,,,,,,,,,,,,,,,,,,,,,,,,,,,,,,,,,,,,,,,,,,,,,,,,,,,,,,,,,,,,,,,,,,,,,,,,,,
Admin-0 country,0,3.0,Syria,SYR,0.0,2.0,Sovereign country,1,Syria,SYR,0.0,Syria,SYR,0.0,Syria,SYR,0.0,Syria,Syria,SYR,Syria,,Syria,SYR,Syrian Arab Republic,,Syria,,,Syrian Arab Republic,,2.0,6.0,2.0,6.0,17070135.0,14.0,2019.0,98830.0,2015.0,6. Developing region,4. Lower middle income,SY,SY,SY,SYR,SYR,760,760,760,SY,SYR,23424956.0,23424956.0,Exact WOE match as country,SYR,,SYR,SYR,SYR,SYR,SYR,SYR,SYR,SYR,SYR,SYR,SYR,SYR,SYR,SYR,SYR,SYR,SYR,SYR,SYR,SYR,SYR,SYR,SYR,SYR,SYR,SYR,SYR,SYR,SYR,SYR,SYR,SYR,-99.0,-99.0,Asia,Asia,Western Asia,Middle East & North Africa,5.0,5.0,5.0,-99.0,1.0,0.0,3.0,8.0,38.277783,35.006636,1159321295.0,Q858,سوريا,সিরিয়া,Syrien,Syria,Siria,سوریه,Syrie,Συρία,סוריה,सीरिया,Szíria,Suriah,Siria,シリア,시리아,Syrië,Syria,Síria,Сирия,Syrien,Suriye,Сирія,سوریہ,Syria,叙利亚,敘利亞,Admin-0 country,,Admin-0 country,,,,,,,,,,,,,,,,,,,,,,,,,,,,,,,,,,,,,,,,,,,,,,,,,,,,,,,,,,,,,,,,,,,,,,,,,,,,,,,,,,,,,,,,,,,,,,,,,,,,,,,,,,,,,,,,,,,,
Admin-0 country,0,5.0,Somaliland,SOL,0.0,2.0,Sovereign country,1,Somaliland,SOL,0.0,Somaliland,SOL,0.0,Somaliland,SOL,0.0,Somaliland,Somaliland,SOL,Somaliland,,Solnd.,SL,Republic of Somaliland,,,Disputed,Self admin.; Claimed by Somalia,Somaliland,,3.0,6.0,5.0,2.0,5096159.0,13.0,2014.0,17836.0,2013.0,6. Developing region,4. Lower middle income,-99,-99,-99,-99,-99,-99,-99,-099,-99,-99,-99.0,-99.0,"Includes old states of 2347021, 2347020, 2347017 and portion of 2347016.",SOM,1,SOL,SOM,SOM,SOM,SOM,SOM,SOL,SOM,SOM,SOM,SOM,SOM,SOM,SOM,SOM,SOM,SOM,SOM,SOM,SOM,SOM,SOM,SOM,SOM,SOM,SOM,SOM,SOM,SOM,SOM,SOM,SOM,-99.0,-99.0,Africa,Africa,Eastern Africa,Sub-Saharan Africa,10.0,10.0,6.0,-99.0,1.0,4.0,4.5,9.0,46.731595,9.443889,1159321259.0,Q34754,صوماليلاند,সোমালিল্যান্ড,Somaliland,Somaliland,Somalilandia,سومالیلند,Somaliland,Σομαλιλάνδη,סומלילנד,सोमालीदेश,Szomáliföld,Somaliland,Somaliland,ソマリランド,소말릴란드,Somaliland,Somaliland,Somalilândia,Сомалиленд,Somaliland,Somaliland,Сомаліленд,صومالی لینڈ,Somaliland,索马里兰,索馬利蘭,Unrecognized,1,Admin-0 country,Unrecognized,Unrecognized,Unrecognized,Unrecognized,Unrecognized,Admin-0 country,Unrecognized,Unrecognized,Unrecognized,Unrecognized,Unrecognized,Unrecognized,Unrecognized,Unrecognized,Unrecognized,Unrecognized,Unrecognized,Unrecognized,Unrecognized,Unrecognized,Unrecognized,Unrecognized,Unrecognized,Unrecognized,Unrecognized,Unrecognized,Unrecognized,Unrecognized,Unrecognized,Unrecognized,Unrecognized,,,,,,,,,,,,,,,,,,,,,,,,,,,,,,,,,,,,,,,,,,,,,,,,,,,,,,,,,,,,,,,,,,,,,,,,,,,,,,,,,,,,,
Admin-0 country,0,4.0,Suriname,SUR,0.0,2.0,Sovereign country,1,Suriname,SUR,0.0,Suriname,SUR,0.0,Suriname,SUR,0.0,Suriname,Suriname,SUR,Suriname,,Sur.,SR,Republic of Suriname,,Suriname,,,Suriname,,1.0,4.0,7.0,6.0,581363.0,11.0,2019.0,3697.0,2019.0,6. Developing region,3. Upper middle income,NS,SR,SR,SUR,SUR,740,740,740,SR,SUR,23424913.0,23424913.0,Exact WOE match as country,SUR,,SUR,SUR,SUR,SUR,SUR,SUR,SUR,SUR,SUR,SUR,SUR,SUR,SUR,SUR,SUR,SUR,SUR,SUR,SUR,SUR,SUR,SUR,SUR,SUR,SUR,SUR,SUR,SUR,SUR,SUR,SUR,SUR,-99.0,-99.0,South America,Americas,South America,Latin America & Caribbean,8.0,8.0,4.0,-99.0,1.0,0.0,4.0,9.0,-55.91094,4.143987,1159321281.0,Q730,سورينام,সুরিনাম,Suriname,Suriname,Surinam,سورینام,Suriname,Σουρινάμ,סורינאם,सूरीनाम,Suriname,Suriname,Suriname,スリナム,수리남,Suriname,Surinam,Suriname,Суринам,Surinam,Surinam,Суринам,سرینام,Suriname,苏里南,蘇利南,Admin-0 country,,Admin-0 country,,,,,,,,,,,,,,,,,,,,,,,,,,,,,,,,,,,,,,,,,,,,,,,,,,,,,,,,,,,,,,,,,,,,,,,,,,,,,,,,,,,,,,,,,,,,,,,,,,,,,,,,,,,,,,,,,,,,
Admin-0 country,0,4.0,Guyana,GUY,0.0,2.0,Sovereign country,1,Guyana,GUY,0.0,Guyana,GUY,0.0,Guyana,GUY,0.0,Guyana,Guyana,GUY,Guyana,,Guy.,GY,Co-operative Republic of Guyana,,Guyana,,,Guyana,,3.0,1.0,4.0,8.0,782766.0,11.0,2019.0,5173.0,2019.0,6. Developing region,4. Lower middle income,GY,GY,GY,GUY,GUY,328,328,328,GY,GUY,23424836.0,23424836.0,Exact WOE match as country,GUY,,GUY,GUY,GUY,GUY,GUY,GUY,GUY,GUY,GUY,GUY,GUY,GUY,GUY,GUY,GUY,GUY,GUY,GUY,GUY,GUY,GUY,GUY,GUY,GUY,GUY,GUY,GUY,GUY,GUY,GUY,GUY,GUY,-99.0,-99.0,South America,Americas,South America,Latin America & Caribbean,6.0,6.0,4.0,-99.0,1.0,0.0,4.0,9.0,-58.942643,5.124317,1159320817.0,Q734,غيانا,গায়ানা,Guyana,Guyana,Guyana,گویان,Guyana,Γουιάνα,גיאנה,गयाना,Guyana,Guyana,Guyana,ガイアナ,가이아나,Guyana,Gujana,Guiana,Гайана,Guyana,Guyana,Гаяна,گیانا,Guyana,圭亚那,圭亞那,Admin-0 country,,Admin-0 country,,,,,,,,,,,,,,,,,,,,,,,,,,,,,,,,,,,,,,,,,,,,,,,,,,,,,,,,,,,,,,,,,,,,,,,,,,,,,,,,,,,,,,,,,,,,,,,,,,,,,,,,,,,,,,,,,,,,
Admin-0 country,0,2.0,South Korea,KOR,0.0,2.0,Sovereign country,1,South Korea,KOR,0.0,South Korea,KOR,0.0,South Korea,KOR,0.0,South Korea,Republic of Korea,KOR,Republic of Korea,,S.K.,KR,Republic of Korea,,"Korea, South",,,"Korea, Rep.",,4.0,1.0,1.0,5.0,51709098.0,16.0,2019.0,1646739.0,2019.0,4. Emerging region: MIKT,1. High income: OECD,KS,KR,KR,KOR,KOR,410,410,410,KR,KOR,23424868.0,23424868.0,Exact WOE match as country,KOR,,KOR,KOR,KOR,KOR,KOR,KOR,KOR,KOR,KOR,KOR,KOR,KOR,KOR,KOR,KOR,KOR,KOR,KOR,KOR,KOR,KOR,KOR,KOR,KOR,KOR,KOR,KOR,KOR,KOR,KOR,KOR,KOR,-99.0,-99.0,Asia,Asia,Eastern Asia,East Asia & Pacific,11.0,17.0,4.0,-99.0,1.0,0.0,2.5,7.0,128.129504,36.384924,1159320985.0,Q884,كوريا الجنوبية,দক্ষিণ কোরিয়া,Südkorea,South Korea,Corea del Sur,کره جنوبی,Corée du Sud,Νότια Κορέα,קוריאה הדרומית,दक्षिण कोरिया,Dél-Korea,Korea Selatan,Corea del Sud,大韓民国,대한민국,Zuid-Korea,Korea Południowa,Coreia do Sul,Республика Корея,Sydkorea,Güney Kore,Південна Корея,جنوبی کوریا,Hàn Quốc,大韩民国,大韓民國,Admin-0 country,,Admin-0 country,,,,,,,,,,,,,,,,,,,,,,,,,,,,,,,,,,,,,,,,,,,,,,,,,,,,,,,,,,,,,,,,,,,,,,,,,,,,,,,,,,,,,,,,,,,,,,,,,,,,,,,,,,,,,,,,,,,,
Admin-0 country,0,3.0,North Korea,PRK,0.0,2.0,Sovereign country,1,North Korea,PRK,0.0,North Korea,PRK,0.0,North Korea,PRK,0.0,North Korea,Dem. Rep. Korea,PRK,Dem. Rep. Korea,,N.K.,KP,Democratic People's Republic of Korea,,"Korea, North",,,"Korea, Dem. Rep.",,3.0,5.0,3.0,9.0,25666161.0,15.0,2019.0,40000.0,2016.0,7. Least developed region,5. Low income,KN,KP,KP,PRK,PRK,408,408,408,KP,PRK,23424865.0,23424865.0,Exact WOE match as country,PRK,,PRK,PRK,PRK,PRK,PRK,PRK,PRK,PRK,PRK,PRK,PRK,PRK,PRK,PRK,PRK,PRK,PRK,PRK,PRK,PRK,PRK,PRK,PRK,PRK,PRK,PRK,PRK,PRK,PRK,PRK,PRK,PRK,-99.0,-99.0,Asia,Asia,Eastern Asia,East Asia & Pacific,11.0,15.0,4.0,-99.0,1.0,0.0,3.0,8.0,126.444516,39.885252,1159321181.0,Q423,كوريا الشمالية,উত্তর কোরিয়া,Nordkorea,North Korea,Corea del Norte,کره شمالی,Corée du Nord,Βόρεια Κορέα,קוריאה הצפונית,उत्तर कोरिया,Észak-Korea,Korea Utara,Corea del Nord,朝鮮民主主義人民共和国,조선민주주의인민공화국,Noord-Korea,Korea Północna,Coreia do Norte,КНДР,Nordkorea,Kuzey Kore,Корейська Народно-Демократична Республіка,شمالی کوریا,Cộng hòa Dân chủ Nhân dân Triều Tiên,朝鲜民主主义人民共和国,朝鮮民主主義人民共和國,Admin-0 country,,Admin-0 country,,,,,,,,,,,,,,,,,,,,,,,,,,,,,,,,,,,,,,,,,,,,,,,,,,,,,,,,,,,,,,,,,,,,,,,,,,,,,,,,,,,,,,,,,,,,,,,,,,,,,,,,,,,,,,,,,,,,
Admin-0 country,0,3.0,Morocco,MAR,0.0,2.0,Sovereign country,1,Morocco,MAR,0.0,Morocco,MAR,0.0,Morocco,MAR,0.0,Morocco,Morocco,MAR,Morocco,,Mor.,MA,Kingdom of Morocco,,Morocco,,,Morocco,,2.0,2.0,3.0,9.0,36471769.0,15.0,2019.0,119700.0,2019.0,6. Developing region,4. Lower middle income,MO,MA,MA,MAR,MAR,504,504,504,MA,MAR,23424893.0,23424893.0,Exact WOE match as country,MAR,,MAR,MAR,MAR,MAR,MAR,MAR,MAR,MAR,MAR,MAR,MAR,MAR,MAR,MAR,MAR,MAR,MAR,MAR,MAR,MAR,MAR,MAR,MAR,MAR,MAR,MAR,MAR,MAR,MAR,MAR,MAR,MAR,-99.0,-99.0,Africa,Africa,Northern Africa,Middle East & North Africa,7.0,7.0,4.0,-99.0,1.0,0.0,2.7,8.0,-7.187296,31.650723,1159321035.0,Q1028,المغرب,মরক্কো,Marokko,Morocco,Marruecos,مراکش,Maroc,Μαρόκο,מרוקו,मोरक्को,Marokkó,Maroko,Marocco,モロッコ,모로코,Marokko,Maroko,Marrocos,Марокко,Marocko,Fas,Марокко,مراکش,Maroc,摩洛哥,摩洛哥,Admin-0 country,,Admin-0 country,,,,,,,,,,,,,,,,,,,,,,,,,,,,,,,,,,,,,,,,,,,,,,,,,,,,,,,,,,,,,,,,,,,,,,,,,,,,,,,,,,,,,,,,,,,,,,,,,,,,,,,,,,,,,,,,,,,,
Admin-0 country,0,7.0,Western Sahara,SAH,0.0,2.0,Indeterminate,1,Western Sahara,SAH,0.0,Western Sahara,SAH,0.0,Western Sahara,SAH,1.0,Western Sahara,Western Sahara,B28,W. Sahara,,W. Sah.,WS,Sahrawi Arab Democratic Republic,,Western Sahara,,Self admin.; Claimed by Morocco,Western Sahara,,4.0,7.0,4.0,4.0,603253.0,11.0,2017.0,907.0,2007.0,7. Least developed region,5. Low income,WI,EH,EH,ESH,ESH,732,732,732,-99,-99,23424990.0,23424990.0,Exact WOE match as country,B28,,B28,SAH,MAR,SAH,SAH,SAH,SAH,MAR,SAH,SAH,SAH,SAH,SAH,SAH,MAR,MAR,SAH,MAR,SAH,SAH,SAH,SAH,SAH,MAR,MAR,MAR,SAH,SAH,MAR,SAH,SAH,SAH,-99.0,-99.0,Africa,Africa,Northern Africa,Middle East & North Africa,9.0,14.0,7.0,-99.0,1.0,4.7,6.0,11.0,-12.630304,23.967592,1159321223.0,Q6250,الصحراء الغربية,পশ্চিম সাহারা,Westsahara,Western Sahara,Sahara Occidental,صحرای غربی,Sahara occidental,Δυτική Σαχάρα,סהרה המערבית,पश्चिमी सहारा,Nyugat-Szahara,Sahara Barat,Sahara Occidentale,西サハラ,서사하라,Westelijke Sahara,Sahara Zachodnia,Sara Ocidental,Западная Сахара,Västsahara,Batı Sahra,Західна Сахара,مغربی صحارا,Tây Sahara,西撒哈拉,西撒哈拉,Admin-0 dependency,,Admin-0 dependency,,Unrecognized,,,,,Unrecognized,,,,,,,Unrecognized,Unrecognized,,Unrecognized,,,,,,Unrecognized,Unrecognized,Unrecognized,,,Unrecognized,,,,,,,,,,,,,,,,,,,,,,,,,,,,,,,,,,,,,,,,,,,,,,,,,,,,,,,,,,,,,,,,,,,,,,,,,,,,,,,,,,,,,,,,
Admin-0 country,0,5.0,Costa Rica,CRI,0.0,2.0,Sovereign country,1,Costa Rica,CRI,0.0,Costa Rica,CRI,0.0,Costa Rica,CRI,0.0,Costa Rica,Costa Rica,CRI,Costa Rica,,C.R.,CR,Republic of Costa Rica,,Costa Rica,,,Costa Rica,,3.0,2.0,4.0,2.0,5047561.0,13.0,2019.0,61801.0,2019.0,5. Emerging region: G20,3. Upper middle income,CS,CR,CR,CRI,CRI,188,188,188,CR,CRI,23424791.0,23424791.0,Exact WOE match as country,CRI,,CRI,CRI,CRI,CRI,CRI,CRI,CRI,CRI,CRI,CRI,CRI,CRI,CRI,CRI,CRI,CRI,CRI,CRI,CRI,CRI,CRI,CRI,CRI,CRI,CRI,CRI,CRI,CRI,CRI,CRI,CRI,CRI,-99.0,-99.0,North America,Americas,Central America,Latin America & Caribbean,10.0,10.0,4.0,-99.0,1.0,0.0,2.5,8.0,-84.077922,10.0651,1159320525.0,Q800,كوستاريكا,কোস্টা রিকা,Costa Rica,Costa Rica,Costa Rica,کاستاریکا,Costa Rica,Κόστα Ρίκα,קוסטה ריקה,कोस्टा रीका,Costa Rica,Kosta Rika,Costa Rica,コスタリカ,코스타리카,Costa Rica,Kostaryka,Costa Rica,Коста-Рика,Costa Rica,Kosta Rika,Коста-Рика,کوسٹاریکا,Costa Rica,哥斯达黎加,哥斯大黎加,Admin-0 country,,Admin-0 country,,,,,,,,,,,,,,,,,,,,,,,,,,,,,,,,,,,,,,,,,,,,,,,,,,,,,,,,,,,,,,,,,,,,,,,,,,,,,,,,,,,,,,,,,,,,,,,,,,,,,,,,,,,,,,,,,,,,
Admin-0 country,0,5.0,Nicaragua,NIC,0.0,2.0,Sovereign country,1,Nicaragua,NIC,0.0,Nicaragua,NIC,0.0,Nicaragua,NIC,0.0,Nicaragua,Nicaragua,NIC,Nicaragua,,Nic.,NI,Republic of Nicaragua,,Nicaragua,,,Nicaragua,,1.0,4.0,1.0,9.0,6545502.0,13.0,2019.0,12520.0,2019.0,6. Developing region,4. Lower middle income,NU,NI,NI,NIC,NIC,558,558,558,NI,NIC,23424915.0,23424915.0,Exact WOE match as country,NIC,,NIC,NIC,NIC,NIC,NIC,NIC,NIC,NIC,NIC,NIC,NIC,NIC,NIC,NIC,NIC,NIC,NIC,NIC,NIC,NIC,NIC,NIC,NIC,NIC,NIC,NIC,NIC,NIC,NIC,NIC,NIC,NIC,-99.0,-99.0,North America,Americas,Central America,Latin America & Caribbean,9.0,9.0,4.0,-99.0,1.0,0.0,4.0,9.0,-85.069347,12.670697,1159321091.0,Q811,نيكاراغوا,নিকারাগুয়া,Nicaragua,Nicaragua,Nicaragua,نیکاراگوئه,Nicaragua,Νικαράγουα,ניקרגואה,निकारागुआ,Nicaragua,Nikaragua,Nicaragua,ニカラグア,니카라과,Nicaragua,Nikaragua,Nicarágua,Никарагуа,Nicaragua,Nikaragua,Нікарагуа,نکاراگوا,Nicaragua,尼加拉瓜,尼加拉瓜,Admin-0 country,,Admin-0 country,,,,,,,,,,,,,,,,,,,,,,,,,,,,,,,,,,,,,,,,,,,,,,,,,,,,,,,,,,,,,,,,,,,,,,,,,,,,,,,,,,,,,,,,,,,,,,,,,,,,,,,,,,,,,,,,,,,,
Admin-0 country,0,4.0,Republic of the Congo,COG,0.0,2.0,Sovereign country,1,Republic of the Congo,COG,0.0,Republic of the Congo,COG,0.0,Republic of the Congo,COG,0.0,Republic of the Congo,Republic of the Congo,COG,Republic of the Congo,,Rep. Congo,CG,Republic of the Congo,,"Congo, Republic of the",,,"Congo, Rep.",,2.0,1.0,3.0,10.0,5380508.0,13.0,2019.0,12267.0,2019.0,6. Developing region,4. Lower middle income,CF,CG,CG,COG,COG,178,178,178,CG,COG,23424779.0,23424779.0,Exact WOE match as country,COG,,COG,COG,COG,COG,COG,COG,COG,COG,COG,COG,COG,COG,COG,COG,COG,COG,COG,COG,COG,COG,COG,COG,COG,COG,COG,COG,COG,COG,COG,COG,COG,COG,-99.0,-99.0,Africa,Africa,Middle Africa,Sub-Saharan Africa,5.0,21.0,10.0,-99.0,1.0,0.0,4.0,9.0,15.900500000000001,0.14233099999999999,1159320515.0,Q971,جمهورية الكونغو,কঙ্গো প্রজাতন্ত্র,Republik Kongo,Republic of the Congo,República del Congo,جمهوری کنگو,République du Congo,Δημοκρατία του Κονγκό,הרפובליקה של קונגו,कांगो गणराज्य,Kongói Köztársaság,Republik Kongo,Repubblica del Congo,コンゴ共和国,콩고 공화국,Congo-Brazzaville,Kongo,República do Congo,Республика Конго,Kongo-Brazzaville,Kongo Cumhuriyeti,Республіка Конго,جمہوریہ کانگو,Cộng hòa Congo,刚果共和国,剛果共和國,Admin-0 country,,Admin-0 country,,,,,,,,,,,,,,,,,,,,,,,,,,,,,,,,,,,,,,,,,,,,,,,,,,,,,,,,,,,,,,,,,,,,,,,,,,,,,,,,,,,,,,,,,,,,,,,,,,,,,,,,,,,,,,,,,,,,
Admin-0 country,0,2.0,Democratic Republic of the Congo,COD,0.0,2.0,Sovereign country,1,Democratic Republic of the Congo,COD,0.0,Democratic Republic of the Congo,COD,0.0,Democratic Republic of the Congo,COD,0.0,Democratic Republic of the Congo,Democratic Republic of the Congo,COD,Democratic Republic of the Congo,,D.R.C.,DRC,Democratic Republic of the Congo,,"Congo, Democratic Republic of the",,,"Congo, Dem. Rep.",,4.0,4.0,4.0,7.0,86790567.0,16.0,2019.0,50400.0,2019.0,7. Least developed region,5. Low income,CG,CD,CD,COD,COD,180,180,180,ZR,ZAR,23424780.0,23424780.0,Exact WOE match as country,COD,,COD,COD,COD,COD,COD,COD,COD,COD,COD,COD,COD,COD,COD,COD,COD,COD,COD,COD,COD,COD,COD,COD,COD,COD,COD,COD,COD,COD,COD,COD,COD,COD,-99.0,-99.0,Africa,Africa,Middle Africa,Sub-Saharan Africa,15.0,32.0,6.0,-99.0,1.0,0.0,2.0,7.0,23.458829,-1.858167,1159320513.0,Q974,جمهورية الكونغو الديمقراطية,গণতান্ত্রিক কঙ্গো প্রজাতন্ত্র,Demokratische Republik Kongo,Democratic Republic of the Congo,República Democrática del Congo,جمهوری دموکراتیک کنگو,République démocratique du Congo,Λαϊκή Δημοκρατία του Κονγκό,הרפובליקה הדמוקרטית של קונגו,कांगो लोकतान्त्रिक गणराज्य,Kongói Demokratikus Köztársaság,Republik Demokratik Kongo,Repubblica Democratica del Congo,コンゴ民主共和国,콩고 민주 공화국,Congo-Kinshasa,Demokratyczna Republika Konga,República Democrática do Congo,Демократическая Республика Конго,Kongo-Kinshasa,Demokratik Kongo Cumhuriyeti,Демократична Республіка Конго,جمہوری جمہوریہ کانگو,Cộng hòa Dân chủ Congo,刚果民主共和国,剛果民主共和國,Admin-0 country,,Admin-0 country,,,,,,,,,,,,,,,,,,,,,,,,,,,,,,,,,,,,,,,,,,,,,,,,,,,,,,,,,,,,,,,,,,,,,,,,,,,,,,,,,,,,,,,,,,,,,,,,,,,,,,,,,,,,,,,,,,,,
Admin-0 country,0,5.0,Bhutan,BTN,0.0,2.0,Sovereign country,1,Bhutan,BTN,0.0,Bhutan,BTN,0.0,Bhutan,BTN,0.0,Bhutan,Bhutan,BTN,Bhutan,,Bhutan,BT,Kingdom of Bhutan,,Bhutan,,,Bhutan,,5.0,6.0,1.0,8.0,763092.0,11.0,2019.0,2530.0,2019.0,7. Least developed region,4. Lower middle income,BT,BT,BT,BTN,BTN,064,064,064,BT,BTN,23424770.0,23424770.0,Exact WOE match as country,BTN,,BTN,BTN,BTN,BTN,BTN,BTN,BTN,BTN,BTN,BTN,BTN,BTN,BTN,BTN,BTN,BTN,BTN,BTN,BTN,BTN,BTN,BTN,BTN,BTN,BTN,BTN,BTN,BTN,BTN,BTN,BTN,BTN,-99.0,-99.0,Asia,Asia,Southern Asia,South Asia,6.0,6.0,6.0,-99.0,1.0,0.0,4.0,9.0,90.040294,27.536685,1159320453.0,Q917,بوتان,ভুটান,Bhutan,Bhutan,Bután,بوتان,Bhoutan,Μπουτάν,בהוטן,भूटान,Bhután,Bhutan,Bhutan,ブータン,부탄,Bhutan,Bhutan,Butão,Бутан,Bhutan,Bhutan,Бутан,بھوٹان,Bhutan,不丹,不丹,Admin-0 country,,Admin-0 country,,,,,,,,,,,,,,,,,,,,,,,,,,,,,,,,,,,,,,,,,,,,,,,,,,,,,,,,,,,,,,,,,,,,,,,,,,,,,,,,,,,,,,,,,,,,,,,,,,,,,,,,,,,,,,,,,,,,
Admin-0 country,0,3.0,Ukraine,UKR,0.0,2.0,Sovereign country,1,Ukraine,UKR,0.0,Ukraine,UKR,0.0,Ukraine,UKR,0.0,Ukraine,Ukraine,UKR,Ukraine,,Ukr.,UA,Ukraine,,Ukraine,,,Ukraine,,5.0,1.0,6.0,3.0,44385155.0,15.0,2019.0,153781.0,2019.0,6. Developing region,4. Lower middle income,UP,UA,UA,UKR,UKR,804,804,804,UA,UKR,23424976.0,23424976.0,Exact WOE match as country,UKR,,UKR,UKR,UKR,UKR,UKR,UKR,UKR,UKR,UKR,UKR,UKR,UKR,UKR,UKR,UKR,UKR,UKR,UKR,UKR,UKR,UKR,UKR,UKR,UKR,UKR,UKR,UKR,UKR,UKR,UKR,UKR,UKR,-99.0,-99.0,Europe,Europe,Eastern Europe,Europe & Central Asia,7.0,7.0,4.0,-99.0,1.0,0.0,2.7,7.0,32.140865,49.724739,1159321345.0,Q212,أوكرانيا,ইউক্রেন,Ukraine,Ukraine,Ucrania,اوکراین,Ukraine,Ουκρανία,אוקראינה,युक्रेन,Ukrajna,Ukraina,Ucraina,ウクライナ,우크라이나,Oekraïne,Ukraina,Ucrânia,Украина,Ukraina,Ukrayna,Україна,یوکرین,Ukraina,乌克兰,烏克蘭,Admin-0 country,,Admin-0 country,,,,,,,,,,,,,,,,,,,,,,,,,,,,,,,,,,,,,,,,,,,,,,,,,,,,,,,,,,,,,,,,,,,,,,,,,,,,,,,,,,,,,,,,,,,,,,,,,,,,,,,,,,,,,,,,,,,,
Admin-0 country,0,4.0,Belarus,BLR,0.0,2.0,Sovereign country,1,Belarus,BLR,0.0,Belarus,BLR,0.0,Belarus,BLR,0.0,Belarus,Belarus,BLR,Belarus,,Bela.,BY,Republic of Belarus,,Belarus,,,Belarus,,1.0,1.0,5.0,11.0,9466856.0,13.0,2019.0,63080.0,2019.0,6. Developing region,3. Upper middle income,BO,BY,BY,BLR,BLR,112,112,112,BY,BLR,23424765.0,23424765.0,Exact WOE match as country,BLR,,BLR,BLR,BLR,BLR,BLR,BLR,BLR,BLR,BLR,BLR,BLR,BLR,BLR,BLR,BLR,BLR,BLR,BLR,BLR,BLR,BLR,BLR,BLR,BLR,BLR,BLR,BLR,BLR,BLR,BLR,BLR,BLR,-99.0,-99.0,Europe,Europe,Eastern Europe,Europe & Central Asia,7.0,7.0,5.0,-99.0,1.0,0.0,3.0,8.0,28.417701,53.821888,1159320427.0,Q184,بيلاروسيا,বেলারুশ,Belarus,Belarus,Bielorrusia,بلاروس,Biélorussie,Λευκορωσία,בלארוס,बेलारूस,Fehéroroszország,Belarus,Bielorussia,ベラルーシ,벨라루스,Wit-Rusland,Białoruś,Bielorrússia,Белоруссия,Belarus,Beyaz Rusya,Білорусь,بیلاروس,Belarus,白俄罗斯,白俄羅斯,Admin-0 country,,Admin-0 country,,,,,,,,,,,,,,,,,,,,,,,,,,,,,,,,,,,,,,,,,,,,,,,,,,,,,,,,,,,,,,,,,,,,,,,,,,,,,,,,,,,,,,,,,,,,,,,,,,,,,,,,,,,,,,,,,,,,
Admin-0 country,0,3.0,Namibia,NAM,0.0,2.0,Sovereign country,1,Namibia,NAM,0.0,Namibia,NAM,0.0,Namibia,NAM,0.0,Namibia,Namibia,NAM,Namibia,,Nam.,NA,Republic of Namibia,,Namibia,,,Namibia,,4.0,1.0,1.0,7.0,2494530.0,12.0,2019.0,12366.0,2019.0,6. Developing region,3. Upper middle income,WA,NA,NA,NAM,NAM,516,516,516,NA,NAM,23424987.0,23424987.0,Exact WOE match as country,NAM,,NAM,NAM,NAM,NAM,NAM,NAM,NAM,NAM,NAM,NAM,NAM,NAM,NAM,NAM,NAM,NAM,NAM,NAM,NAM,NAM,NAM,NAM,NAM,NAM,NAM,NAM,NAM,NAM,NAM,NAM,NAM,NAM,-99.0,-99.0,Africa,Africa,Southern Africa,Sub-Saharan Africa,7.0,7.0,4.0,-99.0,1.0,0.0,3.0,7.5,17.108166,-20.575298,1159321085.0,Q1030,ناميبيا,নামিবিয়া,Namibia,Namibia,Namibia,نامیبیا,Namibie,Ναμίμπια,נמיביה,नामीबिया,Namíbia,Namibia,Namibia,ナミビア,나미비아,Namibië,Namibia,Namíbia,Намибия,Namibia,Namibya,Намібія,نمیبیا,Namibia,纳米比亚,納米比亞,Admin-0 country,,Admin-0 country,,,,,,,,,,,,,,,,,,,,,,,,,,,,,,,,,,,,,,,,,,,,,,,,,,,,,,,,,,,,,,,,,,,,,,,,,,,,,,,,,,,,,,,,,,,,,,,,,,,,,,,,,,,,,,,,,,,,
Admin-0 country,0,2.0,South Africa,ZAF,0.0,2.0,Sovereign country,1,South Africa,ZAF,0.0,South Africa,ZAF,0.0,South Africa,ZAF,0.0,South Africa,South Africa,ZAF,South Africa,,S.Af.,ZA,Republic of South Africa,,South Africa,,,South Africa,,2.0,3.0,4.0,2.0,58558270.0,16.0,2019.0,351431.0,2019.0,5. Emerging region: G20,3. Upper middle income,SF,ZA,ZA,ZAF,ZAF,710,710,710,ZA,ZAF,23424942.0,23424942.0,Exact WOE match as country,ZAF,,ZAF,ZAF,ZAF,ZAF,ZAF,ZAF,ZAF,ZAF,ZAF,ZAF,ZAF,ZAF,ZAF,ZAF,ZAF,ZAF,ZAF,ZAF,ZAF,ZAF,ZAF,ZAF,ZAF,ZAF,ZAF,ZAF,ZAF,ZAF,ZAF,ZAF,ZAF,ZAF,-99.0,-99.0,Africa,Africa,Southern Africa,Sub-Saharan Africa,12.0,12.0,5.0,-99.0,1.0,0.0,1.7000000000000002,6.7,23.665734,-29.708776,1159321431.0,Q258,جنوب أفريقيا,দক্ষিণ আফ্রিকা,Südafrika,South Africa,Sudáfrica,آفریقای جنوبی,Afrique du Sud,Νότια Αφρική,דרום אפריקה,दक्षिण अफ़्रीका,Dél-afrikai Köztársaság,Afrika Selatan,Sudafrica,南アフリカ共和国,남아프리카 공화국,Zuid-Afrika,Południowa Afryka,África do Sul,ЮАР,Sydafrika,Güney Afrika Cumhuriyeti,Південно-Африканська Республіка,جنوبی افریقا,Cộng hòa Nam Phi,南非,南非,Admin-0 country,,Admin-0 country,,,,,,,,,,,,,,,,,,,,,,,,,,,,,,,,,,,,,,,,,,,,,,,,,,,,,,,,,,,,,,,,,,,,,,,,,,,,,,,,,,,,,,,,,,,,,,,,,,,,,,,,,,,,,,,,,,,,
Admin-0 country,3,6.0,France,FR1,1.0,2.0,Dependency,1,Saint Martin,MAF,0.0,Saint Martin,MAF,0.0,Saint Martin,MAF,0.0,Saint Martin,Saint-Martin,MAF,Saint-Martin,,St. M.,MF,Saint-Martin (French part),,Saint Martin,Fr.,,St. Martin (French part),,7.0,5.0,9.0,11.0,38002.0,7.0,2019.0,562.0,2016.0,6. Developing region,2. High income: nonOECD,RN,MF,MF,MAF,MAF,663,663,663,MF,MAF,56042305.0,56042305.0,Exact WOE match as country,MAF,,MAF,MAF,MAF,MAF,MAF,MAF,MAF,MAF,MAF,MAF,MAF,MAF,MAF,MAF,MAF,MAF,MAF,MAF,MAF,MAF,MAF,MAF,MAF,MAF,MAF,MAF,MAF,MAF,MAF,MAF,MAF,MAF,-99.0,-99.0,North America,Americas,Caribbean,Latin America & Caribbean,9.0,12.0,6.0,4.0,-99.0,0.0,5.0,10.0,-63.049399,18.081302,1159320639.0,Q126125,تجمع سان مارتين,সেন্ট-মার্টিন,Saint-Martin,Saint Martin,San Martín,سنت مارتین فرانسه,Saint-Martin,Άγιος Μαρτίνος,סן מרטן,सेंट मार्टिन की सामूहिकता,Saint-Martin,Saint Martin,Saint-Martin,サン・マルタン,생마르탱,Sint-Maarten,Saint-Martin,São Martinho,Сен-Мартен,Saint Martin,Saint Martin,Сен-Мартен,سینٹ مارٹن,Saint-Martin,法属圣马丁,法屬聖馬丁,Admin-0 dependency,,Admin-0 dependency,,,,,,,,,,,,,,,,,,,,,,,,,,,,,,,,,,,,,,,,,,,,,,,,,,,,,,,,,,,,,,,,,,,,,,,,,,,,,,,,,,,,,,,,,,,,,,,,,,,,,,,,,,,,,,,,,,,,
Admin-0 country,3,6.0,Netherlands,NL1,1.0,2.0,Country,1,Sint Maarten,SXM,0.0,Sint Maarten,SXM,0.0,Sint Maarten,SXM,0.0,Sint Maarten,Sint Maarten,SXM,Sint Maarten,,St. M.,SX,Sint Maarten (Dutch part),,Sint Maarten,Neth.,,St. Maarten (Dutch part),,4.0,2.0,2.0,9.0,40733.0,7.0,2019.0,1185.0,2018.0,6. Developing region,2. High income: nonOECD,NT,SX,SX,SXM,SXM,534,534,534,SX,SXM,-90.0,23425000.0,Expired subunits of Netherlands Antilles (23424914).,SXM,,SXM,SXM,SXM,SXM,SXM,SXM,SXM,SXM,SXM,SXM,SXM,SXM,SXM,SXM,SXM,SXM,SXM,SXM,SXM,SXM,SXM,SXM,SXM,SXM,SXM,SXM,SXM,SXM,SXM,SXM,SXM,SXM,-99.0,-99.0,North America,Americas,Caribbean,Latin America & Caribbean,12.0,12.0,6.0,4.0,-99.0,0.0,5.0,10.0,-63.070133,18.04088,1159321103.0,Q26273,سينت مارتن,সিন্ট মার্টেন,Sint Maarten,Sint Maarten,San Martín,سینت مارتن,Saint-Martin,Άγιος Μαρτίνος,סנט מארטן,सिंट मार्टेन,Sint Maarten,Sint Maarten,Sint Maarten,シント・マールテン,신트마르턴,Sint Maarten,Sint Maarten,São Martinho,Синт-Мартен,Sint Maarten,Sint Maarten,Сінт-Мартен,سنٹ مارٹن,Sint Maarten,荷属圣马丁,荷屬聖馬丁,Admin-0 dependency,,Admin-0 dependency,,,,,,,,,,,,,,,,,,,,,,,,,,,,,,,,,,,,,,,,,,,,,,,,,,,,,,,,,,,,,,,,,,,,,,,,,,,,,,,,,,,,,,,,,,,,,,,,,,,,,,,,,,,,,,,,,,,,
Admin-0 country,0,4.0,Oman,OMN,0.0,2.0,Sovereign country,1,Oman,OMN,0.0,Oman,OMN,0.0,Oman,OMN,0.0,Oman,Oman,OMN,Oman,,Oman,OM,Sultanate of Oman,,Oman,,,Oman,,1.0,4.0,1.0,6.0,4974986.0,12.0,2019.0,76331.0,2019.0,6. Developing region,2. High income: nonOECD,MU,OM,OM,OMN,OMN,512,512,512,OM,OMN,23424898.0,23424898.0,Exact WOE match as country,OMN,,OMN,OMN,OMN,OMN,OMN,OMN,OMN,OMN,OMN,OMN,OMN,OMN,OMN,OMN,OMN,OMN,OMN,OMN,OMN,OMN,OMN,OMN,OMN,OMN,OMN,OMN,OMN,OMN,OMN,OMN,OMN,OMN,-99.0,-99.0,Asia,Asia,Western Asia,Middle East & North Africa,4.0,4.0,4.0,-99.0,1.0,0.0,4.0,9.0,57.336553,22.120427,1159321151.0,Q842,سلطنة عمان,ওমান,Oman,Oman,Omán,عمان,Oman,Ομάν,עומאן,ओमान,Omán,Oman,Oman,オマーン,오만,Oman,Oman,Omã,Оман,Oman,Umman,Оман,عمان,Oman,阿曼,阿曼,Admin-0 country,,Admin-0 country,,,,,,,,,,,,,,,,,,,,,,,,,,,,,,,,,,,,,,,,,,,,,,,,,,,,,,,,,,,,,,,,,,,,,,,,,,,,,,,,,,,,,,,,,,,,,,,,,,,,,,,,,,,,,,,,,,,,
Admin-0 country,0,3.0,Uzbekistan,UZB,0.0,2.0,Sovereign country,1,Uzbekistan,UZB,0.0,Uzbekistan,UZB,0.0,Uzbekistan,UZB,0.0,Uzbekistan,Uzbekistan,UZB,Uzbekistan,,Uzb.,UZ,Republic of Uzbekistan,,Uzbekistan,,,Uzbekistan,,2.0,3.0,5.0,4.0,33580650.0,15.0,2019.0,57921.0,2019.0,6. Developing region,4. Lower middle income,UZ,UZ,UZ,UZB,UZB,860,860,860,UZ,UZB,23424980.0,23424980.0,Exact WOE match as country,UZB,,UZB,UZB,UZB,UZB,UZB,UZB,UZB,UZB,UZB,UZB,UZB,UZB,UZB,UZB,UZB,UZB,UZB,UZB,UZB,UZB,UZB,UZB,UZB,UZB,UZB,UZB,UZB,UZB,UZB,UZB,UZB,UZB,-99.0,-99.0,Asia,Asia,Central Asia,Europe & Central Asia,10.0,10.0,4.0,5.0,1.0,0.0,3.0,8.0,64.005429,41.693603,1159321405.0,Q265,أوزبكستان,উজবেকিস্তান,Usbekistan,Uzbekistan,Uzbekistán,ازبکستان,Ouzbékistan,Ουζμπεκιστάν,אוזבקיסטן,उज़्बेकिस्तान,Üzbegisztán,Uzbekistan,Uzbekistan,ウズベキスタン,우즈베키스탄,Oezbekistan,Uzbekistan,Uzbequistão,Узбекистан,Uzbekistan,Özbekistan,Узбекистан,ازبکستان,Uzbekistan,乌兹别克斯坦,烏茲別克,Admin-0 country,,Admin-0 country,,,,,,,,,,,,,,,,,,,,,,,,,,,,,,,,,,,,,,,,,,,,,,,,,,,,,,,,,,,,,,,,,,,,,,,,,,,,,,,,,,,,,,,,,,,,,,,,,,,,,,,,,,,,,,,,,,,,
Admin-0 country,0,3.0,Kazakhstan,KA1,1.0,1.0,Sovereignty,1,Kazakhstan,KAZ,0.0,Kazakhstan,KAZ,0.0,Kazakhstan,KAZ,0.0,Kazakhstan,Kazakhstan,KAZ,Kazakhstan,,Kaz.,KZ,Republic of Kazakhstan,,Kazakhstan,,,Kazakhstan,,6.0,1.0,6.0,1.0,18513930.0,14.0,2019.0,181665.0,2019.0,6. Developing region,3. Upper middle income,KZ,KZ,KZ,KAZ,KAZ,398,398,398,KZ,KAZ,-90.0,23424871.0,Includes Baykonur Cosmodrome as an Admin-1 states provinces,KAZ,,KAZ,KAZ,KAZ,KAZ,KAZ,KAZ,KAZ,KAZ,KAZ,KAZ,KAZ,KAZ,KAZ,KAZ,KAZ,KAZ,KAZ,KAZ,KAZ,KAZ,KAZ,KAZ,KAZ,KAZ,KAZ,KAZ,KAZ,KAZ,KAZ,KAZ,KAZ,KAZ,-99.0,-99.0,Asia,Asia,Central Asia,Europe & Central Asia,10.0,10.0,4.0,-99.0,1.0,0.0,2.7,7.0,68.685548,49.054149,1159320967.0,Q232,كازاخستان,কাজাখস্তান,Kasachstan,Kazakhstan,Kazajistán,قزاقستان,Kazakhstan,Καζακστάν,קזחסטן,कज़ाख़िस्तान,Kazahsztán,Kazakhstan,Kazakistan,カザフスタン,카자흐스탄,Kazachstan,Kazachstan,Cazaquistão,Казахстан,Kazakstan,Kazakistan,Казахстан,قازقستان,Kazakhstan,哈萨克斯坦,哈薩克,Admin-0 country,,Admin-0 country,,,,,,,,,,,,,,,,,,,,,,,,,,,,,,,,,,,,,,,,,,,,,,,,,,,,,,,,,,,,,,,,,,,,,,,,,,,,,,,,,,,,,,,,,,,,,,,,,,,,,,,,,,,,,,,,,,,,
Admin-0 country,0,4.0,Tajikistan,TJK,0.0,2.0,Sovereign country,1,Tajikistan,TJK,0.0,Tajikistan,TJK,0.0,Tajikistan,TJK,0.0,Tajikistan,Tajikistan,TJK,Tajikistan,,Tjk.,TJ,Republic of Tajikistan,,Tajikistan,,,Tajikistan,,3.0,6.0,2.0,5.0,9321018.0,13.0,2019.0,8116.0,2019.0,6. Developing region,5. Low income,TI,TJ,TJ,TJK,TJK,762,762,762,TJ,TJK,23424961.0,23424961.0,Exact WOE match as country,TJK,,TJK,TJK,TJK,TJK,TJK,TJK,TJK,TJK,TJK,TJK,TJK,TJK,TJK,TJK,TJK,TJK,TJK,TJK,TJK,TJK,TJK,TJK,TJK,TJK,TJK,TJK,TJK,TJK,TJK,TJK,TJK,TJK,-99.0,-99.0,Asia,Asia,Central Asia,Europe & Central Asia,10.0,10.0,4.0,-99.0,1.0,0.0,4.0,9.0,72.587276,38.199835,1159321307.0,Q863,طاجيكستان,তাজিকিস্তান,Tadschikistan,Tajikistan,Tayikistán,تاجیکستان,Tadjikistan,Τατζικιστάν,טג׳יקיסטן,ताजिकिस्तान,Tádzsikisztán,Tajikistan,Tagikistan,タジキスタン,타지키스탄,Tadzjikistan,Tadżykistan,Tajiquistão,Таджикистан,Tadzjikistan,Tacikistan,Таджикистан,تاجکستان,Tajikistan,塔吉克斯坦,塔吉克,Admin-0 country,,Admin-0 country,,,,,,,,,,,,,,,,,,,,,,,,,,,,,,,,,,,,,,,,,,,,,,,,,,,,,,,,,,,,,,,,,,,,,,,,,,,,,,,,,,,,,,,,,,,,,,,,,,,,,,,,,,,,,,,,,,,,
Admin-0 country,0,5.0,Lithuania,LTU,0.0,2.0,Sovereign country,1,Lithuania,LTU,0.0,Lithuania,LTU,0.0,Lithuania,LTU,0.0,Lithuania,Lithuania,LTU,Lithuania,,Lith.,LT,Republic of Lithuania,,Lithuania,,,Lithuania,,6.0,3.0,3.0,9.0,2786844.0,12.0,2019.0,54627.0,2019.0,2. Developed region: nonG7,3. Upper middle income,LH,LT,LT,LTU,LTU,440,440,440,LT,LTU,23424875.0,23424875.0,Exact WOE match as country,LTU,,LTU,LTU,LTU,LTU,LTU,LTU,LTU,LTU,LTU,LTU,LTU,LTU,LTU,LTU,LTU,LTU,LTU,LTU,LTU,LTU,LTU,LTU,LTU,LTU,LTU,LTU,LTU,LTU,LTU,LTU,LTU,LTU,-99.0,-99.0,Europe,Europe,Northern Europe,Europe & Central Asia,9.0,9.0,5.0,-99.0,1.0,0.0,4.0,9.0,24.089932,55.103703,1159321029.0,Q37,ليتوانيا,লিথুয়ানিয়া,Litauen,Lithuania,Lituania,لیتوانی,Lituanie,Λιθουανία,ליטא,लिथुआनिया,Litvánia,Lituania,Lituania,リトアニア,리투아니아,Litouwen,Litwa,Lituânia,Литва,Litauen,Litvanya,Литва,لتھووینیا,Litva,立陶宛,立陶宛,Admin-0 country,,Admin-0 country,,,,,,,,,,,,,,,,,,,,,,,,,,,,,,,,,,,,,,,,,,,,,,,,,,,,,,,,,,,,,,,,,,,,,,,,,,,,,,,,,,,,,,,,,,,,,,,,,,,,,,,,,,,,,,,,,,,,
Admin-0 country,0,2.0,Brazil,BRA,0.0,2.0,Sovereign country,1,Brazil,BRA,0.0,Brazil,BRA,0.0,Brazil,BRA,0.0,Brazil,Brazil,BRA,Brazil,,Brazil,BR,Federative Republic of Brazil,,Brazil,,,Brazil,,5.0,6.0,5.0,7.0,211049527.0,17.0,2019.0,1839758.0,2019.0,3. Emerging region: BRIC,3. Upper middle income,BR,BR,BR,BRA,BRA,076,076,076,BR,BRA,23424768.0,23424768.0,Exact WOE match as country,BRA,,BRA,BRA,BRA,BRA,BRA,BRA,BRA,BRA,BRA,BRA,BRA,BRA,BRA,BRA,BRA,BRA,BRA,BRA,BRA,BRA,BRA,BRA,BRA,BRA,BRA,BRA,BRA,BRA,BRA,BRA,BRA,BRA,-99.0,-99.0,South America,Americas,South America,Latin America & Caribbean,6.0,6.0,6.0,-99.0,1.0,0.0,1.7000000000000002,5.7,-49.55945,-12.098687,1159320441.0,Q155,البرازيل,ব্রাজিল,Brasilien,Brazil,Brasil,برزیل,Brésil,Βραζιλία,ברזיל,ब्राज़ील,Brazília,Brasil,Brasile,ブラジル,브라질,Brazilië,Brazylia,Brasil,Бразилия,Brasilien,Brezilya,Бразилія,برازیل,Brasil,巴西,巴西,Admin-0 country,,Admin-0 country,,,,,,,,,,,,,,,,,,,,,,,,,,,,,,,,,,,,,,,,,,,,,,,,,,,,,,,,,,,,,,,,,,,,,,,,,,,,,,,,,,,,,,,,,,,,,,,,,,,,,,,,,,,,,,,,,,,,
Admin-0 country,0,4.0,Uruguay,URY,0.0,2.0,Sovereign country,1,Uruguay,URY,0.0,Uruguay,URY,0.0,Uruguay,URY,0.0,Uruguay,Uruguay,URY,Uruguay,,Ury.,UY,Oriental Republic of Uruguay,,Uruguay,,,Uruguay,,1.0,2.0,2.0,10.0,3461734.0,12.0,2019.0,56045.0,2019.0,5. Emerging region: G20,3. Upper middle income,UY,UY,UY,URY,URY,858,858,858,UY,URY,23424979.0,23424979.0,Exact WOE match as country,URY,,URY,URY,URY,URY,URY,URY,URY,URY,URY,URY,URY,URY,URY,URY,URY,URY,URY,URY,URY,URY,URY,URY,URY,URY,URY,URY,URY,URY,URY,URY,URY,URY,-99.0,-99.0,South America,Americas,South America,Latin America & Caribbean,7.0,7.0,4.0,-99.0,1.0,0.0,3.0,8.0,-55.966942,-32.961127,1159321353.0,Q77,الأوروغواي,উরুগুয়ে,Uruguay,Uruguay,Uruguay,اروگوئه,Uruguay,Ουρουγουάη,אורוגוואי,उरुग्वे,Uruguay,Uruguay,Uruguay,ウルグアイ,우루과이,Uruguay,Urugwaj,Uruguai,Уругвай,Uruguay,Uruguay,Уругвай,یوراگوئے,Uruguay,乌拉圭,烏拉圭,Admin-0 country,,Admin-0 country,,,,,,,,,,,,,,,,,,,,,,,,,,,,,,,,,,,,,,,,,,,,,,,,,,,,,,,,,,,,,,,,,,,,,,,,,,,,,,,,,,,,,,,,,,,,,,,,,,,,,,,,,,,,,,,,,,,,
Admin-0 country,0,3.0,Mongolia,MNG,0.0,2.0,Sovereign country,1,Mongolia,MNG,0.0,Mongolia,MNG,0.0,Mongolia,MNG,0.0,Mongolia,Mongolia,MNG,Mongolia,,Mong.,MN,Mongolia,,Mongolia,,,Mongolia,,3.0,5.0,5.0,6.0,3225167.0,12.0,2019.0,13996.0,2019.0,6. Developing region,4. Lower middle income,MG,MN,MN,MNG,MNG,496,496,496,MN,MNG,23424887.0,23424887.0,Exact WOE match as country,MNG,,MNG,MNG,MNG,MNG,MNG,MNG,MNG,MNG,MNG,MNG,MNG,MNG,MNG,MNG,MNG,MNG,MNG,MNG,MNG,MNG,MNG,MNG,MNG,MNG,MNG,MNG,MNG,MNG,MNG,MNG,MNG,MNG,-99.0,-99.0,Asia,Asia,Eastern Asia,East Asia & Pacific,8.0,8.0,5.0,-99.0,1.0,0.0,3.0,7.0,104.150405,45.997488,1159321071.0,Q711,منغوليا,মঙ্গোলিয়া,Mongolei,Mongolia,Mongolia,مغولستان,Mongolie,Μογγολία,מונגוליה,मंगोलिया,Mongólia,Mongolia,Mongolia,モンゴル国,몽골,Mongolië,Mongolia,Mongólia,Монголия,Mongoliet,Moğolistan,Монголія,منگولیا,Mông Cổ,蒙古国,蒙古國,Admin-0 country,,Admin-0 country,,,,,,,,,,,,,,,,,,,,,,,,,,,,,,,,,,,,,,,,,,,,,,,,,,,,,,,,,,,,,,,,,,,,,,,,,,,,,,,,,,,,,,,,,,,,,,,,,,,,,,,,,,,,,,,,,,,,
Admin-0 country,0,2.0,Russia,RUS,0.0,2.0,Sovereign country,1,Russia,RUS,0.0,Russia,RUS,0.0,Russia,RUS,0.0,Russia,Russian Federation,RUS,Russia,,Rus.,RUS,Russian Federation,,Russia,,,Russian Federation,,2.0,5.0,7.0,7.0,144373535.0,17.0,2019.0,1699876.0,2019.0,3. Emerging region: BRIC,3. Upper middle income,RS,RU,RU,RUS,RUS,643,643,643,RU,RUS,23424936.0,23424936.0,Exact WOE match as country,RUS,,RUS,RUS,RUS,RUS,RUS,RUS,RUS,RUS,RUS,RUS,RUS,RUS,RUS,RUS,RUS,RUS,RUS,RUS,RUS,RUS,RUS,RUS,RUS,RUS,RUS,RUS,RUS,RUS,RUS,RUS,RUS,RUS,-99.0,-99.0,Europe,Europe,Eastern Europe,Europe & Central Asia,6.0,18.0,4.0,-99.0,1.0,0.0,1.7000000000000002,5.2,44.686469,58.249357,1159321201.0,Q159,روسيا,রাশিয়া,Russland,Russia,Rusia,روسیه,Russie,Ρωσία,רוסיה,रूस,Oroszország,Rusia,Russia,ロシア,러시아,Rusland,Rosja,Rússia,Россия,Ryssland,Rusya,Росія,روس,Nga,俄罗斯,俄羅斯,Admin-0 country,,Admin-0 country,,,,,,,,,,,,,,,,,,,,,,,,,,,,,,,,,,,,,,,,,,,,,,,,,,,,,,,,,,,,,,,,,,,,,,,,,,,,,,,,,,,,,,,,,,,,,,,,,,,,,,,,,,,,,,,,,,,,
Admin-0 country,0,5.0,Czechia,CZE,0.0,2.0,Sovereign country,1,Czechia,CZE,0.0,Czechia,CZE,0.0,Czechia,CZE,0.0,Czechia,Czech Republic,CZE,Czechia,,Cz.,CZ,Czech Republic,la République tchèque,Czechia,,,Czechia,Česko,1.0,1.0,2.0,6.0,10669709.0,14.0,2019.0,250680.0,2019.0,2. Developed region: nonG7,1. High income: OECD,EZ,CZ,CZ,CZE,CZE,203,203,203,CZ,CZE,23424810.0,23424810.0,Exact WOE match as country,CZE,,CZE,CZE,CZE,CZE,CZE,CZE,CZE,CZE,CZE,CZE,CZE,CZE,CZE,CZE,CZE,CZE,CZE,CZE,CZE,CZE,CZE,CZE,CZE,CZE,CZE,CZE,CZE,CZE,CZE,CZE,CZE,CZE,-99.0,-99.0,Europe,Europe,Eastern Europe,Europe & Central Asia,7.0,14.0,3.0,-99.0,1.0,0.0,4.0,9.0,15.377555,49.882364,1159320535.0,Q213,التشيك,চেক প্রজাতন্ত্র,Tschechien,Czech Republic,República Checa,جمهوری چک,Tchéquie,Τσεχία,צ'כיה,चेक गणराज्य,Csehország,Republik Ceko,Repubblica Ceca,チェコ,체코,Tsjechië,Czechy,Chéquia,Чехия,Tjeckien,Çek Cumhuriyeti,Чехія,چیک جمہوریہ,Cộng hòa Séc,捷克,捷克共和國,Admin-0 country,,Admin-0 country,,,,,,,,,,,,,,,,,,,,,,,,,,,,,,,,,,,,,,,,,,,,,,,,,,,,,,,,,,,,,,,,,,,,,,,,,,,,,,,,,,,,,,,,,,,,,,,,,,,,,,,,,,,,,,,,,,,,
Admin-0 country,0,2.0,Germany,DEU,0.0,2.0,Sovereign country,1,Germany,DEU,0.0,Germany,DEU,0.0,Germany,DEU,0.0,Germany,Germany,DEU,Germany,,Ger.,D,Federal Republic of Germany,,Germany,,,Germany,,2.0,5.0,5.0,1.0,83132799.0,16.0,2019.0,3861123.0,2019.0,1. Developed region: G7,1. High income: OECD,GM,DE,DE,DEU,DEU,276,276,276,DE,DEU,23424829.0,23424829.0,Exact WOE match as country,DEU,,DEU,DEU,DEU,DEU,DEU,DEU,DEU,DEU,DEU,DEU,DEU,DEU,DEU,DEU,DEU,DEU,DEU,DEU,DEU,DEU,DEU,DEU,DEU,DEU,DEU,DEU,DEU,DEU,DEU,DEU,DEU,DEU,-99.0,-99.0,Europe,Europe,Western Europe,Europe & Central Asia,7.0,7.0,4.0,-99.0,1.0,0.0,1.7000000000000002,6.7,9.678348,50.961733,1159320539.0,Q183,ألمانيا,জার্মানি,Deutschland,Germany,Alemania,آلمان,Allemagne,Γερμανία,גרמניה,जर्मनी,Németország,Jerman,Germania,ドイツ,독일,Duitsland,Niemcy,Alemanha,Германия,Tyskland,Almanya,Німеччина,جرمنی,Đức,德国,德國,Admin-0 country,,Admin-0 country,,,,,,,,,,,,,,,,,,,,,,,,,,,,,,,,,,,,,,,,,,,,,,,,,,,,,,,,,,,,,,,,,,,,,,,,,,,,,,,,,,,,,,,,,,,,,,,,,,,,,,,,,,,,,,,,,,,,
Admin-0 country,0,6.0,Estonia,EST,0.0,2.0,Sovereign country,1,Estonia,EST,0.0,Estonia,EST,0.0,Estonia,EST,0.0,Estonia,Estonia,EST,Estonia,,Est.,EST,Republic of Estonia,,Estonia,,,Estonia,,3.0,2.0,1.0,10.0,1326590.0,12.0,2019.0,31471.0,2019.0,2. Developed region: nonG7,1. High income: OECD,EN,EE,EE,EST,EST,233,233,233,EE,EST,23424805.0,23424805.0,Exact WOE match as country,EST,,EST,EST,EST,EST,EST,EST,EST,EST,EST,EST,EST,EST,EST,EST,EST,EST,EST,EST,EST,EST,EST,EST,EST,EST,EST,EST,EST,EST,EST,EST,EST,EST,-99.0,-99.0,Europe,Europe,Northern Europe,Europe & Central Asia,7.0,7.0,4.0,-99.0,1.0,0.0,3.0,8.0,25.867126,58.724865,1159320615.0,Q191,إستونيا,এস্তোনিয়া,Estland,Estonia,Estonia,استونی,Estonie,Εσθονία,אסטוניה,एस्टोनिया,Észtország,Estonia,Estonia,エストニア,에스토니아,Estland,Estonia,Estónia,Эстония,Estland,Estonya,Естонія,استونیا,Estonia,爱沙尼亚,愛沙尼亞,Admin-0 country,,Admin-0 country,,,,,,,,,,,,,,,,,,,,,,,,,,,,,,,,,,,,,,,,,,,,,,,,,,,,,,,,,,,,,,,,,,,,,,,,,,,,,,,,,,,,,,,,,,,,,,,,,,,,,,,,,,,,,,,,,,,,
Admin-0 country,0,5.0,Latvia,LVA,0.0,2.0,Sovereign country,1,Latvia,LVA,0.0,Latvia,LVA,0.0,Latvia,LVA,0.0,Latvia,Latvia,LVA,Latvia,,Lat.,LV,Republic of Latvia,,Latvia,,,Latvia,,4.0,7.0,6.0,13.0,1912789.0,12.0,2019.0,34102.0,2019.0,2. Developed region: nonG7,3. Upper middle income,LG,LV,LV,LVA,LVA,428,428,428,LV,LVA,23424874.0,23424874.0,Exact WOE match as country,LVA,,LVA,LVA,LVA,LVA,LVA,LVA,LVA,LVA,LVA,LVA,LVA,LVA,LVA,LVA,LVA,LVA,LVA,LVA,LVA,LVA,LVA,LVA,LVA,LVA,LVA,LVA,LVA,LVA,LVA,LVA,LVA,LVA,-99.0,-99.0,Europe,Europe,Northern Europe,Europe & Central Asia,6.0,6.0,4.0,-99.0,1.0,0.0,4.0,9.0,25.458723,57.066872,1159321033.0,Q211,لاتفيا,লাতভিয়া,Lettland,Latvia,Letonia,لتونی,Lettonie,Λετονία,לטביה,लातविया,Lettország,Latvia,Lettonia,ラトビア,라트비아,Letland,Łotwa,Letónia,Латвия,Lettland,Letonya,Латвія,لٹویا,Latvia,拉脱维亚,拉脫維亞,Admin-0 country,,Admin-0 country,,,,,,,,,,,,,,,,,,,,,,,,,,,,,,,,,,,,,,,,,,,,,,,,,,,,,,,,,,,,,,,,,,,,,,,,,,,,,,,,,,,,,,,,,,,,,,,,,,,,,,,,,,,,,,,,,,,,
Admin-0 country,0,3.0,Norway,NOR,0.0,2.0,Sovereign country,,Norway,NOR,0.0,Norway,NOR,0.0,Norway,NOR,0.0,Norway,Norway,NOR,Norway,,Nor.,N,Kingdom of Norway,,Norway,,,Norway,,5.0,3.0,8.0,12.0,5347896.0,13.0,2019.0,403336.0,2019.0,2. Developed region: nonG7,1. High income: OECD,-99,-99,NO,-99,NOR,-99,578,-99,-99,-99,-90.0,23424910.0,"Does not include Svalbard, Jan Mayen, or Bouvet Islands (28289410).",NOR,,NOR,NOR,NOR,NOR,NOR,NOR,NOR,NOR,NOR,NOR,NOR,NOR,NOR,NOR,NOR,NOR,NOR,NOR,NOR,NOR,NOR,NOR,NOR,NOR,NOR,NOR,NOR,NOR,NOR,NOR,NOR,NOR,-99.0,-99.0,Europe,Europe,Northern Europe,Europe & Central Asia,6.0,6.0,4.0,-99.0,1.0,0.0,3.0,7.0,9.679975,61.357092,1159321109.0,Q20,النرويج,নরওয়ে,Norwegen,Norway,Noruega,نروژ,Norvège,Νορβηγία,נורווגיה,नॉर्वे,Norvégia,Norwegia,Norvegia,ノルウェー,노르웨이,Noorwegen,Norwegia,Noruega,Норвегия,Norge,Norveç,Норвегія,ناروے,Na Uy,挪威,挪威,Unrecognized,,Unrecognized,,,,,,,,,,,,,,,,,,,,,,,,,,,,,,,,,,,,,,,,,,,,,,,,,,,,,,,,,,,,,,,,,,,,,,,,,,,,,,,,,,,,,,,,,,,,,,,,,,,,,,,,,,,,,,,,,,,,
Admin-0 country,0,3.0,Sweden,SWE,0.0,2.0,Sovereign country,1,Sweden,SWE,0.0,Sweden,SWE,0.0,Sweden,SWE,0.0,Sweden,Sweden,SWE,Sweden,,Swe.,S,Kingdom of Sweden,,Sweden,,,Sweden,,1.0,4.0,2.0,4.0,10285453.0,14.0,2019.0,530883.0,2019.0,2. Developed region: nonG7,1. High income: OECD,SW,SE,SE,SWE,SWE,752,752,752,SE,SWE,23424954.0,23424954.0,Exact WOE match as country,SWE,,SWE,SWE,SWE,SWE,SWE,SWE,SWE,SWE,SWE,SWE,SWE,SWE,SWE,SWE,SWE,SWE,SWE,SWE,SWE,SWE,SWE,SWE,SWE,SWE,SWE,SWE,SWE,SWE,SWE,SWE,SWE,SWE,-99.0,-99.0,Europe,Europe,Northern Europe,Europe & Central Asia,6.0,6.0,4.0,-99.0,1.0,0.0,2.0,7.0,19.01705,65.85918,1159321287.0,Q34,السويد,সুইডেন,Schweden,Sweden,Suecia,سوئد,Suède,Σουηδία,שוודיה,स्वीडन,Svédország,Swedia,Svezia,スウェーデン,스웨덴,Zweden,Szwecja,Suécia,Швеция,Sverige,İsveç,Швеція,سویڈن,Thụy Điển,瑞典,瑞典,Admin-0 country,,Admin-0 country,,,,,,,,,,,,,,,,,,,,,,,,,,,,,,,,,,,,,,,,,,,,,,,,,,,,,,,,,,,,,,,,,,,,,,,,,,,,,,,,,,,,,,,,,,,,,,,,,,,,,,,,,,,,,,,,,,,,
Admin-0 country,0,3.0,Finland,FI1,1.0,2.0,Country,1,Finland,FIN,0.0,Finland,FIN,0.0,Finland,FIN,0.0,Finland,Finland,FIN,Finland,,Fin.,FIN,Republic of Finland,,Finland,,,Finland,,4.0,1.0,4.0,6.0,5520314.0,13.0,2019.0,269296.0,2019.0,2. Developed region: nonG7,1. High income: OECD,FI,FI,FI,FIN,FIN,246,246,246,FI,FIN,23424812.0,23424812.0,Exact WOE match as country,FIN,,FIN,FIN,FIN,FIN,FIN,FIN,FIN,FIN,FIN,FIN,FIN,FIN,FIN,FIN,FIN,FIN,FIN,FIN,FIN,FIN,FIN,FIN,FIN,FIN,FIN,FIN,FIN,FIN,FIN,FIN,FIN,FIN,-99.0,-99.0,Europe,Europe,Northern Europe,Europe & Central Asia,7.0,7.0,4.0,-99.0,1.0,0.0,3.0,8.0,27.276449,63.252361,1159320623.0,Q33,فنلندا,ফিনল্যান্ড,Finnland,Finland,Finlandia,فنلاند,Finlande,Φινλανδία,פינלנד,फ़िनलैण्ड,Finnország,Finlandia,Finlandia,フィンランド,핀란드,Finland,Finlandia,Finlândia,Финляндия,Finland,Finlandiya,Фінляндія,فن لینڈ,Phần Lan,芬兰,芬蘭,Admin-0 country,,Admin-0 country,,,,,,,,,,,,,,,,,,,,,,,,,,,,,,,,,,,,,,,,,,,,,,,,,,,,,,,,,,,,,,,,,,,,,,,,,,,,,,,,,,,,,,,,,,,,,,,,,,,,,,,,,,,,,,,,,,,,
Admin-0 country,0,2.0,Vietnam,VNM,0.0,2.0,Sovereign country,1,Vietnam,VNM,0.0,Vietnam,VNM,0.0,Vietnam,VNM,0.0,Vietnam,Vietnam,VNM,Vietnam,,Viet.,VN,Socialist Republic of Vietnam,,Vietnam,,,Vietnam,,5.0,6.0,5.0,4.0,96462106.0,16.0,2019.0,261921.0,2019.0,5. Emerging region: G20,4. Lower middle income,VM,VN,VN,VNM,VNM,704,704,704,VN,VNM,23424984.0,23424984.0,Exact WOE match as country,VNM,,VNM,VNM,VNM,VNM,VNM,VNM,VNM,VNM,VNM,VNM,VNM,VNM,VNM,VNM,VNM,VNM,VNM,VNM,VNM,VNM,VNM,VNM,VNM,VNM,VNM,VNM,VNM,VNM,VNM,VNM,VNM,VNM,-99.0,-99.0,Asia,Asia,South-Eastern Asia,East Asia & Pacific,7.0,7.0,5.0,2.0,1.0,0.0,2.0,7.0,105.387292,21.715416,1159321417.0,Q881,فيتنام,ভিয়েতনাম,Vietnam,Vietnam,Vietnam,ویتنام,Viêt Nam,Βιετνάμ,וייטנאם,वियतनाम,Vietnám,Vietnam,Vietnam,ベトナム,베트남,Vietnam,Wietnam,Vietname,Вьетнам,Vietnam,Vietnam,В'єтнам,ویتنام,Việt Nam,越南,越南,Admin-0 country,,Admin-0 country,,,,,,,,,,,,,,,,,,,,,,,,,,,,,,,,,,,,,,,,,,,,,,,,,,,,,,,,,,,,,,,,,,,,,,,,,,,,,,,,,,,,,,,,,,,,,,,,,,,,,,,,,,,,,,,,,,,,
Admin-0 country,0,3.0,Cambodia,KHM,0.0,2.0,Sovereign country,1,Cambodia,KHM,0.0,Cambodia,KHM,0.0,Cambodia,KHM,0.0,Cambodia,Cambodia,KHM,Cambodia,,Camb.,KH,Kingdom of Cambodia,,Cambodia,,,Cambodia,,6.0,3.0,6.0,5.0,16486542.0,14.0,2019.0,27089.0,2019.0,7. Least developed region,5. Low income,CB,KH,KH,KHM,KHM,116,116,116,KH,KHM,23424776.0,23424776.0,Exact WOE match as country,KHM,,KHM,KHM,KHM,KHM,KHM,KHM,KHM,KHM,KHM,KHM,KHM,KHM,KHM,KHM,KHM,KHM,KHM,KHM,KHM,KHM,KHM,KHM,KHM,KHM,KHM,KHM,KHM,KHM,KHM,KHM,KHM,KHM,-99.0,-99.0,Asia,Asia,South-Eastern Asia,East Asia & Pacific,8.0,8.0,5.0,-99.0,1.0,0.0,3.0,8.0,104.50487,12.647584,1159320979.0,Q424,كمبوديا,কম্বোডিয়া,Kambodscha,Cambodia,Camboya,کامبوج,Cambodge,Καμπότζη,קמבודיה,कम्बोडिया,Kambodzsa,Kamboja,Cambogia,カンボジア,캄보디아,Cambodja,Kambodża,Camboja,Камбоджа,Kambodja,Kamboçya,Камбоджа,کمبوڈیا,Campuchia,柬埔寨,柬埔寨,Admin-0 country,,Admin-0 country,,,,,,,,,,,,,,,,,,,,,,,,,,,,,,,,,,,,,,,,,,,,,,,,,,,,,,,,,,,,,,,,,,,,,,,,,,,,,,,,,,,,,,,,,,,,,,,,,,,,,,,,,,,,,,,,,,,,
Admin-0 country,0,6.0,Luxembourg,LUX,0.0,2.0,Sovereign country,1,Luxembourg,LUX,0.0,Luxembourg,LUX,0.0,Luxembourg,LUX,0.0,Luxembourg,Luxembourg,LUX,Luxembourg,,Lux.,L,Grand Duchy of Luxembourg,,Luxembourg,,,Luxembourg,,1.0,7.0,3.0,7.0,619896.0,11.0,2019.0,71104.0,2019.0,2. Developed region: nonG7,1. High income: OECD,LU,LU,LU,LUX,LUX,442,442,442,LU,LUX,23424881.0,23424881.0,Exact WOE match as country,LUX,,LUX,LUX,LUX,LUX,LUX,LUX,LUX,LUX,LUX,LUX,LUX,LUX,LUX,LUX,LUX,LUX,LUX,LUX,LUX,LUX,LUX,LUX,LUX,LUX,LUX,LUX,LUX,LUX,LUX,LUX,LUX,LUX,-99.0,-99.0,Europe,Europe,Western Europe,Europe & Central Asia,10.0,10.0,4.0,5.0,1.0,0.0,5.7,10.0,6.07762,49.733732,1159321031.0,Q32,لوكسمبورغ,লুক্সেমবুর্গ,Luxemburg,Luxembourg,Luxemburgo,لوکزامبورگ,Luxembourg,Λουξεμβούργο,לוקסמבורג,लक्ज़मबर्ग,Luxemburg,Luksemburg,Lussemburgo,ルクセンブルク,룩셈부르크,Luxemburg,Luksemburg,Luxemburgo,Люксембург,Luxemburg,Lüksemburg,Люксембург,لکسمبرگ,Luxembourg,卢森堡,盧森堡,Admin-0 country,,Admin-0 country,,,,,,,,,,,,,,,,,,,,,,,,,,,,,,,,,,,,,,,,,,,,,,,,,,,,,,,,,,,,,,,,,,,,,,,,,,,,,,,,,,,,,,,,,,,,,,,,,,,,,,,,,,,,,,,,,,,,
Admin-0 country,0,4.0,United Arab Emirates,ARE,0.0,2.0,Sovereign country,1,United Arab Emirates,ARE,0.0,United Arab Emirates,ARE,0.0,United Arab Emirates,ARE,0.0,United Arab Emirates,United Arab Emirates,ARE,United Arab Emirates,,U.A.E.,AE,United Arab Emirates,,United Arab Emirates,,,United Arab Emirates,,2.0,1.0,3.0,3.0,9770529.0,13.0,2019.0,421142.0,2019.0,6. Developing region,2. High income: nonOECD,AE,AE,AE,ARE,ARE,784,784,784,AE,ARE,23424738.0,23424738.0,Exact WOE match as country,ARE,,ARE,ARE,ARE,ARE,ARE,ARE,ARE,ARE,ARE,ARE,ARE,ARE,ARE,ARE,ARE,ARE,ARE,ARE,ARE,ARE,ARE,ARE,ARE,ARE,ARE,ARE,ARE,ARE,ARE,ARE,ARE,ARE,-99.0,-99.0,Asia,Asia,Western Asia,Middle East & North Africa,20.0,20.0,6.0,-99.0,1.0,0.0,4.0,9.0,54.547256,23.466285,1159320329.0,Q878,الإمارات العربية المتحدة,সংযুক্ত আরব আমিরাত,Vereinigte Arabische Emirate,United Arab Emirates,Emiratos Árabes Unidos,امارات متحده عربی,Émirats arabes unis,Ηνωμένα Αραβικά Εμιράτα,איחוד האמירויות הערביות,संयुक्त अरब अमीरात,Egyesült Arab Emírségek,Uni Emirat Arab,Emirati Arabi Uniti,アラブ首長国連邦,아랍에미리트,Verenigde Arabische Emiraten,Zjednoczone Emiraty Arabskie,Emirados Árabes Unidos,Объединённые Арабские Эмираты,Förenade Arabemiraten,Birleşik Arap Emirlikleri,Об'єднані Арабські Емірати,متحدہ عرب امارات,Các Tiểu vương quốc Ả Rập Thống nhất,阿拉伯联合酋长国,阿拉伯聯合大公國,Admin-0 country,,Admin-0 country,,,,,,,,,,,,,,,,,,,,,,,,,,,,,,,,,,,,,,,,,,,,,,,,,,,,,,,,,,,,,,,,,,,,,,,,,,,,,,,,,,,,,,,,,,,,,,,,,,,,,,,,,,,,,,,,,,,,
Admin-0 country,0,2.0,Belgium,BEL,0.0,2.0,Sovereign country,1,Belgium,BEL,0.0,Belgium,BEL,0.0,Belgium,BEL,0.0,Belgium,Belgium,BEL,Belgium,,Belg.,B,Kingdom of Belgium,,Belgium,,,Belgium,,3.0,2.0,1.0,8.0,11484055.0,14.0,2019.0,533097.0,2019.0,2. Developed region: nonG7,1. High income: OECD,BE,BE,BE,BEL,BEL,056,056,056,BE,BEL,23424757.0,23424757.0,Exact WOE match as country,BEL,,BEL,BEL,BEL,BEL,BEL,BEL,BEL,BEL,BEL,BEL,BEL,BEL,BEL,BEL,BEL,BEL,BEL,BEL,BEL,BEL,BEL,BEL,BEL,BEL,BEL,BEL,BEL,BEL,BEL,BEL,BEL,BEL,-99.0,-99.0,Europe,Europe,Western Europe,Europe & Central Asia,7.0,7.0,5.0,-99.0,1.0,0.0,4.0,9.0,4.800448,50.785392,1159320389.0,Q31,بلجيكا,বেলজিয়াম,Belgien,Belgium,Bélgica,بلژیک,Belgique,Βέλγιο,בלגיה,बेल्जियम,Belgium,Belgia,Belgio,ベルギー,벨기에,België,Belgia,Bélgica,Бельгия,Belgien,Belçika,Бельгія,بلجئیم,Bỉ,比利时,比利時,Admin-0 country,,Admin-0 country,,,,,,,,,,,,,,,,,,,,,,,,,,,,,,,,,,,,,,,,,,,,,,,,,,,,,,,,,,,,,,,,,,,,,,,,,,,,,,,,,,,,,,,,,,,,,,,,,,,,,,,,,,,,,,,,,,,,
Admin-0 country,0,5.0,Georgia,GEO,0.0,2.0,Sovereign country,1,Georgia,GEO,0.0,Georgia,GEO,0.0,Georgia,GEO,0.0,Georgia,Georgia,GEO,Georgia,,Geo.,GE,Georgia,,Georgia,,,Georgia,,5.0,1.0,3.0,2.0,3720382.0,12.0,2019.0,17477.0,2019.0,6. Developing region,4. Lower middle income,GG,GE,GE,GEO,GEO,268,268,268,GE,GEO,23424823.0,23424823.0,Exact WOE match as country,GEO,,GEO,GEO,GEO,GEO,GEO,GEO,GEO,GEO,GEO,GEO,GEO,GEO,GEO,GEO,GEO,GEO,GEO,GEO,GEO,GEO,GEO,GEO,GEO,GEO,GEO,GEO,GEO,GEO,GEO,GEO,GEO,GEO,-99.0,-99.0,Asia,Asia,Western Asia,Europe & Central Asia,7.0,7.0,4.0,-99.0,1.0,0.0,4.0,9.0,43.735724,41.870087,1159320779.0,Q230,جورجيا,জর্জিয়া,Georgien,Georgia,Georgia,گرجستان,Géorgie,Γεωργία,גאורגיה,जॉर्जिया,Grúzia,Georgia,Georgia,ジョージア,조지아,Georgië,Gruzja,Geórgia,Грузия,Georgien,Gürcistan,Грузія,جارجیا,Gruzia,格鲁吉亚,喬治亞,Admin-0 country,,Admin-0 country,,,,,,,,,,,,,,,,,,,,,,,,,,,,,,,,,,,,,,,,,,,,,,,,,,,,,,,,,,,,,,,,,,,,,,,,,,,,,,,,,,,,,,,,,,,,,,,,,,,,,,,,,,,,,,,,,,,,
Admin-0 country,0,6.0,North Macedonia,MKD,0.0,2.0,Sovereign country,1,North Macedonia,MKD,0.0,North Macedonia,MKD,0.0,North Macedonia,MKD,0.0,North Macedonia,North Macedonia,MKD,North Macedonia,,N. Mac.,NM,Republic of North Macedonia,,North Macedonia,,,North Macedonia,,5.0,3.0,7.0,3.0,2083459.0,12.0,2019.0,12547.0,2019.0,6. Developing region,3. Upper middle income,MK,MK,MK,MKD,MKD,807,807,807,MK,MKD,23424890.0,23424890.0,Exact WOE match as country,MKD,,MKD,MKD,MKD,MKD,MKD,MKD,MKD,MKD,MKD,MKD,MKD,MKD,MKD,MKD,MKD,MKD,MKD,MKD,MKD,MKD,MKD,MKD,MKD,MKD,MKD,MKD,MKD,MKD,MKD,MKD,MKD,MKD,-99.0,-99.0,Europe,Europe,Southern Europe,Europe & Central Asia,15.0,15.0,7.0,-99.0,1.0,0.0,5.0,10.0,21.555839,41.558223,1159321061.0,Q221,مقدونيا الشمالية,উত্তর মেসিডোনিয়া,Nordmazedonien,North Macedonia,Macedonia del Norte,مقدونیه شمالی,Macédoine du Nord,Βόρεια Μακεδονία,מקדוניה הצפונית,उत्तर मैसिडोनिया,Észak-Macedónia,Republik Makedonia Utara,Macedonia del Nord,北マケドニア,북마케도니아,Noord-Macedonië,Macedonia Północna,Macedónia do Norte,Северная Македония,Nordmakedonien,Kuzey Makedonya,Північна Македонія,شمالی مقدونیہ,Bắc Macedonia,北马其顿,北馬其頓,Admin-0 country,,Admin-0 country,,,,,,,,,,,,,,,,,,,,,,,,,,,,,,,,,,,,,,,,,,,,,,,,,,,,,,,,,,,,,,,,,,,,,,,,,,,,,,,,,,,,,,,,,,,,,,,,,,,,,,,,,,,,,,,,,,,,
Admin-0 country,0,6.0,Albania,ALB,0.0,2.0,Sovereign country,1,Albania,ALB,0.0,Albania,ALB,0.0,Albania,ALB,0.0,Albania,Albania,ALB,Albania,,Alb.,AL,Republic of Albania,,Albania,,,Albania,,1.0,4.0,1.0,6.0,2854191.0,12.0,2019.0,15279.0,2019.0,6. Developing region,4. Lower middle income,AL,AL,AL,ALB,ALB,008,008,008,AL,ALB,23424742.0,23424742.0,Exact WOE match as country,ALB,,ALB,ALB,ALB,ALB,ALB,ALB,ALB,ALB,ALB,ALB,ALB,ALB,ALB,ALB,ALB,ALB,ALB,ALB,ALB,ALB,ALB,ALB,ALB,ALB,ALB,ALB,ALB,ALB,ALB,ALB,ALB,ALB,-99.0,-99.0,Europe,Europe,Southern Europe,Europe & Central Asia,7.0,7.0,4.0,-99.0,1.0,0.0,5.0,10.0,20.11384,40.654855,1159320325.0,Q222,ألبانيا,আলবেনিয়া,Albanien,Albania,Albania,آلبانی,Albanie,Αλβανία,אלבניה,अल्बानिया,Albánia,Albania,Albania,アルバニア,알바니아,Albanië,Albania,Albânia,Албания,Albanien,Arnavutluk,Албанія,البانیا,Albania,阿尔巴尼亚,阿爾巴尼亞,Admin-0 country,,Admin-0 country,,,,,,,,,,,,,,,,,,,,,,,,,,,,,,,,,,,,,,,,,,,,,,,,,,,,,,,,,,,,,,,,,,,,,,,,,,,,,,,,,,,,,,,,,,,,,,,,,,,,,,,,,,,,,,,,,,,,
Admin-0 country,0,5.0,Azerbaijan,AZE,0.0,2.0,Sovereign country,1,Azerbaijan,AZE,0.0,Azerbaijan,AZE,0.0,Azerbaijan,AZE,0.0,Azerbaijan,Azerbaijan,AZE,Azerbaijan,,Aze.,AZ,Republic of Azerbaijan,,Azerbaijan,,,Azerbaijan,,1.0,6.0,5.0,8.0,10023318.0,14.0,2019.0,48047.0,2019.0,6. Developing region,3. Upper middle income,AJ,AZ,AZ,AZE,AZE,031,031,031,AZ,AZE,23424741.0,23424741.0,Exact WOE match as country,AZE,,AZE,AZE,AZE,AZE,AZE,AZE,AZE,AZE,AZE,AZE,AZE,AZE,AZE,AZE,AZE,AZE,AZE,AZE,AZE,AZE,AZE,AZE,AZE,AZE,AZE,AZE,AZE,AZE,AZE,AZE,AZE,AZE,-99.0,-99.0,Asia,Asia,Western Asia,Europe & Central Asia,10.0,10.0,4.0,-99.0,1.0,0.0,4.0,9.0,47.210994,40.402387,1159320381.0,Q227,أذربيجان,আজারবাইজান,Aserbaidschan,Azerbaijan,Azerbaiyán,جمهوری آذربایجان,Azerbaïdjan,Αζερμπαϊτζάν,אזרבייג'ן,अज़रबैजान,Azerbajdzsán,Azerbaijan,Azerbaigian,アゼルバイジャン,아제르바이잔,Azerbeidzjan,Azerbejdżan,Azerbaijão,Азербайджан,Azerbajdzjan,Azerbaycan,Азербайджан,آذربائیجان,Azerbaijan,阿塞拜疆,亞塞拜然,Admin-0 country,,Admin-0 country,,,,,,,,,,,,,,,,,,,,,,,,,,,,,,,,,,,,,,,,,,,,,,,,,,,,,,,,,,,,,,,,,,,,,,,,,,,,,,,,,,,,,,,,,,,,,,,,,,,,,,,,,,,,,,,,,,,,
Admin-0 country,0,6.0,Kosovo,KOS,0.0,2.0,Disputed,1,Kosovo,KOS,0.0,Kosovo,KOS,0.0,Kosovo,KOS,0.0,Kosovo,Kosovo,KOS,Kosovo,,Kos.,KO,Republic of Kosovo,,Kosovo,,,Kosovo,,2.0,2.0,3.0,11.0,1794248.0,12.0,2019.0,7926.0,2019.0,6. Developing region,4. Lower middle income,KV,-99,XK,-99,-99,-99,-99,-099,KV,KSV,-90.0,29389201.0,"Subunit of Serbia in WOE still; should include 29389201, 29389207, 29389218, 29389209 and 29389214.",SRB,1,KOS,KOS,KOS,SRB,SRB,SRB,KOS,SRB,SRB,KOS,KOS,SRB,KOS,KOS,SRB,KOS,KOS,SRB,KOS,SRB,KOS,KOS,SRB,KOS,SRB,KOS,SRB,KOS,KOS,KOS,KOS,SRB,-99.0,-99.0,Europe,Europe,Southern Europe,Europe & Central Asia,6.0,6.0,4.0,-99.0,1.0,0.0,5.0,10.0,20.860719,42.593587,1159321007.0,Q1246,كوسوفو,কসোভো,Kosovo,Kosovo,Kosovo,کوزووو,Kosovo,Κοσσυφοπέδιο,קוסובו,कोसोवो गणराज्य,Koszovó,Kosovo,Kosovo,コソボ共和国,코소보,Kosovo,Kosowo,Kosovo,Республика Косово,Kosovo,Kosova,Косово,کوسووہ,Kosovo,科索沃,科索沃,Unrecognized,1,Admin-0 country,Admin-0 country,Admin-0 country,Admin-1 region,Unrecognized,Unrecognized,Admin-0 country,Admin-1 region,Unrecognized,Admin-0 country,Admin-0 country,Admin-0 country,Unrecognized,Admin-0 country,Unrecognized,Admin-0 country,Admin-0 country,Unrecognized,Admin-0 country,Unrecognized,Admin-0 country,Admin-0 country,Unrecognized,Admin-0 country,Unrecognized,Admin-0 country,Unrecognized,Admin-0 country,Admin-0 country,Admin-0 country,Admin-0 country,Unrecognized,,,,,,,,,,,,,,,,,,,,,,,,,,,,,,,,,,,,,,,,,,,,,,,,,,,,,,,,,,,,,,,,,,,,,,,,,,,,,,,,,,,,,
Admin-0 country,0,2.0,Turkey,TUR,0.0,2.0,Sovereign country,1,Turkey,TUR,0.0,Turkey,TUR,0.0,Turkey,TUR,0.0,Turkey,Turkey,TUR,Turkey,,Tur.,TR,Republic of Turkey,,Turkey,,,Turkey,,6.0,3.0,8.0,4.0,83429615.0,16.0,2019.0,761425.0,2019.0,4. Emerging region: MIKT,3. Upper middle income,TU,TR,TR,TUR,TUR,792,792,792,TR,TUR,23424969.0,23424969.0,Exact WOE match as country,TUR,,TUR,TUR,TUR,TUR,TUR,TUR,TUR,TUR,TUR,TUR,TUR,TUR,TUR,TUR,TUR,TUR,TUR,TUR,TUR,TUR,TUR,TUR,TUR,TUR,TUR,TUR,TUR,TUR,TUR,TUR,TUR,TUR,-99.0,-99.0,Asia,Asia,Western Asia,Europe & Central Asia,6.0,6.0,4.0,-99.0,1.0,0.0,2.0,7.0,34.508268,39.345388,1159321331.0,Q43,تركيا,তুরস্ক,Türkei,Turkey,Turquía,ترکیه,Turquie,Τουρκία,טורקיה,तुर्की,Törökország,Turki,Turchia,トルコ,터키,Turkije,Turcja,Turquia,Турция,Turkiet,Türkiye,Туреччина,ترکی,Thổ Nhĩ Kỳ,土耳其,土耳其,Admin-0 country,,Admin-0 country,,,,,,,,,,,,,,,,,,,,,,,,,,,,,,,,,,,,,,,,,,,,,,,,,,,,,,,,,,,,,,,,,,,,,,,,,,,,,,,,,,,,,,,,,,,,,,,,,,,,,,,,,,,,,,,,,,,,
Admin-0 country,0,4.0,Laos,LAO,0.0,2.0,Sovereign country,1,Laos,LAO,0.0,Laos,LAO,0.0,Laos,LAO,0.0,Laos,Lao PDR,LAO,Laos,,Laos,LA,Lao People's Democratic Republic,,Laos,,,Lao PDR,,1.0,1.0,1.0,9.0,7169455.0,13.0,2019.0,18173.0,2019.0,7. Least developed region,4. Lower middle income,LA,LA,LA,LAO,LAO,418,418,418,LA,LAO,23424872.0,23424872.0,Exact WOE match as country,LAO,,LAO,LAO,LAO,LAO,LAO,LAO,LAO,LAO,LAO,LAO,LAO,LAO,LAO,LAO,LAO,LAO,LAO,LAO,LAO,LAO,LAO,LAO,LAO,LAO,LAO,LAO,LAO,LAO,LAO,LAO,LAO,LAO,-99.0,-99.0,Asia,Asia,South-Eastern Asia,East Asia & Pacific,4.0,7.0,4.0,-99.0,1.0,0.0,4.0,9.0,102.533912,19.431821,1159321011.0,Q819,لاوس,লাওস,Laos,Laos,Laos,لائوس,Laos,Λάος,לאוס,लाओस,Laosz,Laos,Laos,ラオス,라오스,Laos,Laos,Laos,Лаос,Laos,Laos,Лаос,لاؤس,Lào,老挝,寮國,Admin-0 country,,Admin-0 country,,,,,,,,,,,,,,,,,,,,,,,,,,,,,,,,,,,,,,,,,,,,,,,,,,,,,,,,,,,,,,,,,,,,,,,,,,,,,,,,,,,,,,,,,,,,,,,,,,,,,,,,,,,,,,,,,,,,
Admin-0 country,0,4.0,Kyrgyzstan,KGZ,0.0,2.0,Sovereign country,1,Kyrgyzstan,KGZ,0.0,Kyrgyzstan,KGZ,0.0,Kyrgyzstan,KGZ,0.0,Kyrgyzstan,Kyrgyzstan,KGZ,Kyrgyzstan,,Kgz.,KG,Kyrgyz Republic,,Kyrgyzstan,,,Kyrgyz Republic,,5.0,7.0,7.0,6.0,6456900.0,13.0,2019.0,8454.0,2019.0,6. Developing region,5. Low income,KG,KG,KG,KGZ,KGZ,417,417,417,KG,KGZ,23424864.0,23424864.0,Exact WOE match as country,KGZ,,KGZ,KGZ,KGZ,KGZ,KGZ,KGZ,KGZ,KGZ,KGZ,KGZ,KGZ,KGZ,KGZ,KGZ,KGZ,KGZ,KGZ,KGZ,KGZ,KGZ,KGZ,KGZ,KGZ,KGZ,KGZ,KGZ,KGZ,KGZ,KGZ,KGZ,KGZ,KGZ,-99.0,-99.0,Asia,Asia,Central Asia,Europe & Central Asia,10.0,10.0,4.0,-99.0,1.0,0.0,3.0,8.0,74.532637,41.66854,1159320977.0,Q813,قيرغيزستان,কিরগিজস্তান,Kirgisistan,Kyrgyzstan,Kirguistán,قرقیزستان,Kirghizistan,Κιργιζία,קירגיזסטן,किर्गिज़स्तान,Kirgizisztán,Kirgizstan,Kirghizistan,キルギス,키르기스스탄,Kirgizië,Kirgistan,Quirguistão,Киргизия,Kirgizistan,Kırgızistan,Киргизстан,کرغیزستان,Kyrgyzstan,吉尔吉斯斯坦,吉爾吉斯,Admin-0 country,,Admin-0 country,,,,,,,,,,,,,,,,,,,,,,,,,,,,,,,,,,,,,,,,,,,,,,,,,,,,,,,,,,,,,,,,,,,,,,,,,,,,,,,,,,,,,,,,,,,,,,,,,,,,,,,,,,,,,,,,,,,,
Admin-0 country,0,6.0,Armenia,ARM,0.0,2.0,Sovereign country,1,Armenia,ARM,0.0,Armenia,ARM,0.0,Armenia,ARM,0.0,Armenia,Armenia,ARM,Armenia,,Arm.,ARM,Republic of Armenia,,Armenia,,,Armenia,,3.0,1.0,2.0,10.0,2957731.0,12.0,2019.0,13672.0,2019.0,6. Developing region,4. Lower middle income,AM,AM,AM,ARM,ARM,051,051,051,AM,ARM,23424743.0,23424743.0,Exact WOE match as country,ARM,,ARM,ARM,ARM,ARM,ARM,ARM,ARM,ARM,ARM,ARM,ARM,ARM,ARM,ARM,ARM,ARM,ARM,ARM,ARM,ARM,ARM,ARM,ARM,ARM,ARM,ARM,ARM,ARM,ARM,ARM,ARM,ARM,-99.0,-99.0,Asia,Asia,Western Asia,Europe & Central Asia,7.0,7.0,4.0,-99.0,1.0,0.0,5.0,10.0,44.800564,40.459077,1159320333.0,Q399,أرمينيا,আর্মেনিয়া,Armenien,Armenia,Armenia,ارمنستان,Arménie,Αρμενία,ארמניה,आर्मीनिया,Örményország,Armenia,Armenia,アルメニア,아르메니아,Armenië,Armenia,Arménia,Армения,Armenien,Ermenistan,Вірменія,آرمینیا,Armenia,亚美尼亚,亞美尼亞,Admin-0 country,,Admin-0 country,,,,,,,,,,,,,,,,,,,,,,,,,,,,,,,,,,,,,,,,,,,,,,,,,,,,,,,,,,,,,,,,,,,,,,,,,,,,,,,,,,,,,,,,,,,,,,,,,,,,,,,,,,,,,,,,,,,,
Admin-0 country,0,4.0,Denmark,DN1,1.0,2.0,Country,1,Denmark,DNK,0.0,Denmark,DNK,0.0,Denmark,DNK,0.0,Denmark,Denmark,DNK,Denmark,,Den.,DK,Kingdom of Denmark,,Denmark,,,Denmark,,4.0,1.0,3.0,12.0,5818553.0,13.0,2019.0,350104.0,2019.0,2. Developed region: nonG7,1. High income: OECD,DA,DK,DK,DNK,DNK,208,208,208,DK,DNK,23424796.0,23424796.0,Exact WOE match as country,DNK,,DNK,DNK,DNK,DNK,DNK,DNK,DNK,DNK,DNK,DNK,DNK,DNK,DNK,DNK,DNK,DNK,DNK,DNK,DNK,DNK,DNK,DNK,DNK,DNK,DNK,DNK,DNK,DNK,DNK,DNK,DNK,DNK,-99.0,-99.0,Europe,Europe,Northern Europe,Europe & Central Asia,7.0,7.0,4.0,-99.0,1.0,0.0,3.0,8.0,9.018163,55.966965,1159320547.0,Q35,الدنمارك,ডেনমার্ক,Dänemark,Denmark,Dinamarca,دانمارک,Danemark,Δανία,דנמרק,डेनमार्क,Dánia,Denmark,Danimarca,デンマーク,덴마크,Denemarken,Dania,Dinamarca,Дания,Danmark,Danimarka,Данія,ڈنمارک,Đan Mạch,丹麦,丹麥,Admin-0 country,,Admin-0 country,,,,,,,,,,,,,,,,,,,,,,,,,,,,,,,,,,,,,,,,,,,,,,,,,,,,,,,,,,,,,,,,,,,,,,,,,,,,,,,,,,,,,,,,,,,,,,,,,,,,,,,,,,,,,,,,,,,,
Admin-0 country,0,3.0,Libya,LBY,0.0,2.0,Sovereign country,1,Libya,LBY,0.0,Libya,LBY,0.0,Libya,LBY,0.0,Libya,Libya,LBY,Libya,,Libya,LY,Libya,,Libya,,,Libya,,1.0,2.0,2.0,11.0,6777452.0,13.0,2019.0,52091.0,2019.0,6. Developing region,3. Upper middle income,LY,LY,LY,LBY,LBY,434,434,434,LY,LBY,23424882.0,23424882.0,Exact WOE match as country,LBY,,LBY,LBY,LBY,LBY,LBY,LBY,LBY,LBY,LBY,LBY,LBY,LBY,LBY,LBY,LBY,LBY,LBY,LBY,LBY,LBY,LBY,LBY,LBY,LBY,LBY,LBY,LBY,LBY,LBY,LBY,LBY,LBY,-99.0,-99.0,Africa,Africa,Northern Africa,Middle East & North Africa,5.0,5.0,5.0,-99.0,1.0,0.0,3.0,8.0,18.011015,26.638944,1159321017.0,Q1016,ليبيا,লিবিয়া,Libyen,Libya,Libia,لیبی,Libye,Λιβύη,לוב,लीबिया,Líbia,Libya,Libia,リビア,리비아,Libië,Libia,Líbia,Ливия,Libyen,Libya,Лівія,لیبیا,Libya,利比亚,利比亞,Admin-0 country,,Admin-0 country,,,,,,,,,,,,,,,,,,,,,,,,,,,,,,,,,,,,,,,,,,,,,,,,,,,,,,,,,,,,,,,,,,,,,,,,,,,,,,,,,,,,,,,,,,,,,,,,,,,,,,,,,,,,,,,,,,,,
Admin-0 country,0,3.0,Tunisia,TUN,0.0,2.0,Sovereign country,1,Tunisia,TUN,0.0,Tunisia,TUN,0.0,Tunisia,TUN,0.0,Tunisia,Tunisia,TUN,Tunisia,,Tun.,TN,Republic of Tunisia,,Tunisia,,,Tunisia,,4.0,3.0,3.0,2.0,11694719.0,14.0,2019.0,38796.0,2019.0,6. Developing region,3. Upper middle income,TS,TN,TN,TUN,TUN,788,788,788,TN,TUN,23424967.0,23424967.0,Exact WOE match as country,TUN,,TUN,TUN,TUN,TUN,TUN,TUN,TUN,TUN,TUN,TUN,TUN,TUN,TUN,TUN,TUN,TUN,TUN,TUN,TUN,TUN,TUN,TUN,TUN,TUN,TUN,TUN,TUN,TUN,TUN,TUN,TUN,TUN,-99.0,-99.0,Africa,Africa,Northern Africa,Middle East & North Africa,7.0,7.0,4.0,-99.0,1.0,0.0,3.0,8.0,9.007881,33.687263,1159321327.0,Q948,تونس,তিউনিসিয়া,Tunesien,Tunisia,Túnez,تونس,Tunisie,Τυνησία,תוניסיה,ट्यूनिशिया,Tunézia,Tunisia,Tunisia,チュニジア,튀니지,Tunesië,Tunezja,Tunísia,Тунис,Tunisien,Tunus,Туніс,تونس,Tuy-ni-di,突尼斯,突尼西亞,Admin-0 country,,Admin-0 country,,,,,,,,,,,,,,,,,,,,,,,,,,,,,,,,,,,,,,,,,,,,,,,,,,,,,,,,,,,,,,,,,,,,,,,,,,,,,,,,,,,,,,,,,,,,,,,,,,,,,,,,,,,,,,,,,,,,
Admin-0 country,0,3.0,Romania,ROU,0.0,2.0,Sovereign country,1,Romania,ROU,0.0,Romania,ROU,0.0,Romania,ROU,0.0,Romania,Romania,ROU,Romania,,Rom.,RO,Romania,,Romania,,,Romania,,1.0,4.0,3.0,13.0,19356544.0,14.0,2019.0,250077.0,2019.0,2. Developed region: nonG7,3. Upper middle income,RO,RO,RO,ROU,ROU,642,642,642,RO,ROM,23424933.0,23424933.0,Exact WOE match as country,ROU,,ROU,ROU,ROU,ROU,ROU,ROU,ROU,ROU,ROU,ROU,ROU,ROU,ROU,ROU,ROU,ROU,ROU,ROU,ROU,ROU,ROU,ROU,ROU,ROU,ROU,ROU,ROU,ROU,ROU,ROU,ROU,ROU,-99.0,-99.0,Europe,Europe,Eastern Europe,Europe & Central Asia,7.0,7.0,4.0,-99.0,1.0,0.0,3.0,8.0,24.972624,45.733237,1159321199.0,Q218,رومانيا,রোমানিয়া,Rumänien,Romania,Rumania,رومانی,Roumanie,Ρουμανία,רומניה,रोमानिया,Románia,Rumania,Romania,ルーマニア,루마니아,Roemenië,Rumunia,Roménia,Румыния,Rumänien,Romanya,Румунія,رومانیہ,Romania,罗马尼亚,羅馬尼亞,Admin-0 country,,Admin-0 country,,,,,,,,,,,,,,,,,,,,,,,,,,,,,,,,,,,,,,,,,,,,,,,,,,,,,,,,,,,,,,,,,,,,,,,,,,,,,,,,,,,,,,,,,,,,,,,,,,,,,,,,,,,,,,,,,,,,
Admin-0 country,0,5.0,Hungary,HUN,0.0,2.0,Sovereign country,1,Hungary,HUN,0.0,Hungary,HUN,0.0,Hungary,HUN,0.0,Hungary,Hungary,HUN,Hungary,,Hun.,HU,Republic of Hungary,,Hungary,,,Hungary,,4.0,6.0,1.0,5.0,9769949.0,13.0,2019.0,163469.0,2019.0,2. Developed region: nonG7,1. High income: OECD,HU,HU,HU,HUN,HUN,348,348,348,HU,HUN,23424844.0,23424844.0,Exact WOE match as country,HUN,,HUN,HUN,HUN,HUN,HUN,HUN,HUN,HUN,HUN,HUN,HUN,HUN,HUN,HUN,HUN,HUN,HUN,HUN,HUN,HUN,HUN,HUN,HUN,HUN,HUN,HUN,HUN,HUN,HUN,HUN,HUN,HUN,-99.0,-99.0,Europe,Europe,Eastern Europe,Europe & Central Asia,7.0,7.0,4.0,-99.0,1.0,0.0,4.0,9.0,19.447867,47.086841,1159320841.0,Q28,المجر,হাঙ্গেরি,Ungarn,Hungary,Hungría,مجارستان,Hongrie,Ουγγαρία,הונגריה,हंगरी,Magyarország,Hongaria,Ungheria,ハンガリー,헝가리,Hongarije,Węgry,Hungria,Венгрия,Ungern,Macaristan,Угорщина,ہنگری,Hungary,匈牙利,匈牙利,Admin-0 country,,Admin-0 country,,,,,,,,,,,,,,,,,,,,,,,,,,,,,,,,,,,,,,,,,,,,,,,,,,,,,,,,,,,,,,,,,,,,,,,,,,,,,,,,,,,,,,,,,,,,,,,,,,,,,,,,,,,,,,,,,,,,
Admin-0 country,0,6.0,Slovakia,SVK,0.0,2.0,Sovereign country,1,Slovakia,SVK,0.0,Slovakia,SVK,0.0,Slovakia,SVK,0.0,Slovakia,Slovakia,SVK,Slovakia,,Svk.,SK,Slovak Republic,,Slovakia,,,Slovak Republic,,2.0,4.0,4.0,9.0,5454073.0,13.0,2019.0,105079.0,2019.0,2. Developed region: nonG7,1. High income: OECD,LO,SK,SK,SVK,SVK,703,703,703,SK,SVK,23424877.0,23424877.0,Exact WOE match as country,SVK,,SVK,SVK,SVK,SVK,SVK,SVK,SVK,SVK,SVK,SVK,SVK,SVK,SVK,SVK,SVK,SVK,SVK,SVK,SVK,SVK,SVK,SVK,SVK,SVK,SVK,SVK,SVK,SVK,SVK,SVK,SVK,SVK,-99.0,-99.0,Europe,Europe,Eastern Europe,Europe & Central Asia,8.0,8.0,4.0,-99.0,1.0,0.0,4.0,9.0,19.049868,48.734044,1159321283.0,Q214,سلوفاكيا,স্লোভাকিয়া,Slowakei,Slovakia,Eslovaquia,اسلواکی,Slovaquie,Σλοβακία,סלובקיה,स्लोवाकिया,Szlovákia,Slowakia,Slovacchia,スロバキア,슬로바키아,Slowakije,Słowacja,Eslováquia,Словакия,Slovakien,Slovakya,Словаччина,سلوواکیہ,Slovakia,斯洛伐克,斯洛伐克,Admin-0 country,,Admin-0 country,,,,,,,,,,,,,,,,,,,,,,,,,,,,,,,,,,,,,,,,,,,,,,,,,,,,,,,,,,,,,,,,,,,,,,,,,,,,,,,,,,,,,,,,,,,,,,,,,,,,,,,,,,,,,,,,,,,,
Admin-0 country,0,3.0,Poland,POL,0.0,2.0,Sovereign country,1,Poland,POL,0.0,Poland,POL,0.0,Poland,POL,0.0,Poland,Poland,POL,Poland,,Pol.,PL,Republic of Poland,,Poland,,,Poland,,3.0,7.0,1.0,2.0,37970874.0,15.0,2019.0,595858.0,2019.0,2. Developed region: nonG7,1. High income: OECD,PL,PL,PL,POL,POL,616,616,616,PL,POL,23424923.0,23424923.0,Exact WOE match as country,POL,,POL,POL,POL,POL,POL,POL,POL,POL,POL,POL,POL,POL,POL,POL,POL,POL,POL,POL,POL,POL,POL,POL,POL,POL,POL,POL,POL,POL,POL,POL,POL,POL,-99.0,-99.0,Europe,Europe,Eastern Europe,Europe & Central Asia,6.0,6.0,4.0,-99.0,1.0,0.0,2.5,7.0,19.490468,51.990316,1159321179.0,Q36,بولندا,পোল্যান্ড,Polen,Poland,Polonia,لهستان,Pologne,Πολωνία,פולין,पोलैंड,Lengyelország,Polandia,Polonia,ポーランド,폴란드,Polen,Polska,Polónia,Польша,Polen,Polonya,Польща,پولینڈ,Ba Lan,波兰,波蘭,Admin-0 country,,Admin-0 country,,,,,,,,,,,,,,,,,,,,,,,,,,,,,,,,,,,,,,,,,,,,,,,,,,,,,,,,,,,,,,,,,,,,,,,,,,,,,,,,,,,,,,,,,,,,,,,,,,,,,,,,,,,,,,,,,,,,
Admin-0 country,0,3.0,Ireland,IRL,0.0,2.0,Sovereign country,1,Ireland,IRL,0.0,Ireland,IRL,0.0,Ireland,IRL,0.0,Ireland,Ireland,IRL,Ireland,,Ire.,IRL,Ireland,,Ireland,,,Ireland,,2.0,3.0,2.0,2.0,4941444.0,12.0,2019.0,388698.0,2019.0,2. Developed region: nonG7,1. High income: OECD,EI,IE,IE,IRL,IRL,372,372,372,IE,IRL,23424803.0,23424803.0,Exact WOE match as country,IRL,,IRL,IRL,IRL,IRL,IRL,IRL,IRL,IRL,IRL,IRL,IRL,IRL,IRL,IRL,IRL,IRL,IRL,IRL,IRL,IRL,IRL,IRL,IRL,IRL,IRL,IRL,IRL,IRL,IRL,IRL,IRL,IRL,-99.0,-99.0,Europe,Europe,Northern Europe,Europe & Central Asia,7.0,7.0,4.0,-99.0,1.0,0.0,3.0,8.0,-7.798588,53.078726,1159320877.0,Q27,جمهورية أيرلندا,প্রজাতন্ত্রী আয়ারল্যান্ড,Irland,Ireland,Irlanda,ایرلند,Irlande,Δημοκρατία της Ιρλανδίας,אירלנד,आयरलैण्ड,Írország,Republik Irlandia,Irlanda,アイルランド,아일랜드,Ierland,Irlandia,República da Irlanda,Ирландия,Irland,İrlanda,Ірландія,جمہوریہ آئرلینڈ,Cộng hòa Ireland,爱尔兰,愛爾蘭,Admin-0 country,,Admin-0 country,,,,,,,,,,,,,,,,,,,,,,,,,,,,,,,,,,,,,,,,,,,,,,,,,,,,,,,,,,,,,,,,,,,,,,,,,,,,,,,,,,,,,,,,,,,,,,,,,,,,,,,,,,,,,,,,,,,,
Admin-0 country,0,2.0,United Kingdom,GB1,1.0,2.0,Country,1,United Kingdom,GBR,0.0,United Kingdom,GBR,0.0,United Kingdom,GBR,0.0,United Kingdom,United Kingdom,GBR,United Kingdom,,U.K.,GB,United Kingdom of Great Britain and Northern Ireland,,United Kingdom,,,United Kingdom,,6.0,6.0,6.0,3.0,66834405.0,16.0,2019.0,2829108.0,2019.0,1. Developed region: G7,1. High income: OECD,UK,GB,GB,GBR,GBR,826,826,826,GB,GBR,-90.0,23424975.0,"Eh ID includes Channel Islands and Isle of Man. UK constituent countries of England (24554868), Wales (12578049), Scotland (12578048), and Northern Ireland (20070563).",GBR,,GBR,GBR,GBR,GBR,GBR,GBR,GBR,GBR,GBR,GBR,GBR,GBR,GBR,GBR,GBR,GBR,GBR,GBR,GBR,GBR,GBR,GBR,GBR,GBR,GBR,GBR,GBR,GBR,GBR,GBR,GBR,GBR,-99.0,-99.0,Europe,Europe,Northern Europe,Europe & Central Asia,14.0,14.0,4.0,-99.0,1.0,0.0,1.7000000000000002,6.7,-2.116346,54.402739,1159320713.0,Q145,المملكة المتحدة,যুক্তরাজ্য,Vereinigtes Königreich,United Kingdom,Reino Unido,بریتانیا,Royaume-Uni,Ηνωμένο Βασίλειο,הממלכה המאוחדת,यूनाइटेड किंगडम,Egyesült Királyság,Britania Raya,Regno Unito,イギリス,영국,Verenigd Koninkrijk,Wielka Brytania,Reino Unido,Великобритания,Storbritannien,Birleşik Krallık,Велика Британія,مملکت متحدہ,Vương quốc Liên hiệp Anh và Bắc Ireland,英国,英國,Admin-0 country,,Admin-0 country,,,,,,,,,,,,,,,,,,,,,,,,,,,,,,,,,,,,,,,,,,,,,,,,,,,,,,,,,,,,,,,,,,,,,,,,,,,,,,,,,,,,,,,,,,,,,,,,,,,,,,,,,,,,,,,,,,,,
Admin-0 country,0,3.0,Greece,GRC,0.0,2.0,Sovereign country,1,Greece,GRC,0.0,Greece,GRC,0.0,Greece,GRC,0.0,Greece,Greece,GRC,Greece,,Greece,GR,Hellenic Republic,,Greece,,,Greece,,2.0,2.0,2.0,9.0,10716322.0,14.0,2019.0,209852.0,2019.0,2. Developed region: nonG7,1. High income: OECD,GR,GR,GR,GRC,GRC,300,300,300,GR,GRC,23424833.0,23424833.0,Exact WOE match as country,GRC,,GRC,GRC,GRC,GRC,GRC,GRC,GRC,GRC,GRC,GRC,GRC,GRC,GRC,GRC,GRC,GRC,GRC,GRC,GRC,GRC,GRC,GRC,GRC,GRC,GRC,GRC,GRC,GRC,GRC,GRC,GRC,GRC,-99.0,-99.0,Europe,Europe,Southern Europe,Europe & Central Asia,6.0,6.0,6.0,-99.0,1.0,0.0,2.7,8.0,21.72568,39.492763,1159320811.0,Q41,اليونان,গ্রিস,Griechenland,Greece,Grecia,یونان,Grèce,Ελλάδα,יוון,यूनान,Görögország,Yunani,Grecia,ギリシャ,그리스,Griekenland,Grecja,Grécia,Греция,Grekland,Yunanistan,Греція,یونان,Hy Lạp,希腊,希臘,Admin-0 country,,Admin-0 country,,,,,,,,,,,,,,,,,,,,,,,,,,,,,,,,,,,,,,,,,,,,,,,,,,,,,,,,,,,,,,,,,,,,,,,,,,,,,,,,,,,,,,,,,,,,,,,,,,,,,,,,,,,,,,,,,,,,
Admin-0 country,0,3.0,Zambia,ZMB,0.0,2.0,Sovereign country,1,Zambia,ZMB,0.0,Zambia,ZMB,0.0,Zambia,ZMB,0.0,Zambia,Zambia,ZMB,Zambia,,Zambia,ZM,Republic of Zambia,,Zambia,,,Zambia,,5.0,8.0,5.0,13.0,17861030.0,14.0,2019.0,23309.0,2019.0,7. Least developed region,4. Lower middle income,ZA,ZM,ZM,ZMB,ZMB,894,894,894,ZM,ZMB,23425003.0,23425003.0,Exact WOE match as country,ZMB,,ZMB,ZMB,ZMB,ZMB,ZMB,ZMB,ZMB,ZMB,ZMB,ZMB,ZMB,ZMB,ZMB,ZMB,ZMB,ZMB,ZMB,ZMB,ZMB,ZMB,ZMB,ZMB,ZMB,ZMB,ZMB,ZMB,ZMB,ZMB,ZMB,ZMB,ZMB,ZMB,-99.0,-99.0,Africa,Africa,Eastern Africa,Sub-Saharan Africa,6.0,6.0,6.0,-99.0,1.0,0.0,3.0,8.0,26.395298,-14.660804,1159321439.0,Q953,زامبيا,জাম্বিয়া,Sambia,Zambia,Zambia,زامبیا,Zambie,Ζάμπια,זמביה,ज़ाम्बिया,Zambia,Zambia,Zambia,ザンビア,잠비아,Zambia,Zambia,Zâmbia,Замбия,Zambia,Zambiya,Замбія,زیمبیا,Zambia,赞比亚,尚比亞,Admin-0 country,,Admin-0 country,,,,,,,,,,,,,,,,,,,,,,,,,,,,,,,,,,,,,,,,,,,,,,,,,,,,,,,,,,,,,,,,,,,,,,,,,,,,,,,,,,,,,,,,,,,,,,,,,,,,,,,,,,,,,,,,,,,,
Admin-0 country,0,4.0,Sierra Leone,SLE,0.0,2.0,Sovereign country,1,Sierra Leone,SLE,0.0,Sierra Leone,SLE,0.0,Sierra Leone,SLE,0.0,Sierra Leone,Sierra Leone,SLE,Sierra Leone,,S.L.,SL,Republic of Sierra Leone,,Sierra Leone,,,Sierra Leone,,1.0,4.0,1.0,7.0,7813215.0,13.0,2019.0,4121.0,2019.0,7. Least developed region,5. Low income,SL,SL,SL,SLE,SLE,694,694,694,SL,SLE,23424946.0,23424946.0,Exact WOE match as country,SLE,,SLE,SLE,SLE,SLE,SLE,SLE,SLE,SLE,SLE,SLE,SLE,SLE,SLE,SLE,SLE,SLE,SLE,SLE,SLE,SLE,SLE,SLE,SLE,SLE,SLE,SLE,SLE,SLE,SLE,SLE,SLE,SLE,-99.0,-99.0,Africa,Africa,Western Africa,Sub-Saharan Africa,12.0,12.0,4.0,-99.0,1.0,0.0,4.0,9.0,-11.763677,8.617449,1159321251.0,Q1044,سيراليون,সিয়েরা লিওন,Sierra Leone,Sierra Leone,Sierra Leona,سیرالئون,Sierra Leone,Σιέρα Λεόνε,סיירה לאון,सिएरा लियोन,Sierra Leone,Sierra Leone,Sierra Leone,シエラレオネ,시에라리온,Sierra Leone,Sierra Leone,Serra Leoa,Сьерра-Леоне,Sierra Leone,Sierra Leone,Сьєрра-Леоне,سیرالیون,Sierra Leone,塞拉利昂,獅子山,Admin-0 country,,Admin-0 country,,,,,,,,,,,,,,,,,,,,,,,,,,,,,,,,,,,,,,,,,,,,,,,,,,,,,,,,,,,,,,,,,,,,,,,,,,,,,,,,,,,,,,,,,,,,,,,,,,,,,,,,,,,,,,,,,,,,
Admin-0 country,0,3.0,Guinea,GIN,0.0,2.0,Sovereign country,1,Guinea,GIN,0.0,Guinea,GIN,0.0,Guinea,GIN,0.0,Guinea,Guinea,GIN,Guinea,,Gin.,GN,Republic of Guinea,,Guinea,,,Guinea,,6.0,3.0,7.0,2.0,12771246.0,14.0,2019.0,12296.0,2019.0,7. Least developed region,5. Low income,GV,GN,GN,GIN,GIN,324,324,324,GN,GIN,23424835.0,23424835.0,Exact WOE match as country,GIN,,GIN,GIN,GIN,GIN,GIN,GIN,GIN,GIN,GIN,GIN,GIN,GIN,GIN,GIN,GIN,GIN,GIN,GIN,GIN,GIN,GIN,GIN,GIN,GIN,GIN,GIN,GIN,GIN,GIN,GIN,GIN,GIN,-99.0,-99.0,Africa,Africa,Western Africa,Sub-Saharan Africa,6.0,6.0,4.0,-99.0,1.0,0.0,3.0,8.0,-10.016402,10.618516,1159320795.0,Q1006,غينيا,গিনি,Guinea,Guinea,Guinea,گینه,Guinée,Γουινέα,גינאה,गिनी,Guinea,Guinea,Guinea,ギニア,기니,Guinee,Gwinea,Guiné,Гвинея,Guinea,Gine,Гвінея,جمہوریہ گنی,Guinée,几内亚,幾內亞,Admin-0 country,,Admin-0 country,,,,,,,,,,,,,,,,,,,,,,,,,,,,,,,,,,,,,,,,,,,,,,,,,,,,,,,,,,,,,,,,,,,,,,,,,,,,,,,,,,,,,,,,,,,,,,,,,,,,,,,,,,,,,,,,,,,,
Admin-0 country,0,4.0,Liberia,LBR,0.0,2.0,Sovereign country,1,Liberia,LBR,0.0,Liberia,LBR,0.0,Liberia,LBR,0.0,Liberia,Liberia,LBR,Liberia,,Liberia,LR,Republic of Liberia,,Liberia,,,Liberia,,2.0,3.0,4.0,9.0,4937374.0,12.0,2019.0,3070.0,2019.0,7. Least developed region,5. Low income,LI,LR,LR,LBR,LBR,430,430,430,LR,LBR,23424876.0,23424876.0,Exact WOE match as country,LBR,,LBR,LBR,LBR,LBR,LBR,LBR,LBR,LBR,LBR,LBR,LBR,LBR,LBR,LBR,LBR,LBR,LBR,LBR,LBR,LBR,LBR,LBR,LBR,LBR,LBR,LBR,LBR,LBR,LBR,LBR,LBR,LBR,-99.0,-99.0,Africa,Africa,Western Africa,Sub-Saharan Africa,7.0,7.0,7.0,-99.0,1.0,0.0,4.0,9.0,-9.460379,6.447177,1159321015.0,Q1014,ليبيريا,লাইবেরিয়া,Liberia,Liberia,Liberia,لیبریا,Liberia,Λιβερία,ליבריה,लाइबेरिया,Libéria,Liberia,Liberia,リベリア,라이베리아,Liberia,Liberia,Libéria,Либерия,Liberia,Liberya,Ліберія,لائبیریا,Liberia,利比里亚,賴比瑞亞,Admin-0 country,,Admin-0 country,,,,,,,,,,,,,,,,,,,,,,,,,,,,,,,,,,,,,,,,,,,,,,,,,,,,,,,,,,,,,,,,,,,,,,,,,,,,,,,,,,,,,,,,,,,,,,,,,,,,,,,,,,,,,,,,,,,,
Admin-0 country,0,4.0,Central African Republic,CAF,0.0,2.0,Sovereign country,1,Central African Republic,CAF,0.0,Central African Republic,CAF,0.0,Central African Republic,CAF,0.0,Central African Republic,Central African Republic,CAF,Central African Rep.,,C.A.R.,CF,Central African Republic,,Central African Republic,,,Central African Republic,,5.0,6.0,6.0,9.0,4745185.0,12.0,2019.0,2220.0,2019.0,7. Least developed region,5. Low income,CT,CF,CF,CAF,CAF,140,140,140,CF,CAF,23424792.0,23424792.0,Exact WOE match as country,CAF,,CAF,CAF,CAF,CAF,CAF,CAF,CAF,CAF,CAF,CAF,CAF,CAF,CAF,CAF,CAF,CAF,CAF,CAF,CAF,CAF,CAF,CAF,CAF,CAF,CAF,CAF,CAF,CAF,CAF,CAF,CAF,CAF,-99.0,-99.0,Africa,Africa,Middle Africa,Sub-Saharan Africa,20.0,24.0,6.0,-99.0,1.0,0.0,4.0,9.0,20.906897,6.989681,1159320463.0,Q929,جمهورية أفريقيا الوسطى,মধ্য আফ্রিকান প্রজাতন্ত্র,Zentralafrikanische Republik,Central African Republic,República Centroafricana,جمهوری آفریقای مرکزی,République centrafricaine,Κεντροαφρικανική Δημοκρατία,הרפובליקה המרכז-אפריקאית,मध्य अफ़्रीकी गणराज्य,Közép-afrikai Köztársaság,Republik Afrika Tengah,Repubblica Centrafricana,中央アフリカ共和国,중앙아프리카 공화국,Centraal-Afrikaanse Republiek,Republika Środkowoafrykańska,República Centro-Africana,Центральноафриканская Республика,Centralafrikanska republiken,Orta Afrika Cumhuriyeti,Центральноафриканська Республіка,وسطی افریقی جمہوریہ,Cộng hòa Trung Phi,中非共和国,中非共和國,Admin-0 country,,Admin-0 country,,,,,,,,,,,,,,,,,,,,,,,,,,,,,,,,,,,,,,,,,,,,,,,,,,,,,,,,,,,,,,,,,,,,,,,,,,,,,,,,,,,,,,,,,,,,,,,,,,,,,,,,,,,,,,,,,,,,
Admin-0 country,0,3.0,Sudan,SDN,0.0,2.0,Sovereign country,1,Sudan,SDN,0.0,Sudan,SDN,0.0,Sudan,SDN,0.0,Sudan,Sudan,SDN,Sudan,,Sudan,SD,Republic of the Sudan,,Sudan,,,Sudan,,2.0,6.0,4.0,1.0,42813238.0,15.0,2019.0,30513.0,2019.0,6. Developing region,4. Lower middle income,SU,SD,SD,SDN,SDN,729,729,729,SD,SDN,-90.0,23424952.0,Almost all FLickr photos are in the north.,SDZ,,SDZ,SDN,SDN,SDN,SDN,SDN,SDN,SDN,SDN,SDN,SDN,SDN,SDN,SDN,SDN,SDN,SDN,SDN,SDN,SDN,SDN,SDN,SDN,SDN,SDN,SDN,SDN,SDN,SDN,SDN,SDN,SDN,-99.0,-99.0,Africa,Africa,Northern Africa,Sub-Saharan Africa,5.0,5.0,5.0,-99.0,1.0,0.0,2.5,8.0,29.260657,16.330746,1159321229.0,Q1049,السودان,সুদান,Sudan,Sudan,Sudán,سودان,Soudan,Σουδάν,סודאן,सूडान,Szudán,Sudan,Sudan,スーダン,수단,Soedan,Sudan,Sudão,Судан,Sudan,Sudan,Судан,سوڈان,Sudan,苏丹,蘇丹,Admin-0 country,,Admin-0 country,,,,,,,,,,,,,,,,,,,,,,,,,,,,,,,,,,,,,,,,,,,,,,,,,,,,,,,,,,,,,,,,,,,,,,,,,,,,,,,,,,,,,,,,,,,,,,,,,,,,,,,,,,,,,,,,,,,,
Admin-0 country,0,5.0,Djibouti,DJI,0.0,2.0,Sovereign country,1,Djibouti,DJI,0.0,Djibouti,DJI,0.0,Djibouti,DJI,0.0,Djibouti,Djibouti,DJI,Djibouti,,Dji.,DJ,Republic of Djibouti,,Djibouti,,,Djibouti,,1.0,2.0,4.0,8.0,973560.0,11.0,2019.0,3324.0,2019.0,7. Least developed region,4. Lower middle income,DJ,DJ,DJ,DJI,DJI,262,262,262,DJ,DJI,23424797.0,23424797.0,Exact WOE match as country,DJI,,DJI,DJI,DJI,DJI,DJI,DJI,DJI,DJI,DJI,DJI,DJI,DJI,DJI,DJI,DJI,DJI,DJI,DJI,DJI,DJI,DJI,DJI,DJI,DJI,DJI,DJI,DJI,DJI,DJI,DJI,DJI,DJI,-99.0,-99.0,Africa,Africa,Eastern Africa,Middle East & North Africa,8.0,8.0,4.0,-99.0,1.0,0.0,4.0,9.0,42.498825,11.976343,1159320541.0,Q977,جيبوتي,জিবুতি,Dschibuti,Djibouti,Yibuti,جیبوتی,Djibouti,Τζιμπουτί,ג'יבוטי,जिबूती,Dzsibuti,Djibouti,Gibuti,ジブチ,지부티,Djibouti,Dżibuti,Djibouti,Джибути,Djibouti,Cibuti,Джибуті,جبوتی,Djibouti,吉布提,吉布地,Admin-0 country,,Admin-0 country,,,,,,,,,,,,,,,,,,,,,,,,,,,,,,,,,,,,,,,,,,,,,,,,,,,,,,,,,,,,,,,,,,,,,,,,,,,,,,,,,,,,,,,,,,,,,,,,,,,,,,,,,,,,,,,,,,,,
Admin-0 country,0,4.0,Eritrea,ERI,0.0,2.0,Sovereign country,1,Eritrea,ERI,0.0,Eritrea,ERI,0.0,Eritrea,ERI,0.0,Eritrea,Eritrea,ERI,Eritrea,,Erit.,ER,State of Eritrea,,Eritrea,,,Eritrea,,3.0,1.0,2.0,12.0,6081196.0,13.0,2020.0,2065.0,2011.0,7. Least developed region,5. Low income,ER,ER,ER,ERI,ERI,232,232,232,ER,ERI,23424806.0,23424806.0,Exact WOE match as country,ERI,,ERI,ERI,ERI,ERI,ERI,ERI,ERI,ERI,ERI,ERI,ERI,ERI,ERI,ERI,ERI,ERI,ERI,ERI,ERI,ERI,ERI,ERI,ERI,ERI,ERI,ERI,ERI,ERI,ERI,ERI,ERI,ERI,-99.0,-99.0,Africa,Africa,Eastern Africa,Sub-Saharan Africa,7.0,7.0,5.0,-99.0,1.0,0.0,4.0,9.0,38.285566,15.787401,1159320581.0,Q986,إريتريا,ইরিত্রিয়া,Eritrea,Eritrea,Eritrea,اریتره,Érythrée,Ερυθραία,אריתריאה,इरित्रिया,Eritrea,Eritrea,Eritrea,エリトリア,에리트레아,Eritrea,Erytrea,Eritreia,Эритрея,Eritrea,Eritre,Еритрея,اریتریا,Eritrea,厄立特里亚,厄利垂亞,Admin-0 country,,Admin-0 country,,,,,,,,,,,,,,,,,,,,,,,,,,,,,,,,,,,,,,,,,,,,,,,,,,,,,,,,,,,,,,,,,,,,,,,,,,,,,,,,,,,,,,,,,,,,,,,,,,,,,,,,,,,,,,,,,,,,
Admin-0 country,0,4.0,Austria,AUT,0.0,2.0,Sovereign country,1,Austria,AUT,0.0,Austria,AUT,0.0,Austria,AUT,0.0,Austria,Austria,AUT,Austria,,Aust.,A,Republic of Austria,,Austria,,,Austria,,3.0,1.0,3.0,4.0,8877067.0,13.0,2019.0,445075.0,2019.0,2. Developed region: nonG7,1. High income: OECD,AU,AT,AT,AUT,AUT,040,040,040,AT,AUT,23424750.0,23424750.0,Exact WOE match as country,AUT,,AUT,AUT,AUT,AUT,AUT,AUT,AUT,AUT,AUT,AUT,AUT,AUT,AUT,AUT,AUT,AUT,AUT,AUT,AUT,AUT,AUT,AUT,AUT,AUT,AUT,AUT,AUT,AUT,AUT,AUT,AUT,AUT,-99.0,-99.0,Europe,Europe,Western Europe,Europe & Central Asia,7.0,7.0,5.0,-99.0,1.0,0.0,3.0,8.0,14.130515,47.518859,1159320379.0,Q40,النمسا,অস্ট্রিয়া,Österreich,Austria,Austria,اتریش,Autriche,Αυστρία,אוסטריה,ऑस्ट्रिया,Ausztria,Austria,Austria,オーストリア,오스트리아,Oostenrijk,Austria,Áustria,Австрия,Österrike,Avusturya,Австрія,آسٹریا,Áo,奥地利,奧地利,Admin-0 country,,Admin-0 country,,,,,,,,,,,,,,,,,,,,,,,,,,,,,,,,,,,,,,,,,,,,,,,,,,,,,,,,,,,,,,,,,,,,,,,,,,,,,,,,,,,,,,,,,,,,,,,,,,,,,,,,,,,,,,,,,,,,
Admin-0 country,0,3.0,Iraq,IRQ,0.0,2.0,Sovereign country,1,Iraq,IRQ,0.0,Iraq,IRQ,0.0,Iraq,IRQ,0.0,Iraq,Iraq,IRQ,Iraq,,Iraq,IRQ,Republic of Iraq,,Iraq,,,Iraq,,1.0,4.0,3.0,1.0,39309783.0,15.0,2019.0,234094.0,2019.0,6. Developing region,4. Lower middle income,IZ,IQ,IQ,IRQ,IRQ,368,368,368,IQ,IRQ,23424855.0,23424855.0,Exact WOE match as country,IRQ,,IRQ,IRQ,IRQ,IRQ,IRQ,IRQ,IRQ,IRQ,IRQ,IRQ,IRQ,IRQ,IRQ,IRQ,IRQ,IRQ,IRQ,IRQ,IRQ,IRQ,IRQ,IRQ,IRQ,IRQ,IRQ,IRQ,IRQ,IRQ,IRQ,IRQ,IRQ,IRQ,-99.0,-99.0,Asia,Asia,Western Asia,Middle East & North Africa,4.0,4.0,4.0,-99.0,1.0,0.0,3.0,7.5,43.26181,33.09403,1159320887.0,Q796,العراق,ইরাক,Irak,Iraq,Irak,عراق,Irak,Ιράκ,עיראק,इराक,Irak,Irak,Iraq,イラク,이라크,Irak,Irak,Iraque,Ирак,Irak,Irak,Ірак,عراق,Iraq,伊拉克,伊拉克,Admin-0 country,,Admin-0 country,,,,,,,,,,,,,,,,,,,,,,,,,,,,,,,,,,,,,,,,,,,,,,,,,,,,,,,,,,,,,,,,,,,,,,,,,,,,,,,,,,,,,,,,,,,,,,,,,,,,,,,,,,,,,,,,,,,,
Admin-0 country,0,2.0,Italy,ITA,0.0,2.0,Sovereign country,1,Italy,ITA,0.0,Italy,ITA,0.0,Italy,ITA,0.0,Italy,Italy,ITA,Italy,,Italy,I,Italian Republic,,Italy,,,Italy,,6.0,7.0,8.0,7.0,60297396.0,16.0,2019.0,2003576.0,2019.0,1. Developed region: G7,1. High income: OECD,IT,IT,IT,ITA,ITA,380,380,380,IT,ITA,23424853.0,23424853.0,Exact WOE match as country,ITA,,ITA,ITA,ITA,ITA,ITA,ITA,ITA,ITA,ITA,ITA,ITA,ITA,ITA,ITA,ITA,ITA,ITA,ITA,ITA,ITA,ITA,ITA,ITA,ITA,ITA,ITA,ITA,ITA,ITA,ITA,ITA,ITA,-99.0,-99.0,Europe,Europe,Southern Europe,Europe & Central Asia,5.0,5.0,5.0,-99.0,1.0,0.0,2.0,7.0,11.076907,44.732482,1159320919.0,Q38,إيطاليا,ইতালি,Italien,Italy,Italia,ایتالیا,Italie,Ιταλία,איטליה,इटली,Olaszország,Italia,Italia,イタリア,이탈리아,Italië,Włochy,Itália,Италия,Italien,İtalya,Італія,اطالیہ,Ý,意大利,義大利,Admin-0 country,,Admin-0 country,,,,,,,,,,,,,,,,,,,,,,,,,,,,,,,,,,,,,,,,,,,,,,,,,,,,,,,,,,,,,,,,,,,,,,,,,,,,,,,,,,,,,,,,,,,,,,,,,,,,,,,,,,,,,,,,,,,,
Admin-0 country,0,4.0,Switzerland,CHE,0.0,2.0,Sovereign country,1,Switzerland,CHE,0.0,Switzerland,CHE,0.0,Switzerland,CHE,0.0,Switzerland,Switzerland,CHE,Switzerland,,Switz.,CH,Swiss Confederation,,Switzerland,,,Switzerland,,5.0,2.0,7.0,3.0,8574832.0,13.0,2019.0,703082.0,2019.0,2. Developed region: nonG7,1. High income: OECD,SZ,CH,CH,CHE,CHE,756,756,756,CH,CHE,23424957.0,23424957.0,Exact WOE match as country,CHE,,CHE,CHE,CHE,CHE,CHE,CHE,CHE,CHE,CHE,CHE,CHE,CHE,CHE,CHE,CHE,CHE,CHE,CHE,CHE,CHE,CHE,CHE,CHE,CHE,CHE,CHE,CHE,CHE,CHE,CHE,CHE,CHE,-99.0,-99.0,Europe,Europe,Western Europe,Europe & Central Asia,11.0,11.0,6.0,-99.0,1.0,0.0,4.0,9.0,7.463965,46.719114,1159320491.0,Q39,سويسرا,সুইজারল্যান্ড,Schweiz,Switzerland,Suiza,سوئیس,Suisse,Ελβετία,שווייץ,स्विट्ज़रलैण्ड,Svájc,Swiss,Svizzera,スイス,스위스,Zwitserland,Szwajcaria,Suíça,Швейцария,Schweiz,İsviçre,Швейцарія,سویٹزرلینڈ,Thụy Sĩ,瑞士,瑞士,Admin-0 country,,Admin-0 country,,,,,,,,,,,,,,,,,,,,,,,,,,,,,,,,,,,,,,,,,,,,,,,,,,,,,,,,,,,,,,,,,,,,,,,,,,,,,,,,,,,,,,,,,,,,,,,,,,,,,,,,,,,,,,,,,,,,
Admin-0 country,0,2.0,Iran,IRN,0.0,2.0,Sovereign country,1,Iran,IRN,0.0,Iran,IRN,0.0,Iran,IRN,0.0,Iran,Iran,IRN,Iran,,Iran,IRN,Islamic Republic of Iran,,Iran,,,"Iran, Islamic Rep.",,4.0,3.0,4.0,13.0,82913906.0,16.0,2019.0,453996.0,2018.0,5. Emerging region: G20,3. Upper middle income,IR,IR,IR,IRN,IRN,364,364,364,IR,IRN,23424851.0,23424851.0,Exact WOE match as country,IRN,,IRN,IRN,IRN,IRN,IRN,IRN,IRN,IRN,IRN,IRN,IRN,IRN,IRN,IRN,IRN,IRN,IRN,IRN,IRN,IRN,IRN,IRN,IRN,IRN,IRN,IRN,IRN,IRN,IRN,IRN,IRN,IRN,-99.0,-99.0,Asia,Asia,Southern Asia,Middle East & North Africa,4.0,4.0,4.0,-99.0,1.0,0.0,2.5,6.7,54.931495,32.166225,1159320881.0,Q794,إيران,ইরান,Iran,Iran,Irán,ایران,Iran,Ιράν,איראן,ईरान,Irán,Iran,Iran,イラン,이란,Iran,Iran,Irão,Иран,Iran,İran,Іран,ایران,Iran,伊朗,伊朗,Admin-0 country,,Admin-0 country,,,,,,,,,,,,,,,,,,,,,,,,,,,,,,,,,,,,,,,,,,,,,,,,,,,,,,,,,,,,,,,,,,,,,,,,,,,,,,,,,,,,,,,,,,,,,,,,,,,,,,,,,,,,,,,,,,,,
Admin-0 country,0,6.0,Liechtenstein,LIE,0.0,2.0,Sovereign country,1,Liechtenstein,LIE,0.0,Liechtenstein,LIE,0.0,Liechtenstein,LIE,0.0,Liechtenstein,Liechtenstein,LIE,Liechtenstein,,Liech.,FL,Principality of Liechtenstein,,Liechtenstein,,,Liechtenstein,,2.0,4.0,2.0,9.0,38019.0,7.0,2019.0,6876.0,2018.0,2. Developed region: nonG7,2. High income: nonOECD,LS,LI,LI,LIE,LIE,438,438,438,LI,LIE,23424879.0,23424879.0,Exact WOE match as country,LIE,,LIE,LIE,LIE,LIE,LIE,LIE,LIE,LIE,LIE,LIE,LIE,LIE,LIE,LIE,LIE,LIE,LIE,LIE,LIE,LIE,LIE,LIE,LIE,LIE,LIE,LIE,LIE,LIE,LIE,LIE,LIE,LIE,-99.0,-99.0,Europe,Europe,Western Europe,Europe & Central Asia,13.0,13.0,6.0,6.0,1.0,0.0,5.0,10.0,9.559439,47.111405,1159321021.0,Q347,ليختنشتاين,লিশটেনস্টাইন,Liechtenstein,Liechtenstein,Liechtenstein,لیختناشتاین,Liechtenstein,Λίχτενσταϊν,ליכטנשטיין,लिक्टेन्स्टाइन,Liechtenstein,Liechtenstein,Liechtenstein,リヒテンシュタイン,리히텐슈타인,Liechtenstein,Liechtenstein,Liechtenstein,Лихтенштейн,Liechtenstein,Lihtenştayn,Ліхтенштейн,لیختینستائن,Liechtenstein,列支敦士登,列支敦斯登,Admin-0 country,,Admin-0 country,,,,,,,,,,,,,,,,,,,,,,,,,,,,,,,,,,,,,,,,,,,,,,,,,,,,,,,,,,,,,,,,,,,,,,,,,,,,,,,,,,,,,,,,,,,,,,,,,,,,,,,,,,,,,,,,,,,,
Admin-0 country,0,3.0,Ivory Coast,CIV,0.0,2.0,Sovereign country,1,Ivory Coast,CIV,0.0,Ivory Coast,CIV,0.0,Ivory Coast,CIV,0.0,Côte d'Ivoire,Côte d'Ivoire,CIV,Côte d'Ivoire,,I.C.,CI,Republic of Ivory Coast,Republic of Cote D'Ivoire,Cote D'ivoire,,,Côte d'Ivoire,,4.0,6.0,3.0,3.0,25716544.0,15.0,2019.0,58539.0,2019.0,6. Developing region,4. Lower middle income,IV,CI,CI,CIV,CIV,384,384,384,CI,CIV,23424854.0,23424854.0,Exact WOE match as country,CIV,,CIV,CIV,CIV,CIV,CIV,CIV,CIV,CIV,CIV,CIV,CIV,CIV,CIV,CIV,CIV,CIV,CIV,CIV,CIV,CIV,CIV,CIV,CIV,CIV,CIV,CIV,CIV,CIV,CIV,CIV,CIV,CIV,-99.0,-99.0,Africa,Africa,Western Africa,Sub-Saharan Africa,13.0,13.0,4.0,-99.0,1.0,0.0,2.5,8.0,-5.568618,7.49139,1159320507.0,Q1008,ساحل العاج,কোত দিভোয়ার,Elfenbeinküste,Ivory Coast,Costa de Marfil,ساحل عاج,Côte d'Ivoire,Ακτή Ελεφαντοστού,חוף השנהב,कोत दिव्वार,Elefántcsontpart,Pantai Gading,Costa d'Avorio,コートジボワール,코트디부아르,Ivoorkust,Wybrzeże Kości Słoniowej,Costa do Marfim,Кот-д’Ивуар,Elfenbenskusten,Fildişi Sahili,Кот-д'Івуар,کوت داوواغ,Bờ Biển Ngà,科特迪瓦,象牙海岸,Admin-0 country,,Admin-0 country,,,,,,,,,,,,,,,,,,,,,,,,,,,,,,,,,,,,,,,,,,,,,,,,,,,,,,,,,,,,,,,,,,,,,,,,,,,,,,,,,,,,,,,,,,,,,,,,,,,,,,,,,,,,,,,,,,,,
Admin-0 country,0,5.0,Republic of Serbia,SRB,0.0,2.0,Sovereign country,1,Republic of Serbia,SRB,0.0,Republic of Serbia,SRB,0.0,Republic of Serbia,SRB,0.0,Serbia,Serbia,SRB,Serbia,,Serb.,RS,Republic of Serbia,,Serbia,,,Serbia,,3.0,3.0,2.0,10.0,6944975.0,13.0,2019.0,51475.0,2019.0,6. Developing region,3. Upper middle income,RI,RS,RS,SRB,SRB,688,688,688,YF,SRB,-90.0,20069818.0,Expired WOE also contains Kosovo.,SRB,,SRB,SRB,SRB,SRB,SRB,SRB,SRB,SRB,SRB,SRB,SRB,SRB,SRB,SRB,SRB,SRB,SRB,SRB,SRB,SRB,SRB,SRB,SRB,SRB,SRB,SRB,SRB,SRB,SRB,SRB,SRB,SRB,-99.0,-99.0,Europe,Europe,Southern Europe,Europe & Central Asia,6.0,6.0,5.0,-99.0,1.0,0.0,4.0,7.0,20.787989,44.189919,1159321267.0,Q403,صربيا,সার্বিয়া,Serbien,Serbia,Serbia,صربستان,Serbie,Σερβία,סרביה,सर्बिया,Szerbia,Serbia,Serbia,セルビア,세르비아,Servië,Serbia,Sérvia,Сербия,Serbien,Sırbistan,Сербія,سربیا,Serbia,塞尔维亚,塞爾維亞,Admin-0 country,,Admin-0 country,,,,,,,,,,,,,,,,,,,,,,,,,,,,,,,,,,,,,,,,,,,,,,,,,,,,,,,,,,,,,,,,,,,,,,,,,,,,,,,,,,,,,,,,,,,,,,,,,,,,,,,,,,,,,,,,,,,,
Admin-0 country,0,3.0,Mali,MLI,0.0,2.0,Sovereign country,1,Mali,MLI,0.0,Mali,MLI,0.0,Mali,MLI,0.0,Mali,Mali,MLI,Mali,,Mali,ML,Republic of Mali,,Mali,,,Mali,,1.0,4.0,1.0,7.0,19658031.0,14.0,2019.0,17279.0,2019.0,7. Least developed region,5. Low income,ML,ML,ML,MLI,MLI,466,466,466,ML,MLI,23424891.0,23424891.0,Exact WOE match as country,MLI,,MLI,MLI,MLI,MLI,MLI,MLI,MLI,MLI,MLI,MLI,MLI,MLI,MLI,MLI,MLI,MLI,MLI,MLI,MLI,MLI,MLI,MLI,MLI,MLI,MLI,MLI,MLI,MLI,MLI,MLI,MLI,MLI,-99.0,-99.0,Africa,Africa,Western Africa,Sub-Saharan Africa,4.0,4.0,4.0,-99.0,1.0,0.0,3.0,7.0,-2.038455,18.692713,1159321063.0,Q912,مالي,মালি,Mali,Mali,Malí,مالی,Mali,Μάλι,מאלי,माली,Mali,Mali,Mali,マリ共和国,말리,Mali,Mali,Mali,Мали,Mali,Mali,Малі,مالی,Mali,马里,馬利共和國,Admin-0 country,,Admin-0 country,,,,,,,,,,,,,,,,,,,,,,,,,,,,,,,,,,,,,,,,,,,,,,,,,,,,,,,,,,,,,,,,,,,,,,,,,,,,,,,,,,,,,,,,,,,,,,,,,,,,,,,,,,,,,,,,,,,,
Admin-0 country,0,3.0,Senegal,SEN,0.0,2.0,Sovereign country,1,Senegal,SEN,0.0,Senegal,SEN,0.0,Senegal,SEN,0.0,Senegal,Senegal,SEN,Senegal,,Sen.,SN,Republic of Senegal,,Senegal,,,Senegal,,2.0,6.0,5.0,5.0,16296364.0,14.0,2019.0,23578.0,2019.0,7. Least developed region,4. Lower middle income,SG,SN,SN,SEN,SEN,686,686,686,SN,SEN,23424943.0,23424943.0,Exact WOE match as country,SEN,,SEN,SEN,SEN,SEN,SEN,SEN,SEN,SEN,SEN,SEN,SEN,SEN,SEN,SEN,SEN,SEN,SEN,SEN,SEN,SEN,SEN,SEN,SEN,SEN,SEN,SEN,SEN,SEN,SEN,SEN,SEN,SEN,-99.0,-99.0,Africa,Africa,Western Africa,Sub-Saharan Africa,7.0,7.0,4.0,-99.0,1.0,0.0,2.7,8.0,-14.778586,15.138125,1159321243.0,Q1041,السنغال,সেনেগাল,Senegal,Senegal,Senegal,سنگال,Sénégal,Σενεγάλη,סנגל,सेनेगल,Szenegál,Senegal,Senegal,セネガル,세네갈,Senegal,Senegal,Senegal,Сенегал,Senegal,Senegal,Сенегал,سینیگال,Sénégal,塞内加尔,塞內加爾,Admin-0 country,,Admin-0 country,,,,,,,,,,,,,,,,,,,,,,,,,,,,,,,,,,,,,,,,,,,,,,,,,,,,,,,,,,,,,,,,,,,,,,,,,,,,,,,,,,,,,,,,,,,,,,,,,,,,,,,,,,,,,,,,,,,,
Admin-0 country,0,2.0,Nigeria,NGA,0.0,2.0,Sovereign country,1,Nigeria,NGA,0.0,Nigeria,NGA,0.0,Nigeria,NGA,0.0,Nigeria,Nigeria,NGA,Nigeria,,Nigeria,NG,Federal Republic of Nigeria,,Nigeria,,,Nigeria,,3.0,2.0,5.0,2.0,200963599.0,17.0,2019.0,448120.0,2019.0,5. Emerging region: G20,4. Lower middle income,NI,NG,NG,NGA,NGA,566,566,566,NG,NGA,23424908.0,23424908.0,Exact WOE match as country,NGA,,NGA,NGA,NGA,NGA,NGA,NGA,NGA,NGA,NGA,NGA,NGA,NGA,NGA,NGA,NGA,NGA,NGA,NGA,NGA,NGA,NGA,NGA,NGA,NGA,NGA,NGA,NGA,NGA,NGA,NGA,NGA,NGA,-99.0,-99.0,Africa,Africa,Western Africa,Sub-Saharan Africa,7.0,7.0,7.0,-99.0,1.0,0.0,1.7000000000000002,6.7,7.50322,9.439799,1159321089.0,Q1033,نيجيريا,নাইজেরিয়া,Nigeria,Nigeria,Nigeria,نیجریه,Nigeria,Νιγηρία,ניגריה,नाईजीरिया,Nigéria,Nigeria,Nigeria,ナイジェリア,나이지리아,Nigeria,Nigeria,Nigéria,Нигерия,Nigeria,Nijerya,Нігерія,نائجیریا,Nigeria,尼日利亚,奈及利亞,Admin-0 country,,Admin-0 country,,,,,,,,,,,,,,,,,,,,,,,,,,,,,,,,,,,,,,,,,,,,,,,,,,,,,,,,,,,,,,,,,,,,,,,,,,,,,,,,,,,,,,,,,,,,,,,,,,,,,,,,,,,,,,,,,,,,
Admin-0 country,0,5.0,Benin,BEN,0.0,2.0,Sovereign country,1,Benin,BEN,0.0,Benin,BEN,0.0,Benin,BEN,0.0,Benin,Benin,BEN,Benin,,Benin,BJ,Republic of Benin,,Benin,,,Benin,,1.0,2.0,2.0,12.0,11801151.0,14.0,2019.0,14390.0,2019.0,7. Least developed region,5. Low income,BN,BJ,BJ,BEN,BEN,204,204,204,BJ,BEN,23424764.0,23424764.0,Exact WOE match as country,BEN,,BEN,BEN,BEN,BEN,BEN,BEN,BEN,BEN,BEN,BEN,BEN,BEN,BEN,BEN,BEN,BEN,BEN,BEN,BEN,BEN,BEN,BEN,BEN,BEN,BEN,BEN,BEN,BEN,BEN,BEN,BEN,BEN,-99.0,-99.0,Africa,Africa,Western Africa,Sub-Saharan Africa,5.0,5.0,5.0,-99.0,1.0,0.0,4.0,9.0,2.352018,10.324775,1159320399.0,Q962,بنين,বেনিন,Benin,Benin,Benín,بنین,Bénin,Μπενίν,בנין,बेनिन,Benin,Benin,Benin,ベナン,베냉,Benin,Benin,Benim,Бенин,Benin,Benin,Бенін,بینن,Bénin,贝宁,貝南,Admin-0 country,,Admin-0 country,,,,,,,,,,,,,,,,,,,,,,,,,,,,,,,,,,,,,,,,,,,,,,,,,,,,,,,,,,,,,,,,,,,,,,,,,,,,,,,,,,,,,,,,,,,,,,,,,,,,,,,,,,,,,,,,,,,,
Admin-0 country,0,3.0,Angola,AGO,0.0,2.0,Sovereign country,1,Angola,AGO,0.0,Angola,AGO,0.0,Angola,AGO,0.0,Angola,Angola,AGO,Angola,,Ang.,AO,People's Republic of Angola,,Angola,,,Angola,,3.0,2.0,6.0,1.0,31825295.0,15.0,2019.0,88815.0,2019.0,7. Least developed region,3. Upper middle income,AO,AO,AO,AGO,AGO,024,024,024,AO,AGO,23424745.0,23424745.0,Exact WOE match as country,AGO,,AGO,AGO,AGO,AGO,AGO,AGO,AGO,AGO,AGO,AGO,AGO,AGO,AGO,AGO,AGO,AGO,AGO,AGO,AGO,AGO,AGO,AGO,AGO,AGO,AGO,AGO,AGO,AGO,AGO,AGO,AGO,AGO,-99.0,-99.0,Africa,Africa,Middle Africa,Sub-Saharan Africa,6.0,6.0,4.0,-99.0,1.0,0.0,3.0,7.0,17.984249,-12.182762,1159320323.0,Q916,أنغولا,অ্যাঙ্গোলা,Angola,Angola,Angola,آنگولا,Angola,Ανγκόλα,אנגולה,अंगोला,Angola,Angola,Angola,アンゴラ,앙골라,Angola,Angola,Angola,Ангола,Angola,Angola,Ангола,انگولا,Angola,安哥拉,安哥拉,Admin-0 country,,Admin-0 country,,,,,,,,,,,,,,,,,,,,,,,,,,,,,,,,,,,,,,,,,,,,,,,,,,,,,,,,,,,,,,,,,,,,,,,,,,,,,,,,,,,,,,,,,,,,,,,,,,,,,,,,,,,,,,,,,,,,
Admin-0 country,0,6.0,Croatia,HRV,0.0,2.0,Sovereign country,1,Croatia,HRV,0.0,Croatia,HRV,0.0,Croatia,HRV,0.0,Croatia,Croatia,HRV,Croatia,,Cro.,HR,Republic of Croatia,,Croatia,,,Croatia,,5.0,4.0,5.0,1.0,4067500.0,12.0,2019.0,60752.0,2019.0,2. Developed region: nonG7,2. High income: nonOECD,HR,HR,HR,HRV,HRV,191,191,191,HR,HRV,23424843.0,23424843.0,Exact WOE match as country,HRV,,HRV,HRV,HRV,HRV,HRV,HRV,HRV,HRV,HRV,HRV,HRV,HRV,HRV,HRV,HRV,HRV,HRV,HRV,HRV,HRV,HRV,HRV,HRV,HRV,HRV,HRV,HRV,HRV,HRV,HRV,HRV,HRV,-99.0,-99.0,Europe,Europe,Southern Europe,Europe & Central Asia,7.0,7.0,4.0,-99.0,1.0,0.0,4.0,9.0,16.37241,45.805799,1159320833.0,Q224,كرواتيا,ক্রোয়েশিয়া,Kroatien,Croatia,Croacia,کرواسی,Croatie,Κροατία,קרואטיה,क्रोएशिया,Horvátország,Kroasia,Croazia,クロアチア,크로아티아,Kroatië,Chorwacja,Croácia,Хорватия,Kroatien,Hırvatistan,Хорватія,کروشیا,Croatia,克罗地亚,克羅地亞,Admin-0 country,,Admin-0 country,,,,,,,,,,,,,,,,,,,,,,,,,,,,,,,,,,,,,,,,,,,,,,,,,,,,,,,,,,,,,,,,,,,,,,,,,,,,,,,,,,,,,,,,,,,,,,,,,,,,,,,,,,,,,,,,,,,,
Admin-0 country,0,6.0,Slovenia,SVN,0.0,2.0,Sovereign country,1,Slovenia,SVN,0.0,Slovenia,SVN,0.0,Slovenia,SVN,0.0,Slovenia,Slovenia,SVN,Slovenia,,Slo.,SLO,Republic of Slovenia,,Slovenia,,,Slovenia,,2.0,3.0,2.0,12.0,2087946.0,12.0,2019.0,54174.0,2019.0,2. Developed region: nonG7,1. High income: OECD,SI,SI,SI,SVN,SVN,705,705,705,SI,SVN,23424945.0,23424945.0,Exact WOE match as country,SVN,,SVN,SVN,SVN,SVN,SVN,SVN,SVN,SVN,SVN,SVN,SVN,SVN,SVN,SVN,SVN,SVN,SVN,SVN,SVN,SVN,SVN,SVN,SVN,SVN,SVN,SVN,SVN,SVN,SVN,SVN,SVN,SVN,-99.0,-99.0,Europe,Europe,Southern Europe,Europe & Central Asia,8.0,8.0,4.0,-99.0,1.0,0.0,5.0,10.0,14.915312,46.06076,1159321285.0,Q215,سلوفينيا,স্লোভেনিয়া,Slowenien,Slovenia,Eslovenia,اسلوونی,Slovénie,Σλοβενία,סלובניה,स्लोवेनिया,Szlovénia,Slovenia,Slovenia,スロベニア,슬로베니아,Slovenië,Słowenia,Eslovénia,Словения,Slovenien,Slovenya,Словенія,سلووینیا,Slovenia,斯洛文尼亚,斯洛維尼亞,Admin-0 country,,Admin-0 country,,,,,,,,,,,,,,,,,,,,,,,,,,,,,,,,,,,,,,,,,,,,,,,,,,,,,,,,,,,,,,,,,,,,,,,,,,,,,,,,,,,,,,,,,,,,,,,,,,,,,,,,,,,,,,,,,,,,
Admin-0 country,0,5.0,Qatar,QAT,0.0,2.0,Sovereign country,1,Qatar,QAT,0.0,Qatar,QAT,0.0,Qatar,QAT,0.0,Qatar,Qatar,QAT,Qatar,,Qatar,QA,State of Qatar,,Qatar,,,Qatar,,3.0,6.0,2.0,4.0,2832067.0,12.0,2019.0,175837.0,2019.0,6. Developing region,2. High income: nonOECD,QA,QA,QA,QAT,QAT,634,634,634,QA,QAT,23424930.0,23424930.0,Exact WOE match as country,QAT,,QAT,QAT,QAT,QAT,QAT,QAT,QAT,QAT,QAT,QAT,QAT,QAT,QAT,QAT,QAT,QAT,QAT,QAT,QAT,QAT,QAT,QAT,QAT,QAT,QAT,QAT,QAT,QAT,QAT,QAT,QAT,QAT,-99.0,-99.0,Asia,Asia,Western Asia,Middle East & North Africa,5.0,5.0,5.0,-99.0,1.0,0.0,4.0,9.0,51.143509,25.237383,1159321197.0,Q846,قطر,কাতার,Katar,Qatar,Catar,قطر,Qatar,Κατάρ,קטר,क़तर,Katar,Qatar,Qatar,カタール,카타르,Qatar,Katar,Catar,Катар,Qatar,Katar,Катар,قطر,Qatar,卡塔尔,卡達,Admin-0 country,,Admin-0 country,,,,,,,,,,,,,,,,,,,,,,,,,,,,,,,,,,,,,,,,,,,,,,,,,,,,,,,,,,,,,,,,,,,,,,,,,,,,,,,,,,,,,,,,,,,,,,,,,,,,,,,,,,,,,,,,,,,,
Admin-0 country,0,2.0,Saudi Arabia,SAU,0.0,2.0,Sovereign country,1,Saudi Arabia,SAU,0.0,Saudi Arabia,SAU,0.0,Saudi Arabia,SAU,0.0,Saudi Arabia,Saudi Arabia,SAU,Saudi Arabia,,Saud.,SA,Kingdom of Saudi Arabia,,Saudi Arabia,,,Saudi Arabia,,6.0,1.0,6.0,7.0,34268528.0,15.0,2019.0,792966.0,2019.0,2. Developed region: nonG7,2. High income: nonOECD,SA,SA,SA,SAU,SAU,682,682,682,SA,SAU,23424938.0,23424938.0,Exact WOE match as country,SAU,,SAU,SAU,SAU,SAU,SAU,SAU,SAU,SAU,SAU,SAU,SAU,SAU,SAU,SAU,SAU,SAU,SAU,SAU,SAU,SAU,SAU,SAU,SAU,SAU,SAU,SAU,SAU,SAU,SAU,SAU,SAU,SAU,-99.0,-99.0,Asia,Asia,Western Asia,Middle East & North Africa,12.0,12.0,5.0,-99.0,1.0,0.0,1.7000000000000002,7.0,44.6996,23.806908,1159321225.0,Q851,السعودية,সৌদি আরব,Saudi-Arabien,Saudi Arabia,Arabia Saudita,عربستان سعودی,Arabie saoudite,Σαουδική Αραβία,ערב הסעודית,सउदी अरब,Szaúd-Arábia,Arab Saudi,Arabia Saudita,サウジアラビア,사우디아라비아,Saoedi-Arabië,Arabia Saudyjska,Arábia Saudita,Саудовская Аравия,Saudiarabien,Suudi Arabistan,Саудівська Аравія,سعودی عرب,Ả Rập Saudi,沙特阿拉伯,沙烏地阿拉伯,Admin-0 country,,Admin-0 country,,,,,,,,,,,,,,,,,,,,,,,,,,,,,,,,,,,,,,,,,,,,,,,,,,,,,,,,,,,,,,,,,,,,,,,,,,,,,,,,,,,,,,,,,,,,,,,,,,,,,,,,,,,,,,,,,,,,
Admin-0 country,0,4.0,Botswana,BWA,0.0,2.0,Sovereign country,1,Botswana,BWA,0.0,Botswana,BWA,0.0,Botswana,BWA,0.0,Botswana,Botswana,BWA,Botswana,,Bwa.,BW,Republic of Botswana,,Botswana,,,Botswana,,6.0,5.0,7.0,3.0,2303697.0,12.0,2019.0,18340.0,2019.0,6. Developing region,3. Upper middle income,BC,BW,BW,BWA,BWA,072,072,072,BW,BWA,23424755.0,23424755.0,Exact WOE match as country,BWA,,BWA,BWA,BWA,BWA,BWA,BWA,BWA,BWA,BWA,BWA,BWA,BWA,BWA,BWA,BWA,BWA,BWA,BWA,BWA,BWA,BWA,BWA,BWA,BWA,BWA,BWA,BWA,BWA,BWA,BWA,BWA,BWA,-99.0,-99.0,Africa,Africa,Southern Africa,Sub-Saharan Africa,8.0,8.0,4.0,-99.0,1.0,0.0,4.0,9.0,24.179216,-22.102634,1159320461.0,Q963,بوتسوانا,বতসোয়ানা,Botswana,Botswana,Botsuana,بوتسوانا,Botswana,Μποτσουάνα,בוטסואנה,बोत्सवाना,Botswana,Botswana,Botswana,ボツワナ,보츠와나,Botswana,Botswana,Botsuana,Ботсвана,Botswana,Botsvana,Ботсвана,بوٹسوانا,Botswana,博茨瓦纳,波札那,Admin-0 country,,Admin-0 country,,,,,,,,,,,,,,,,,,,,,,,,,,,,,,,,,,,,,,,,,,,,,,,,,,,,,,,,,,,,,,,,,,,,,,,,,,,,,,,,,,,,,,,,,,,,,,,,,,,,,,,,,,,,,,,,,,,,
Admin-0 country,0,3.0,Zimbabwe,ZWE,0.0,2.0,Sovereign country,1,Zimbabwe,ZWE,0.0,Zimbabwe,ZWE,0.0,Zimbabwe,ZWE,0.0,Zimbabwe,Zimbabwe,ZWE,Zimbabwe,,Zimb.,ZW,Republic of Zimbabwe,,Zimbabwe,,,Zimbabwe,,1.0,5.0,3.0,9.0,14645468.0,14.0,2019.0,21440.0,2019.0,5. Emerging region: G20,5. Low income,ZI,ZW,ZW,ZWE,ZWE,716,716,716,ZW,ZWE,23425004.0,23425004.0,Exact WOE match as country,ZWE,,ZWE,ZWE,ZWE,ZWE,ZWE,ZWE,ZWE,ZWE,ZWE,ZWE,ZWE,ZWE,ZWE,ZWE,ZWE,ZWE,ZWE,ZWE,ZWE,ZWE,ZWE,ZWE,ZWE,ZWE,ZWE,ZWE,ZWE,ZWE,ZWE,ZWE,ZWE,ZWE,-99.0,-99.0,Africa,Africa,Eastern Africa,Sub-Saharan Africa,8.0,8.0,5.0,-99.0,1.0,0.0,2.5,8.0,29.925444,-18.91164,1159321441.0,Q954,زيمبابوي,জিম্বাবুয়ে,Simbabwe,Zimbabwe,Zimbabue,زیمبابوه,Zimbabwe,Ζιμπάμπουε,זימבבואה,ज़िम्बाब्वे,Zimbabwe,Zimbabwe,Zimbabwe,ジンバブエ,짐바브웨,Zimbabwe,Zimbabwe,Zimbábue,Зимбабве,Zimbabwe,Zimbabve,Зімбабве,زمبابوے,Zimbabwe,津巴布韦,辛巴威,Admin-0 country,,Admin-0 country,,,,,,,,,,,,,,,,,,,,,,,,,,,,,,,,,,,,,,,,,,,,,,,,,,,,,,,,,,,,,,,,,,,,,,,,,,,,,,,,,,,,,,,,,,,,,,,,,,,,,,,,,,,,,,,,,,,,
Admin-0 country,0,2.0,Pakistan,PAK,0.0,2.0,Sovereign country,1,Pakistan,PAK,0.0,Pakistan,PAK,0.0,Pakistan,PAK,0.0,Pakistan,Pakistan,PAK,Pakistan,,Pak.,PK,Islamic Republic of Pakistan,,Pakistan,,,Pakistan,,2.0,2.0,3.0,11.0,216565318.0,17.0,2019.0,278221.0,2019.0,5. Emerging region: G20,4. Lower middle income,PK,PK,PK,PAK,PAK,586,586,586,PK,PAK,23424922.0,23424922.0,Exact WOE match as country,PAK,,PAK,PAK,PAK,PAK,PAK,PAK,PAK,PAK,PAK,PAK,PAK,PAK,PAK,PAK,PAK,PAK,PAK,PAK,PAK,PAK,PAK,PAK,PAK,PAK,PAK,PAK,PAK,PAK,PAK,PAK,PAK,PAK,-99.0,-99.0,Asia,Asia,Southern Asia,South Asia,8.0,8.0,4.0,-99.0,1.0,0.0,2.7,7.0,68.545632,29.328389,1159321153.0,Q843,باكستان,পাকিস্তান,Pakistan,Pakistan,Pakistán,پاکستان,Pakistan,Πακιστάν,פקיסטן,पाकिस्तान,Pakisztán,Pakistan,Pakistan,パキスタン,파키스탄,Pakistan,Pakistan,Paquistão,Пакистан,Pakistan,Pakistan,Пакистан,پاکستان,Pakistan,巴基斯坦,巴基斯坦,Admin-0 country,,Admin-0 country,,,,,,,,,,,,,,,,,,,,,,,,,,,,,,,,,,,,,,,,,,,,,,,,,,,,,,,,,,,,,,,,,,,,,,,,,,,,,,,,,,,,,,,,,,,,,,,,,,,,,,,,,,,,,,,,,,,,
Admin-0 country,0,4.0,Bulgaria,BGR,0.0,2.0,Sovereign country,1,Bulgaria,BGR,0.0,Bulgaria,BGR,0.0,Bulgaria,BGR,0.0,Bulgaria,Bulgaria,BGR,Bulgaria,,Bulg.,BG,Republic of Bulgaria,,Bulgaria,,,Bulgaria,,4.0,5.0,1.0,8.0,6975761.0,13.0,2019.0,68558.0,2019.0,2. Developed region: nonG7,3. Upper middle income,BU,BG,BG,BGR,BGR,100,100,100,BG,BGR,23424771.0,23424771.0,Exact WOE match as country,BGR,,BGR,BGR,BGR,BGR,BGR,BGR,BGR,BGR,BGR,BGR,BGR,BGR,BGR,BGR,BGR,BGR,BGR,BGR,BGR,BGR,BGR,BGR,BGR,BGR,BGR,BGR,BGR,BGR,BGR,BGR,BGR,BGR,-99.0,-99.0,Europe,Europe,Eastern Europe,Europe & Central Asia,8.0,8.0,5.0,-99.0,1.0,0.0,4.0,9.0,25.15709,42.508785,1159320409.0,Q219,بلغاريا,বুলগেরিয়া,Bulgarien,Bulgaria,Bulgaria,بلغارستان,Bulgarie,Βουλγαρία,בולגריה,बुल्गारिया,Bulgária,Bulgaria,Bulgaria,ブルガリア,불가리아,Bulgarije,Bułgaria,Bulgária,Болгария,Bulgarien,Bulgaristan,Болгарія,بلغاریہ,Bulgaria,保加利亚,保加利亞,Admin-0 country,,Admin-0 country,,,,,,,,,,,,,,,,,,,,,,,,,,,,,,,,,,,,,,,,,,,,,,,,,,,,,,,,,,,,,,,,,,,,,,,,,,,,,,,,,,,,,,,,,,,,,,,,,,,,,,,,,,,,,,,,,,,,
Admin-0 country,0,3.0,Thailand,THA,0.0,2.0,Sovereign country,1,Thailand,THA,0.0,Thailand,THA,0.0,Thailand,THA,0.0,Thailand,Thailand,THA,Thailand,,Thai.,TH,Kingdom of Thailand,,Thailand,,,Thailand,,3.0,6.0,8.0,1.0,69625582.0,16.0,2019.0,543548.0,2019.0,5. Emerging region: G20,3. Upper middle income,TH,TH,TH,THA,THA,764,764,764,TH,THA,23424960.0,23424960.0,Exact WOE match as country,THA,,THA,THA,THA,THA,THA,THA,THA,THA,THA,THA,THA,THA,THA,THA,THA,THA,THA,THA,THA,THA,THA,THA,THA,THA,THA,THA,THA,THA,THA,THA,THA,THA,-99.0,-99.0,Asia,Asia,South-Eastern Asia,East Asia & Pacific,8.0,8.0,5.0,-99.0,1.0,0.0,2.7,8.0,101.073198,15.45974,1159321305.0,Q869,تايلاند,থাইল্যান্ড,Thailand,Thailand,Tailandia,تایلند,Thaïlande,Ταϊλάνδη,תאילנד,थाईलैण्ड,Thaiföld,Thailand,Thailandia,タイ王国,태국,Thailand,Tajlandia,Tailândia,Таиланд,Thailand,Tayland,Таїланд,تھائی لینڈ,Thái Lan,泰国,泰國,Admin-0 country,,Admin-0 country,,,,,,,,,,,,,,,,,,,,,,,,,,,,,,,,,,,,,,,,,,,,,,,,,,,,,,,,,,,,,,,,,,,,,,,,,,,,,,,,,,,,,,,,,,,,,,,,,,,,,,,,,,,,,,,,,,,,
Admin-0 country,0,6.0,San Marino,SMR,0.0,2.0,Sovereign country,1,San Marino,SMR,0.0,San Marino,SMR,0.0,San Marino,SMR,0.0,San Marino,San Marino,SMR,San Marino,,S.M.,RSM,Republic of San Marino,,San Marino,,,San Marino,,2.0,3.0,1.0,6.0,33860.0,7.0,2019.0,1655.0,2018.0,2. Developed region: nonG7,2. High income: nonOECD,SM,SM,SM,SMR,SMR,674,674,674,SM,SMR,23424947.0,23424947.0,Exact WOE match as country,SMR,,SMR,SMR,SMR,SMR,SMR,SMR,SMR,SMR,SMR,SMR,SMR,SMR,SMR,SMR,SMR,SMR,SMR,SMR,SMR,SMR,SMR,SMR,SMR,SMR,SMR,SMR,SMR,SMR,SMR,SMR,SMR,SMR,-99.0,-99.0,Europe,Europe,Southern Europe,Europe & Central Asia,10.0,10.0,4.0,5.0,1.0,0.0,5.0,10.0,12.441206,43.933915999999996,1159321255.0,Q238,سان مارينو,সান মারিনো,San Marino,San Marino,San Marino,سان مارینو,Saint-Marin,Άγιος Μαρίνος,סן מרינו,सान मारिनो,San Marino,San Marino,San Marino,サンマリノ,산마리노,San Marino,San Marino,San Marino,Сан-Марино,San Marino,San Marino,Сан-Марино,سان مارینو,San Marino,圣马力诺,聖馬力諾,Admin-0 country,,Admin-0 country,,,,,,,,,,,,,,,,,,,,,,,,,,,,,,,,,,,,,,,,,,,,,,,,,,,,,,,,,,,,,,,,,,,,,,,,,,,,,,,,,,,,,,,,,,,,,,,,,,,,,,,,,,,,,,,,,,,,
Admin-0 country,0,5.0,Haiti,HTI,0.0,2.0,Sovereign country,1,Haiti,HTI,0.0,Haiti,HTI,0.0,Haiti,HTI,0.0,Haiti,Haiti,HTI,Haiti,,Haiti,HT,Republic of Haiti,,Haiti,,,Haiti,,2.0,1.0,7.0,2.0,11263077.0,14.0,2019.0,14332.0,2019.0,7. Least developed region,5. Low income,HA,HT,HT,HTI,HTI,332,332,332,HT,HTI,23424839.0,23424839.0,Exact WOE match as country,HTI,,HTI,HTI,HTI,HTI,HTI,HTI,HTI,HTI,HTI,HTI,HTI,HTI,HTI,HTI,HTI,HTI,HTI,HTI,HTI,HTI,HTI,HTI,HTI,HTI,HTI,HTI,HTI,HTI,HTI,HTI,HTI,HTI,-99.0,-99.0,North America,Americas,Caribbean,Latin America & Caribbean,5.0,5.0,5.0,-99.0,1.0,0.0,4.0,9.0,-72.224051,19.263784,1159320839.0,Q790,هايتي,হাইতি,Haiti,Haiti,Haití,هائیتی,Haïti,Αϊτή,האיטי,हैती,Haiti,Haiti,Haiti,ハイチ,아이티,Haïti,Haiti,Haiti,Республика Гаити,Haiti,Haiti,Гаїті,ہیٹی,Haiti,海地,海地,Admin-0 country,,Admin-0 country,,,,,,,,,,,,,,,,,,,,,,,,,,,,,,,,,,,,,,,,,,,,,,,,,,,,,,,,,,,,,,,,,,,,,,,,,,,,,,,,,,,,,,,,,,,,,,,,,,,,,,,,,,,,,,,,,,,,
Admin-0 country,0,5.0,Dominican Republic,DOM,0.0,2.0,Sovereign country,1,Dominican Republic,DOM,0.0,Dominican Republic,DOM,0.0,Dominican Republic,DOM,0.0,Dominican Republic,Dominican Republic,DOM,Dominican Rep.,,Dom. Rep.,DO,Dominican Republic,,Dominican Republic,,,Dominican Republic,,5.0,2.0,5.0,7.0,10738958.0,14.0,2019.0,88941.0,2019.0,6. Developing region,3. Upper middle income,DR,DO,DO,DOM,DOM,214,214,214,DO,DOM,23424800.0,23424800.0,Exact WOE match as country,DOM,,DOM,DOM,DOM,DOM,DOM,DOM,DOM,DOM,DOM,DOM,DOM,DOM,DOM,DOM,DOM,DOM,DOM,DOM,DOM,DOM,DOM,DOM,DOM,DOM,DOM,DOM,DOM,DOM,DOM,DOM,DOM,DOM,-99.0,-99.0,North America,Americas,Caribbean,Latin America & Caribbean,14.0,18.0,9.0,-99.0,1.0,0.0,4.5,9.5,-70.653998,19.104137,1159320563.0,Q786,جمهورية الدومينيكان,ডোমিনিকান প্রজাতন্ত্র,Dominikanische Republik,Dominican Republic,República Dominicana,جمهوری دومینیکن,République dominicaine,Δομινικανή Δημοκρατία,הרפובליקה הדומיניקנית,डोमिनिकन गणराज्य,Dominikai Köztársaság,Republik Dominika,Repubblica Dominicana,ドミニカ共和国,도미니카 공화국,Dominicaanse Republiek,Dominikana,República Dominicana,Доминиканская Республика,Dominikanska republiken,Dominik Cumhuriyeti,Домініканська Республіка,جمہوریہ ڈومینیکن,Cộng hòa Dominica,多米尼加,多明尼加,Admin-0 country,,Admin-0 country,,,,,,,,,,,,,,,,,,,,,,,,,,,,,,,,,,,,,,,,,,,,,,,,,,,,,,,,,,,,,,,,,,,,,,,,,,,,,,,,,,,,,,,,,,,,,,,,,,,,,,,,,,,,,,,,,,,,
Admin-0 country,0,3.0,Chad,TCD,0.0,2.0,Sovereign country,1,Chad,TCD,0.0,Chad,TCD,0.0,Chad,TCD,0.0,Chad,Chad,TCD,Chad,,Chad,TD,Republic of Chad,,Chad,,,Chad,,6.0,1.0,8.0,6.0,15946876.0,14.0,2019.0,11314.0,2019.0,7. Least developed region,5. Low income,CD,TD,TD,TCD,TCD,148,148,148,TD,TCD,23424777.0,23424777.0,Exact WOE match as country,TCD,,TCD,TCD,TCD,TCD,TCD,TCD,TCD,TCD,TCD,TCD,TCD,TCD,TCD,TCD,TCD,TCD,TCD,TCD,TCD,TCD,TCD,TCD,TCD,TCD,TCD,TCD,TCD,TCD,TCD,TCD,TCD,TCD,-99.0,-99.0,Africa,Africa,Middle Africa,Sub-Saharan Africa,4.0,4.0,4.0,-99.0,1.0,0.0,3.0,8.0,18.645041,15.142959,1159321301.0,Q657,تشاد,চাদ,Tschad,Chad,Chad,چاد,Tchad,Τσαντ,צ'אד,चाड,Csád,Chad,Ciad,チャド,차드,Tsjaad,Czad,Chade,Чад,Tchad,Çad,Чад,چاڈ,Tchad,乍得,查德,Admin-0 country,,Admin-0 country,,,,,,,,,,,,,,,,,,,,,,,,,,,,,,,,,,,,,,,,,,,,,,,,,,,,,,,,,,,,,,,,,,,,,,,,,,,,,,,,,,,,,,,,,,,,,,,,,,,,,,,,,,,,,,,,,,,,
Admin-0 country,0,6.0,Kuwait,KWT,0.0,2.0,Sovereign country,1,Kuwait,KWT,0.0,Kuwait,KWT,0.0,Kuwait,KWT,0.0,Kuwait,Kuwait,KWT,Kuwait,,Kwt.,KW,State of Kuwait,,Kuwait,,,Kuwait,,2.0,2.0,2.0,2.0,4207083.0,12.0,2019.0,134628.0,2019.0,6. Developing region,2. High income: nonOECD,KU,KW,KW,KWT,KWT,414,414,414,KW,KWT,23424870.0,23424870.0,Exact WOE match as country,KWT,,KWT,KWT,KWT,KWT,KWT,KWT,KWT,KWT,KWT,KWT,KWT,KWT,KWT,KWT,KWT,KWT,KWT,KWT,KWT,KWT,KWT,KWT,KWT,KWT,KWT,KWT,KWT,KWT,KWT,KWT,KWT,KWT,-99.0,-99.0,Asia,Asia,Western Asia,Middle East & North Africa,6.0,6.0,4.0,-99.0,1.0,0.0,5.0,10.0,47.313999,29.413628,1159321009.0,Q817,الكويت,কুয়েত,Kuwait,Kuwait,Kuwait,کویت,Koweït,Κουβέιτ,כווית,कुवैत,Kuvait,Kuwait,Kuwait,クウェート,쿠웨이트,Koeweit,Kuwejt,Kuwait,Кувейт,Kuwait,Kuveyt,Кувейт,کویت,Kuwait,科威特,科威特,Admin-0 country,,Admin-0 country,,,,,,,,,,,,,,,,,,,,,,,,,,,,,,,,,,,,,,,,,,,,,,,,,,,,,,,,,,,,,,,,,,,,,,,,,,,,,,,,,,,,,,,,,,,,,,,,,,,,,,,,,,,,,,,,,,,,
Admin-0 country,0,6.0,El Salvador,SLV,0.0,2.0,Sovereign country,1,El Salvador,SLV,0.0,El Salvador,SLV,0.0,El Salvador,SLV,0.0,El Salvador,El Salvador,SLV,El Salvador,,El. S.,SV,Republic of El Salvador,,El Salvador,,,El Salvador,,1.0,4.0,6.0,8.0,6453553.0,13.0,2019.0,27022.0,2019.0,6. Developing region,4. Lower middle income,ES,SV,SV,SLV,SLV,222,222,222,SV,SLV,23424807.0,23424807.0,Exact WOE match as country,SLV,,SLV,SLV,SLV,SLV,SLV,SLV,SLV,SLV,SLV,SLV,SLV,SLV,SLV,SLV,SLV,SLV,SLV,SLV,SLV,SLV,SLV,SLV,SLV,SLV,SLV,SLV,SLV,SLV,SLV,SLV,SLV,SLV,-99.0,-99.0,North America,Americas,Central America,Latin America & Caribbean,11.0,11.0,6.0,-99.0,1.0,0.0,5.0,10.0,-88.890124,13.685371,1159321253.0,Q792,السلفادور,এল সালভাদোর,El Salvador,El Salvador,El Salvador,السالوادور,Salvador,Ελ Σαλβαδόρ,אל סלוודור,अल साल्वाडोर,Salvador,El Salvador,El Salvador,エルサルバドル,엘살바도르,El Salvador,Salwador,El Salvador,Сальвадор,El Salvador,El Salvador,Сальвадор,ایل سیلواڈور,El Salvador,萨尔瓦多,薩爾瓦多,Admin-0 country,,Admin-0 country,,,,,,,,,,,,,,,,,,,,,,,,,,,,,,,,,,,,,,,,,,,,,,,,,,,,,,,,,,,,,,,,,,,,,,,,,,,,,,,,,,,,,,,,,,,,,,,,,,,,,,,,,,,,,,,,,,,,
Admin-0 country,0,3.0,Guatemala,GTM,0.0,2.0,Sovereign country,1,Guatemala,GTM,0.0,Guatemala,GTM,0.0,Guatemala,GTM,0.0,Guatemala,Guatemala,GTM,Guatemala,,Guat.,GT,Republic of Guatemala,,Guatemala,,,Guatemala,,3.0,3.0,3.0,6.0,16604026.0,14.0,2019.0,76710.0,2019.0,6. Developing region,4. Lower middle income,GT,GT,GT,GTM,GTM,320,320,320,GT,GTM,23424834.0,23424834.0,Exact WOE match as country,GTM,,GTM,GTM,GTM,GTM,GTM,GTM,GTM,GTM,GTM,GTM,GTM,GTM,GTM,GTM,GTM,GTM,GTM,GTM,GTM,GTM,GTM,GTM,GTM,GTM,GTM,GTM,GTM,GTM,GTM,GTM,GTM,GTM,-99.0,-99.0,North America,Americas,Central America,Latin America & Caribbean,9.0,9.0,5.0,4.0,1.0,0.0,3.0,8.0,-90.497134,14.982133,1159320815.0,Q774,غواتيمالا,গুয়াতেমালা,Guatemala,Guatemala,Guatemala,گواتمالا,Guatemala,Γουατεμάλα,גואטמלה,ग्वाटेमाला,Guatemala,Guatemala,Guatemala,グアテマラ,과테말라,Guatemala,Gwatemala,Guatemala,Гватемала,Guatemala,Guatemala,Гватемала,گواتیمالا,Guatemala,危地马拉,瓜地馬拉,Admin-0 country,,Admin-0 country,,,,,,,,,,,,,,,,,,,,,,,,,,,,,,,,,,,,,,,,,,,,,,,,,,,,,,,,,,,,,,,,,,,,,,,,,,,,,,,,,,,,,,,,,,,,,,,,,,,,,,,,,,,,,,,,,,,,
Admin-0 country,1,5.0,East Timor,TLS,0.0,2.0,Sovereign country,1,East Timor,TLS,0.0,East Timor,TLS,0.0,East Timor,TLS,0.0,Timor-Leste,Timor-Leste,TLS,Timor-Leste,,T.L.,TL,Democratic Republic of Timor-Leste,,Timor-Leste,,,Timor-Leste,East Timor,2.0,2.0,4.0,3.0,1293119.0,12.0,2019.0,2017.0,2019.0,7. Least developed region,4. Lower middle income,TT,TL,TL,TLS,TLS,626,626,626,TP,TMP,23424968.0,23424968.0,Exact WOE match as country,TLS,,TLS,TLS,TLS,TLS,TLS,TLS,TLS,TLS,TLS,TLS,TLS,TLS,TLS,TLS,TLS,TLS,TLS,TLS,TLS,TLS,TLS,TLS,TLS,TLS,TLS,TLS,TLS,TLS,TLS,TLS,TLS,TLS,-99.0,-99.0,Asia,Asia,South-Eastern Asia,East Asia & Pacific,11.0,11.0,4.0,-99.0,1.0,0.0,4.0,9.0,125.854679,-8.803705,1159321313.0,Q574,تيمور الشرقية,পূর্ব তিমুর,Osttimor,East Timor,Timor Oriental,تیمور شرقی,Timor oriental,Ανατολικό Τιμόρ,מזרח טימור,पूर्वी तिमोर,Kelet-Timor,Timor Leste,Timor Est,東ティモール,동티모르,Oost-Timor,Timor Wschodni,Timor-Leste,Восточный Тимор,Östtimor,Doğu Timor,Східний Тимор,مشرقی تیمور,Đông Timor,东帝汶,東帝汶,Admin-0 country,,Admin-0 country,,,,,,,,,,,,,,,,,,,,,,,,,,,,,,,,,,,,,,,,,,,,,,,,,,,,,,,,,,,,,,,,,,,,,,,,,,,,,,,,,,,,,,,,,,,,,,,,,,,,,,,,,,,,,,,,,,,,
Admin-0 country,0,6.0,Brunei,BRN,0.0,2.0,Sovereign country,1,Brunei,BRN,0.0,Brunei,BRN,0.0,Brunei,BRN,0.0,Brunei,Brunei Darussalam,BRN,Brunei,,Brunei,BN,Negara Brunei Darussalam,,Brunei,,,Brunei,,4.0,6.0,6.0,12.0,433285.0,10.0,2019.0,13469.0,2019.0,6. Developing region,2. High income: nonOECD,BX,BN,BN,BRN,BRN,096,096,096,BN,BRN,23424773.0,23424773.0,Exact WOE match as country,BRN,,BRN,BRN,BRN,BRN,BRN,BRN,BRN,BRN,BRN,BRN,BRN,BRN,BRN,BRN,BRN,BRN,BRN,BRN,BRN,BRN,BRN,BRN,BRN,BRN,BRN,BRN,BRN,BRN,BRN,BRN,BRN,BRN,-99.0,-99.0,Asia,Asia,South-Eastern Asia,East Asia & Pacific,6.0,17.0,6.0,2.0,1.0,0.0,4.0,9.0,114.551943,4.448298,1159320451.0,Q921,بروناي,ব্রুনাই,Brunei,Brunei,Brunéi,برونئی,Brunei,Μπρουνέι,ברוניי,ब्रुनेई,Brunei,Brunei Darussalam,Brunei,ブルネイ,브루나이,Brunei,Brunei,Brunei,Бруней,Brunei,Brunei,Бруней,برونائی دار السلام,Brunei,文莱,汶萊,Admin-0 country,,Admin-0 country,,,,,,,,,,,,,,,,,,,,,,,,,,,,,,,,,,,,,,,,,,,,,,,,,,,,,,,,,,,,,,,,,,,,,,,,,,,,,,,,,,,,,,,,,,,,,,,,,,,,,,,,,,,,,,,,,,,,
Admin-0 country,0,6.0,Monaco,MCO,0.0,2.0,Sovereign country,1,Monaco,MCO,0.0,Monaco,MCO,0.0,Monaco,MCO,0.0,Monaco,Monaco,MCO,Monaco,,Mco.,MC,Principality of Monaco,,Monaco,,,Monaco,,1.0,1.0,2.0,12.0,38964.0,7.0,2019.0,7188.0,2018.0,2. Developed region: nonG7,2. High income: nonOECD,MN,MC,MC,MCO,MCO,492,492,492,MC,MCO,23424892.0,23424892.0,Exact WOE match as country,MCO,,MCO,MCO,MCO,MCO,MCO,MCO,MCO,MCO,MCO,MCO,MCO,MCO,MCO,MCO,MCO,MCO,MCO,MCO,MCO,MCO,MCO,MCO,MCO,MCO,MCO,MCO,MCO,MCO,MCO,MCO,MCO,MCO,-99.0,-99.0,Europe,Europe,Western Europe,Europe & Central Asia,6.0,6.0,4.0,5.0,1.0,0.0,5.0,10.0,7.398291,43.739652,1159321043.0,Q235,موناكو,মোনাকো,Monaco,Monaco,Mónaco,موناکو,Monaco,Μονακό,מונקו,मोनैको,Monaco,Monako,Principato di Monaco,モナコ,모나코,Monaco,Monako,Mónaco,Монако,Monaco,Monako,Монако,موناکو,Monaco,摩纳哥,摩納哥,Admin-0 country,,Admin-0 country,,,,,,,,,,,,,,,,,,,,,,,,,,,,,,,,,,,,,,,,,,,,,,,,,,,,,,,,,,,,,,,,,,,,,,,,,,,,,,,,,,,,,,,,,,,,,,,,,,,,,,,,,,,,,,,,,,,,
Admin-0 country,0,3.0,Algeria,DZA,0.0,2.0,Sovereign country,1,Algeria,DZA,0.0,Algeria,DZA,0.0,Algeria,DZA,0.0,Algeria,Algeria,DZA,Algeria,,Alg.,DZ,People's Democratic Republic of Algeria,,Algeria,,,Algeria,,5.0,1.0,6.0,3.0,43053054.0,15.0,2019.0,171091.0,2019.0,6. Developing region,3. Upper middle income,AG,DZ,DZ,DZA,DZA,012,012,012,DZ,DZA,23424740.0,23424740.0,Exact WOE match as country,DZA,,DZA,DZA,DZA,DZA,DZA,DZA,DZA,DZA,DZA,DZA,DZA,DZA,DZA,DZA,DZA,DZA,DZA,DZA,DZA,DZA,DZA,DZA,DZA,DZA,DZA,DZA,DZA,DZA,DZA,DZA,DZA,DZA,-99.0,-99.0,Africa,Africa,Northern Africa,Middle East & North Africa,7.0,7.0,4.0,-99.0,1.0,0.0,2.5,7.0,2.8082409999999998,27.397406,1159320565.0,Q262,الجزائر,আলজেরিয়া,Algerien,Algeria,Argelia,الجزایر,Algérie,Αλγερία,אלג'יריה,अल्जीरिया,Algéria,Aljazair,Algeria,アルジェリア,알제리,Algerije,Algieria,Argélia,Алжир,Algeriet,Cezayir,Алжир,الجزائر,Algérie,阿尔及利亚,阿爾及利亞,Admin-0 country,,Admin-0 country,,,,,,,,,,,,,,,,,,,,,,,,,,,,,,,,,,,,,,,,,,,,,,,,,,,,,,,,,,,,,,,,,,,,,,,,,,,,,,,,,,,,,,,,,,,,,,,,,,,,,,,,,,,,,,,,,,,,
Admin-0 country,0,3.0,Mozambique,MOZ,0.0,2.0,Sovereign country,1,Mozambique,MOZ,0.0,Mozambique,MOZ,0.0,Mozambique,MOZ,0.0,Mozambique,Mozambique,MOZ,Mozambique,,Moz.,MZ,Republic of Mozambique,,Mozambique,,,Mozambique,,4.0,2.0,1.0,4.0,30366036.0,15.0,2019.0,15291.0,2019.0,7. Least developed region,5. Low income,MZ,MZ,MZ,MOZ,MOZ,508,508,508,MZ,MOZ,23424902.0,23424902.0,Exact WOE match as country,MOZ,,MOZ,MOZ,MOZ,MOZ,MOZ,MOZ,MOZ,MOZ,MOZ,MOZ,MOZ,MOZ,MOZ,MOZ,MOZ,MOZ,MOZ,MOZ,MOZ,MOZ,MOZ,MOZ,MOZ,MOZ,MOZ,MOZ,MOZ,MOZ,MOZ,MOZ,MOZ,MOZ,-99.0,-99.0,Africa,Africa,Eastern Africa,Sub-Saharan Africa,10.0,10.0,4.0,-99.0,1.0,0.0,3.0,8.0,37.83789,-13.94323,1159321073.0,Q1029,موزمبيق,মোজাম্বিক,Mosambik,Mozambique,Mozambique,موزامبیک,Mozambique,Μοζαμβίκη,מוזמביק,मोज़ाम्बीक,Mozambik,Mozambik,Mozambico,モザンビーク,모잠비크,Mozambique,Mozambik,Moçambique,Мозамбик,Moçambique,Mozambik,Мозамбік,موزمبیق,Mozambique,莫桑比克,莫三比克,Admin-0 country,,Admin-0 country,,,,,,,,,,,,,,,,,,,,,,,,,,,,,,,,,,,,,,,,,,,,,,,,,,,,,,,,,,,,,,,,,,,,,,,,,,,,,,,,,,,,,,,,,,,,,,,,,,,,,,,,,,,,,,,,,,,,
Admin-0 country,0,4.0,eSwatini,SWZ,0.0,2.0,Sovereign country,1,eSwatini,SWZ,0.0,eSwatini,SWZ,0.0,eSwatini,SWZ,0.0,eSwatini,Kingdom of eSwatini,SWZ,eSwatini,,eSw.,ES,Kingdom of eSwatini,,eSwatini,,,eSwatini,Swaziland,3.0,6.0,2.0,5.0,1148130.0,12.0,2019.0,4471.0,2019.0,6. Developing region,4. Lower middle income,WZ,SZ,SZ,SWZ,SWZ,748,748,748,SZ,SWZ,23424993.0,23424993.0,Exact WOE match as country,SWZ,,SWZ,SWZ,SWZ,SWZ,SWZ,SWZ,SWZ,SWZ,SWZ,SWZ,SWZ,SWZ,SWZ,SWZ,SWZ,SWZ,SWZ,SWZ,SWZ,SWZ,SWZ,SWZ,SWZ,SWZ,SWZ,SWZ,SWZ,SWZ,SWZ,SWZ,SWZ,SWZ,-99.0,-99.0,Africa,Africa,Southern Africa,Sub-Saharan Africa,8.0,19.0,4.0,-99.0,1.0,0.0,4.0,9.0,31.467264,-26.533676,1159321289.0,Q1050,إسواتيني,ইসোয়াতিনি,Eswatini,Eswatini,Suazilandia,اسواتینی,Eswatini,Εσουατίνι,אסוואטיני,एस्वातीनी,Szváziföld,Eswatini,eSwatini,エスワティニ,에스와티니,Swaziland,Eswatini,Essuatíni,Эсватини,Swaziland,Esvatini,Есватіні,اسواتینی,Eswatini,斯威士兰,史瓦帝尼,Admin-0 country,,Admin-0 country,,,,,,,,,,,,,,,,,,,,,,,,,,,,,,,,,,,,,,,,,,,,,,,,,,,,,,,,,,,,,,,,,,,,,,,,,,,,,,,,,,,,,,,,,,,,,,,,,,,,,,,,,,,,,,,,,,,,
Admin-0 country,0,6.0,Burundi,BDI,0.0,2.0,Sovereign country,1,Burundi,BDI,0.0,Burundi,BDI,0.0,Burundi,BDI,0.0,Burundi,Burundi,BDI,Burundi,,Bur.,BI,Republic of Burundi,,Burundi,,,Burundi,,2.0,2.0,5.0,8.0,11530580.0,14.0,2019.0,3012.0,2019.0,7. Least developed region,5. Low income,BY,BI,BI,BDI,BDI,108,108,108,BI,BDI,23424774.0,23424774.0,Exact WOE match as country,BDI,,BDI,BDI,BDI,BDI,BDI,BDI,BDI,BDI,BDI,BDI,BDI,BDI,BDI,BDI,BDI,BDI,BDI,BDI,BDI,BDI,BDI,BDI,BDI,BDI,BDI,BDI,BDI,BDI,BDI,BDI,BDI,BDI,-99.0,-99.0,Africa,Africa,Eastern Africa,Sub-Saharan Africa,7.0,7.0,4.0,-99.0,1.0,0.0,4.0,9.0,29.917086,-3.332836,1159320387.0,Q967,بوروندي,বুরুন্ডি,Burundi,Burundi,Burundi,بوروندی,Burundi,Μπουρούντι,בורונדי,बुरुण्डी,Burundi,Burundi,Burundi,ブルンジ,부룬디,Burundi,Burundi,Burundi,Бурунди,Burundi,Burundi,Бурунді,برونڈی,Burundi,布隆迪,蒲隆地,Admin-0 country,,Admin-0 country,,,,,,,,,,,,,,,,,,,,,,,,,,,,,,,,,,,,,,,,,,,,,,,,,,,,,,,,,,,,,,,,,,,,,,,,,,,,,,,,,,,,,,,,,,,,,,,,,,,,,,,,,,,,,,,,,,,,
Admin-0 country,0,3.0,Rwanda,RWA,0.0,2.0,Sovereign country,1,Rwanda,RWA,0.0,Rwanda,RWA,0.0,Rwanda,RWA,0.0,Rwanda,Rwanda,RWA,Rwanda,,Rwa.,RW,Republic of Rwanda,,Rwanda,,,Rwanda,,5.0,2.0,3.0,10.0,12626950.0,14.0,2019.0,10354.0,2019.0,7. Least developed region,5. Low income,RW,RW,RW,RWA,RWA,646,646,646,RW,RWA,23424937.0,23424937.0,Exact WOE match as country,RWA,,RWA,RWA,RWA,RWA,RWA,RWA,RWA,RWA,RWA,RWA,RWA,RWA,RWA,RWA,RWA,RWA,RWA,RWA,RWA,RWA,RWA,RWA,RWA,RWA,RWA,RWA,RWA,RWA,RWA,RWA,RWA,RWA,-99.0,-99.0,Africa,Africa,Eastern Africa,Sub-Saharan Africa,6.0,6.0,4.0,-99.0,1.0,0.0,3.0,8.0,30.103894,-1.897196,1159321219.0,Q1037,رواندا,রুয়ান্ডা,Ruanda,Rwanda,Ruanda,رواندا,Rwanda,Ρουάντα,רואנדה,रवाण्डा,Ruanda,Rwanda,Ruanda,ルワンダ,르완다,Rwanda,Rwanda,Ruanda,Руанда,Rwanda,Ruanda,Руанда,روانڈا,Rwanda,卢旺达,盧旺達,Admin-0 country,,Admin-0 country,,,,,,,,,,,,,,,,,,,,,,,,,,,,,,,,,,,,,,,,,,,,,,,,,,,,,,,,,,,,,,,,,,,,,,,,,,,,,,,,,,,,,,,,,,,,,,,,,,,,,,,,,,,,,,,,,,,,
Admin-0 country,0,3.0,Myanmar,MMR,0.0,2.0,Sovereign country,1,Myanmar,MMR,0.0,Myanmar,MMR,0.0,Myanmar,MMR,0.0,Myanmar,Myanmar,MMR,Myanmar,,Myan.,MM,Republic of the Union of Myanmar,,Burma,,,Myanmar,,2.0,2.0,5.0,13.0,54045420.0,16.0,2019.0,76085.0,2019.0,7. Least developed region,5. Low income,BM,MM,MM,MMR,MMR,104,104,104,MM,MMR,23424763.0,23424763.0,Exact WOE match as country,MMR,,MMR,MMR,MMR,MMR,MMR,MMR,MMR,MMR,MMR,MMR,MMR,MMR,MMR,MMR,MMR,MMR,MMR,MMR,MMR,MMR,MMR,MMR,MMR,MMR,MMR,MMR,MMR,MMR,MMR,MMR,MMR,MMR,-99.0,-99.0,Asia,Asia,South-Eastern Asia,East Asia & Pacific,7.0,7.0,5.0,-99.0,1.0,0.0,3.0,8.0,95.804497,21.573855000000002,1159321067.0,Q836,ميانمار,মিয়ানমার,Myanmar,Myanmar,Birmania,میانمار,Birmanie,Μιανμάρ,מיאנמר,म्यान्मार,Mianmar,Myanmar,Birmania,ミャンマー,미얀마,Myanmar,Mjanma,Myanmar,Мьянма,Myanmar,Myanmar,М'янма,میانمار,Myanma,缅甸,緬甸,Admin-0 country,,Admin-0 country,,,,,,,,,,,,,,,,,,,,,,,,,,,,,,,,,,,,,,,,,,,,,,,,,,,,,,,,,,,,,,,,,,,,,,,,,,,,,,,,,,,,,,,,,,,,,,,,,,,,,,,,,,,,,,,,,,,,
Admin-0 country,0,3.0,Bangladesh,BGD,0.0,2.0,Sovereign country,1,Bangladesh,BGD,0.0,Bangladesh,BGD,0.0,Bangladesh,BGD,0.0,Bangladesh,Bangladesh,BGD,Bangladesh,,Bang.,BD,People's Republic of Bangladesh,,Bangladesh,,,Bangladesh,,3.0,4.0,7.0,7.0,163046161.0,17.0,2019.0,302571.0,2019.0,7. Least developed region,5. Low income,BG,BD,BD,BGD,BGD,050,050,050,BD,BGD,23424759.0,23424759.0,Exact WOE match as country,BGD,,BGD,BGD,BGD,BGD,BGD,BGD,BGD,BGD,BGD,BGD,BGD,BGD,BGD,BGD,BGD,BGD,BGD,BGD,BGD,BGD,BGD,BGD,BGD,BGD,BGD,BGD,BGD,BGD,BGD,BGD,BGD,BGD,-99.0,-99.0,Asia,Asia,Southern Asia,South Asia,10.0,10.0,5.0,-99.0,1.0,0.0,3.0,8.0,89.684963,24.214956,1159320407.0,Q902,بنغلاديش,বাংলাদেশ,Bangladesch,Bangladesh,Bangladés,بنگلادش,Bangladesh,Μπανγκλαντές,בנגלדש,बांग्लादेश,Banglades,Bangladesh,Bangladesh,バングラデシュ,방글라데시,Bangladesh,Bangladesz,Bangladesh,Бангладеш,Bangladesh,Bangladeş,Бангладеш,بنگلہ دیش,Bangladesh,孟加拉国,孟加拉,Admin-0 country,,Admin-0 country,,,,,,,,,,,,,,,,,,,,,,,,,,,,,,,,,,,,,,,,,,,,,,,,,,,,,,,,,,,,,,,,,,,,,,,,,,,,,,,,,,,,,,,,,,,,,,,,,,,,,,,,,,,,,,,,,,,,
Admin-0 country,0,6.0,Andorra,AND,0.0,2.0,Sovereign country,1,Andorra,AND,0.0,Andorra,AND,0.0,Andorra,AND,0.0,Andorra,Andorra,AND,Andorra,,And.,AND,Principality of Andorra,,Andorra,,,Andorra,,1.0,4.0,1.0,8.0,77142.0,8.0,2019.0,3154.0,2019.0,2. Developed region: nonG7,2. High income: nonOECD,AN,AD,AD,AND,AND,020,020,020,AD,ADO,23424744.0,23424744.0,Exact WOE match as country,AND,,AND,AND,AND,AND,AND,AND,AND,AND,AND,AND,AND,AND,AND,AND,AND,AND,AND,AND,AND,AND,AND,AND,AND,AND,AND,AND,AND,AND,AND,AND,AND,AND,-99.0,-99.0,Europe,Europe,Southern Europe,Europe & Central Asia,7.0,7.0,4.0,5.0,1.0,0.0,5.0,10.0,1.539409,42.547643,1159320327.0,Q228,أندورا,অ্যান্ডোরা,Andorra,Andorra,Andorra,آندورا,Andorre,Ανδόρρα,אנדורה,अण्डोरा,Andorra,Andorra,Andorra,アンドラ,안도라,Andorra,Andora,Andorra,Андорра,Andorra,Andorra,Андорра,انڈورا,Andorra,安道尔,安道爾,Admin-0 country,,Admin-0 country,,,,,,,,,,,,,,,,,,,,,,,,,,,,,,,,,,,,,,,,,,,,,,,,,,,,,,,,,,,,,,,,,,,,,,,,,,,,,,,,,,,,,,,,,,,,,,,,,,,,,,,,,,,,,,,,,,,,
Admin-0 country,0,3.0,Afghanistan,AFG,0.0,2.0,Sovereign country,1,Afghanistan,AFG,0.0,Afghanistan,AFG,0.0,Afghanistan,AFG,0.0,Afghanistan,Afghanistan,AFG,Afghanistan,,Afg.,AF,Islamic State of Afghanistan,,Afghanistan,,,Afghanistan,,5.0,6.0,8.0,7.0,38041754.0,15.0,2019.0,19291.0,2019.0,7. Least developed region,5. Low income,AF,AF,AF,AFG,AFG,004,004,004,AF,AFG,23424739.0,23424739.0,Exact WOE match as country,AFG,,AFG,AFG,AFG,AFG,AFG,AFG,AFG,AFG,AFG,AFG,AFG,AFG,AFG,AFG,AFG,AFG,AFG,AFG,AFG,AFG,AFG,AFG,AFG,AFG,AFG,AFG,AFG,AFG,AFG,AFG,AFG,AFG,-99.0,-99.0,Asia,Asia,Southern Asia,South Asia,11.0,11.0,4.0,-99.0,1.0,0.0,3.0,7.0,66.496586,34.164262,1159320319.0,Q889,أفغانستان,আফগানিস্তান,Afghanistan,Afghanistan,Afganistán,افغانستان,Afghanistan,Αφγανιστάν,אפגניסטן,अफ़्गानिस्तान,Afganisztán,Afganistan,Afghanistan,アフガニスタン,아프가니스탄,Afghanistan,Afganistan,Afeganistão,Афганистан,Afghanistan,Afganistan,Афганістан,افغانستان,Afghanistan,阿富汗,阿富汗,Admin-0 country,,Admin-0 country,,,,,,,,,,,,,,,,,,,,,,,,,,,,,,,,,,,,,,,,,,,,,,,,,,,,,,,,,,,,,,,,,,,,,,,,,,,,,,,,,,,,,,,,,,,,,,,,,,,,,,,,,,,,,,,,,,,,
Admin-0 country,0,6.0,Montenegro,MNE,0.0,2.0,Sovereign country,1,Montenegro,MNE,0.0,Montenegro,MNE,0.0,Montenegro,MNE,0.0,Montenegro,Montenegro,MNE,Montenegro,,Mont.,ME,Montenegro,,Montenegro,,,Montenegro,,4.0,1.0,4.0,5.0,622137.0,11.0,2019.0,5542.0,2019.0,6. Developing region,3. Upper middle income,MJ,ME,ME,MNE,MNE,499,499,499,ME,MNE,20069817.0,20069817.0,Exact WOE match as country,MNE,,MNE,MNE,MNE,MNE,MNE,MNE,MNE,MNE,MNE,MNE,MNE,MNE,MNE,MNE,MNE,MNE,MNE,MNE,MNE,MNE,MNE,MNE,MNE,MNE,MNE,MNE,MNE,MNE,MNE,MNE,MNE,MNE,-99.0,-99.0,Europe,Europe,Southern Europe,Europe & Central Asia,10.0,10.0,5.0,-99.0,1.0,0.0,5.0,10.0,19.143727,42.803101,1159321069.0,Q236,الجبل الأسود,মন্টিনিগ্রো,Montenegro,Montenegro,Montenegro,مونتهنگرو,Monténégro,Μαυροβούνιο,מונטנגרו,मॉन्टेनीग्रो,Montenegró,Montenegro,Montenegro,モンテネグロ,몬테네그로,Montenegro,Czarnogóra,Montenegro,Черногория,Montenegro,Karadağ,Чорногорія,مونٹینیگرو,Montenegro,黑山,蒙特內哥羅,Admin-0 country,,Admin-0 country,,,,,,,,,,,,,,,,,,,,,,,,,,,,,,,,,,,,,,,,,,,,,,,,,,,,,,,,,,,,,,,,,,,,,,,,,,,,,,,,,,,,,,,,,,,,,,,,,,,,,,,,,,,,,,,,,,,,
Admin-0 country,0,5.0,Bosnia and Herzegovina,BIH,0.0,2.0,Sovereign country,1,Bosnia and Herzegovina,BIH,0.0,Bosnia and Herzegovina,BIH,0.0,Bosnia and Herzegovina,BIH,0.0,Bosnia and Herzegovina,Bosnia and Herzegovina,BIH,Bosnia and Herzegovina,,B.H.,BiH,Bosnia and Herzegovina,,Bosnia and Herzegovina,,,Bosnia and Herzegovina,,1.0,1.0,1.0,2.0,3301000.0,12.0,2019.0,20164.0,2019.0,6. Developing region,3. Upper middle income,BK,BA,BA,BIH,BIH,070,070,070,BA,BIH,23424761.0,23424761.0,Exact WOE match as country,BIH,,BIH,BIH,BIH,BIH,BIH,BIH,BIH,BIH,BIH,BIH,BIH,BIH,BIH,BIH,BIH,BIH,BIH,BIH,BIH,BIH,BIH,BIH,BIH,BIH,BIH,BIH,BIH,BIH,BIH,BIH,BIH,BIH,-99.0,-99.0,Europe,Europe,Southern Europe,Europe & Central Asia,16.0,22.0,4.0,-99.0,1.0,0.0,4.5,6.8,18.06841,44.091051,1159320417.0,Q225,البوسنة والهرسك,বসনিয়া ও হার্জেগোভিনা,Bosnien und Herzegowina,Bosnia and Herzegovina,Bosnia y Herzegovina,بوسنی و هرزگوین,Bosnie-Herzégovine,Βοσνία και Ερζεγοβίνη,בוסניה והרצגובינה,बॉस्निया और हर्ज़ेगोविना,Bosznia-Hercegovina,Bosnia dan Herzegovina,Bosnia ed Erzegovina,ボスニア・ヘルツェゴビナ,보스니아 헤르체고비나,Bosnië en Herzegovina,Bośnia i Hercegowina,Bósnia e Herzegovina,Босния и Герцеговина,Bosnien och Hercegovina,Bosna-Hersek,Боснія і Герцеговина,بوسنیا و ہرزیگووینا,Bosna và Hercegovina,波斯尼亚和黑塞哥维那,波士尼亞與赫塞哥維納,Admin-0 country,,Admin-0 country,,,,,,,,,,,,,,,,,,,,,,,,,,,,,,,,,,,,,,,,,,,,,,,,,,,,,,,,,,,,,,,,,,,,,,,,,,,,,,,,,,,,,,,,,,,,,,,,,,,,,,,,,,,,,,,,,,,,
Admin-0 country,0,3.0,Uganda,UGA,0.0,2.0,Sovereign country,1,Uganda,UGA,0.0,Uganda,UGA,0.0,Uganda,UGA,0.0,Uganda,Uganda,UGA,Uganda,,Uga.,UG,Republic of Uganda,,Uganda,,,Uganda,,6.0,3.0,6.0,4.0,44269594.0,15.0,2019.0,35165.0,2019.0,7. Least developed region,5. Low income,UG,UG,UG,UGA,UGA,800,800,800,UG,UGA,23424974.0,23424974.0,Exact WOE match as country,UGA,,UGA,UGA,UGA,UGA,UGA,UGA,UGA,UGA,UGA,UGA,UGA,UGA,UGA,UGA,UGA,UGA,UGA,UGA,UGA,UGA,UGA,UGA,UGA,UGA,UGA,UGA,UGA,UGA,UGA,UGA,UGA,UGA,-99.0,-99.0,Africa,Africa,Eastern Africa,Sub-Saharan Africa,6.0,6.0,4.0,-99.0,1.0,0.0,3.0,8.0,32.948555,1.972589,1159321343.0,Q1036,أوغندا,উগান্ডা,Uganda,Uganda,Uganda,اوگاندا,Ouganda,Ουγκάντα,אוגנדה,युगाण्डा,Uganda,Uganda,Uganda,ウガンダ,우간다,Oeganda,Uganda,Uganda,Уганда,Uganda,Uganda,Уганда,یوگنڈا,Uganda,乌干达,烏干達,Admin-0 country,,Admin-0 country,,,,,,,,,,,,,,,,,,,,,,,,,,,,,,,,,,,,,,,,,,,,,,,,,,,,,,,,,,,,,,,,,,,,,,,,,,,,,,,,,,,,,,,,,,,,,,,,,,,,,,,,,,,,,,,,,,,,
Admin-0 country,0,10.0,Cuba,CU1,1.0,2.0,Lease,1,US Naval Base Guantanamo Bay,USG,0.0,US Naval Base Guantanamo Bay,USG,0.0,US Naval Base Guantanamo Bay,USG,1.0,USNB Guantanamo Bay,US Naval Base Guantanamo Bay,B50,Guantanamo Bay USNB,,Guantan.,GB,,,,U.S.A.,Leased to U.S.A. by Cuba; Claimed by Cuba,Guantanamo Bay USNB,"Gitmo, GTMO",3.0,5.0,3.0,1.0,6000.0,5.0,2018.0,240.0,1999.0,2. Developed region: nonG7,2. High income: nonOECD,-99,-99,-99,-99,-99,-99,-99,-099,-99,-99,-99.0,-99.0,No WOE equivalent.,-99,1,USG,USG,USG,CUB,USG,CUB,USG,USG,USG,USG,USG,USG,USG,USG,USG,USG,USG,USG,USG,USG,USG,USG,USG,USG,USG,USG,USG,USG,USG,USG,USG,USG,-99.0,-99.0,North America,Americas,Caribbean,Latin America & Caribbean,19.0,28.0,8.0,-99.0,-99.0,5.0,6.0,11.0,-75.117277,19.918398,1159320529.0,Q762570,قاعدة غوانتانامو,গুয়ানতানামো বে কারাগার নৌবাহিনী বেস,Guantanamo Bay Naval Base,Guantanamo Bay Naval Base,Base Naval de la Bahía de Guantánamo,پایگاه نیروی دریایی خلیج گوانتانامو,base navale de la baie de Guantánamo,Ναυτική Βάση του Κόλπου του Γκουαντάναμο,בסיס הצי מפרץ גואנטנמו,ग्वांटानैमो खाड़ी नौसेना बेस,guantánamói haditengerészeti támaszpont,Pangkalan Laut Teluk Guantanamo,base navale di Guantanamo,グァンタナモ米軍基地,관타나모만 해군 기지,Guantánamo Bay,Naval Station Guantanamo Bay,Base Naval da Baía de Guantánamo,Военная база Гуантанамо,Guantánamobasen,Guantanamo Bay,Військова база Гуантанамо,گونتاناموبے ناوال بسے,Căn cứ Hải quân vịnh Guantánamo,关塔那摩湾海军基地,關塔那摩灣海軍基地,Unrecognized,1,Admin-0 lease,Admin-0 lease,Admin-0 lease,Unrecognized,Admin-0 lease,Unrecognized,Admin-0 lease,,,,Admin-0 lease,Admin-0 lease,,Admin-0 lease,,,,,Admin-0 lease,,Admin-0 lease,Admin-0 lease,,,,Admin-0 lease,Admin-0 lease,Admin-0 lease,Admin-0 lease,Admin-0 lease,,Admin-0 lease,,,,,,,,,,,,,,,,,,,,,,,,,,,,,,,,,,,,,,,,,,,,,,,,,,,,,,,,,,,,,,,,,,,,,,,,,,,,,,,,,,,,,
Admin-0 country,0,3.0,Cuba,CU1,1.0,1.0,Sovereignty,1,Cuba,CUB,0.0,Cuba,CUB,0.0,Cuba,CUB,0.0,Cuba,Cuba,CUB,Cuba,,Cuba,CU,Republic of Cuba,,Cuba,,,Cuba,,3.0,5.0,3.0,4.0,11333483.0,14.0,2019.0,100023.0,2018.0,5. Emerging region: G20,3. Upper middle income,CU,CU,CU,CUB,CUB,192,192,192,CU,CUB,23424793.0,23424793.0,Exact WOE match as country,CUB,,CUB,CUB,CUB,CUB,CUB,CUB,CUB,CUB,CUB,CUB,CUB,CUB,CUB,CUB,CUB,CUB,CUB,CUB,CUB,CUB,CUB,CUB,CUB,CUB,CUB,CUB,CUB,CUB,CUB,CUB,CUB,CUB,-99.0,-99.0,North America,Americas,Caribbean,Latin America & Caribbean,4.0,4.0,4.0,-99.0,1.0,0.0,2.7,8.0,-77.975855,21.334024,1159320527.0,Q241,كوبا,কিউবা,Kuba,Cuba,Cuba,کوبا,Cuba,Κούβα,קובה,क्यूबा,Kuba,Kuba,Cuba,キューバ,쿠바,Cuba,Kuba,Cuba,Куба,Kuba,Küba,Куба,کیوبا,Cuba,古巴,古巴,Admin-0 country,,Admin-0 country,,,,,,,,,,,,,,,,,,,,,,,,,,,,,,,,,,,,,,,,,,,,,,,,,,,,,,,,,,,,,,,,,,,,,,,,,,,,,,,,,,,,,,,,,,,,,,,,,,,,,,,,,,,,,,,,,,,,
Admin-0 country,0,5.0,Honduras,HND,0.0,2.0,Sovereign country,1,Honduras,HND,0.0,Honduras,HND,0.0,Honduras,HND,0.0,Honduras,Honduras,HND,Honduras,,Hond.,HN,Republic of Honduras,,Honduras,,,Honduras,,2.0,5.0,2.0,5.0,9746117.0,13.0,2019.0,25095.0,2019.0,6. Developing region,4. Lower middle income,HO,HN,HN,HND,HND,340,340,340,HN,HND,23424841.0,23424841.0,Exact WOE match as country,HND,,HND,HND,HND,HND,HND,HND,HND,HND,HND,HND,HND,HND,HND,HND,HND,HND,HND,HND,HND,HND,HND,HND,HND,HND,HND,HND,HND,HND,HND,HND,HND,HND,-99.0,-99.0,North America,Americas,Central America,Latin America & Caribbean,8.0,8.0,5.0,-99.0,1.0,0.0,4.5,9.5,-86.887604,14.794801,1159320827.0,Q783,هندوراس,হন্ডুরাস,Honduras,Honduras,Honduras,هندوراس,Honduras,Ονδούρα,הונדורס,हौण्डुरस,Honduras,Honduras,Honduras,ホンジュラス,온두라스,Honduras,Honduras,Honduras,Гондурас,Honduras,Honduras,Гондурас,ہونڈوراس,Honduras,洪都拉斯,宏都拉斯,Admin-0 country,,Admin-0 country,,,,,,,,,,,,,,,,,,,,,,,,,,,,,,,,,,,,,,,,,,,,,,,,,,,,,,,,,,,,,,,,,,,,,,,,,,,,,,,,,,,,,,,,,,,,,,,,,,,,,,,,,,,,,,,,,,,,
Admin-0 country,0,3.0,Ecuador,ECU,0.0,2.0,Sovereign country,1,Ecuador,ECU,0.0,Ecuador,ECU,0.0,Ecuador,ECU,0.0,Ecuador,Ecuador,ECU,Ecuador,,Ecu.,EC,Republic of Ecuador,,Ecuador,,,Ecuador,,1.0,5.0,2.0,12.0,17373662.0,14.0,2019.0,107435.0,2019.0,6. Developing region,3. Upper middle income,EC,EC,EC,ECU,ECU,218,218,218,EC,ECU,23424801.0,23424801.0,Exact WOE match as country,ECU,,ECU,ECU,ECU,ECU,ECU,ECU,ECU,ECU,ECU,ECU,ECU,ECU,ECU,ECU,ECU,ECU,ECU,ECU,ECU,ECU,ECU,ECU,ECU,ECU,ECU,ECU,ECU,ECU,ECU,ECU,ECU,ECU,-99.0,-99.0,South America,Americas,South America,Latin America & Caribbean,7.0,7.0,4.0,-99.0,1.0,0.0,3.0,8.0,-78.188375,-1.2590759999999999,1159320567.0,Q736,الإكوادور,ইকুয়েডর,Ecuador,Ecuador,Ecuador,اکوادور,Équateur,Εκουαδόρ,אקוודור,ईक्वाडोर,Ecuador,Ekuador,Ecuador,エクアドル,에콰도르,Ecuador,Ekwador,Equador,Эквадор,Ecuador,Ekvador,Еквадор,ایکواڈور,Ecuador,厄瓜多尔,厄瓜多爾,Admin-0 country,,Admin-0 country,,,,,,,,,,,,,,,,,,,,,,,,,,,,,,,,,,,,,,,,,,,,,,,,,,,,,,,,,,,,,,,,,,,,,,,,,,,,,,,,,,,,,,,,,,,,,,,,,,,,,,,,,,,,,,,,,,,,
Admin-0 country,0,2.0,Colombia,COL,0.0,2.0,Sovereign country,1,Colombia,COL,0.0,Colombia,COL,0.0,Colombia,COL,0.0,Colombia,Colombia,COL,Colombia,,Col.,CO,Republic of Colombia,,Colombia,,,Colombia,,2.0,1.0,3.0,1.0,50339443.0,16.0,2019.0,323615.0,2019.0,6. Developing region,3. Upper middle income,CO,CO,CO,COL,COL,170,170,170,CO,COL,23424787.0,23424787.0,Exact WOE match as country,COL,,COL,COL,COL,COL,COL,COL,COL,COL,COL,COL,COL,COL,COL,COL,COL,COL,COL,COL,COL,COL,COL,COL,COL,COL,COL,COL,COL,COL,COL,COL,COL,COL,-99.0,-99.0,South America,Americas,South America,Latin America & Caribbean,8.0,8.0,4.0,-99.0,1.0,0.0,3.0,7.0,-73.174347,3.3731109999999997,1159320517.0,Q739,كولومبيا,কলম্বিয়া,Kolumbien,Colombia,Colombia,کلمبیا,Colombie,Κολομβία,קולומביה,कोलम्बिया,Kolumbia,Kolombia,Colombia,コロンビア,콜롬비아,Colombia,Kolumbia,Colômbia,Колумбия,Colombia,Kolombiya,Колумбія,کولمبیا,Colombia,哥伦比亚,哥倫比亞,Admin-0 country,,Admin-0 country,,,,,,,,,,,,,,,,,,,,,,,,,,,,,,,,,,,,,,,,,,,,,,,,,,,,,,,,,,,,,,,,,,,,,,,,,,,,,,,,,,,,,,,,,,,,,,,,,,,,,,,,,,,,,,,,,,,,
Admin-0 country,0,4.0,Paraguay,PRY,0.0,2.0,Sovereign country,1,Paraguay,PRY,0.0,Paraguay,PRY,0.0,Paraguay,PRY,0.0,Paraguay,Paraguay,PRY,Paraguay,,Para.,PY,Republic of Paraguay,,Paraguay,,,Paraguay,,6.0,3.0,6.0,2.0,7044636.0,13.0,2019.0,38145.0,2019.0,5. Emerging region: G20,4. Lower middle income,PA,PY,PY,PRY,PRY,600,600,600,PY,PRY,23424917.0,23424917.0,Exact WOE match as country,PRY,,PRY,PRY,PRY,PRY,PRY,PRY,PRY,PRY,PRY,PRY,PRY,PRY,PRY,PRY,PRY,PRY,PRY,PRY,PRY,PRY,PRY,PRY,PRY,PRY,PRY,PRY,PRY,PRY,PRY,PRY,PRY,PRY,-99.0,-99.0,South America,Americas,South America,Latin America & Caribbean,8.0,8.0,5.0,-99.0,1.0,0.0,3.0,8.0,-60.146394,-21.674509,1159321195.0,Q733,باراغواي,প্যারাগুয়ে,Paraguay,Paraguay,Paraguay,پاراگوئه,Paraguay,Παραγουάη,פרגוואי,पैराग्वे,Paraguay,Paraguay,Paraguay,パラグアイ,파라과이,Paraguay,Paragwaj,Paraguai,Парагвай,Paraguay,Paraguay,Парагвай,پیراگوئے,Paraguay,巴拉圭,巴拉圭,Admin-0 country,,Admin-0 country,,,,,,,,,,,,,,,,,,,,,,,,,,,,,,,,,,,,,,,,,,,,,,,,,,,,,,,,,,,,,,,,,,,,,,,,,,,,,,,,,,,,,,,,,,,,,,,,,,,,,,,,,,,,,,,,,,,,
Admin-0 country,0,9.0,Brazilian Island,BRI,0.0,2.0,Indeterminate,,Brazilian Island,BRI,0.0,Brazilian Island,BRI,0.0,Brazilian Island,BRI,1.0,Brazilian I.,Brazilian Island,B85,Brazilian Island,,,,,,,,Claimed by Brazil and Uruguay,Brazil (Brazilian I.),,1.0,5.0,2.0,3.0,0.0,1.0,2019.0,0.0,2019.0,3. Emerging region: BRIC,3. Upper middle income,-99,-99,BR,-99,BRA,-99,076,-99,-99,-99,-99.0,-99.0,No WOE equivalent.,-99,,-99,BRI,BRI,BRI,BRI,BRI,BRI,BRI,BRI,BRI,BRI,BRI,BRA,BRI,BRI,BRI,BRI,BRI,BRI,BRI,BRI,BRI,BRI,BRI,BRI,BRI,BRI,BRI,BRI,BRI,BRI,BRI,-99.0,-99.0,South America,Americas,South America,Latin America & Caribbean,12.0,16.0,0.0,-99.0,-99.0,7.0,7.7,9.0,-57.623042,-30.187555,1729632181.0,Q2093778,برازيليان آيلاند,ব্রাজিলিয়ান আইল্যান্ড,Isla Brasilera,Brazilian Island,Isla Brasilera,جزیره برزیلی,Ilha Brasileira,Μπραζίλιαν Άιλαντ,אי ברזילאי,ब्राज़ीलियन आइलैंड,Brazil-sziget,Brazilian Island,Isola brasiliana,ブラジレイラ島,브라질리안 아일랜드,Brazilian Island,Isla Brasilera,Ilha Brasileira,остров Бразилера,Isla Brasileña,Brezilya Adası,Острів Бразильський,برازیلین آئی,Đảo Brazilian,巴西岛,巴西島,Unrecognized,,Unrecognized,,,,,,,,,,,,,,,,,,,,,,,,,,,,,,,,,,,,,,,,,,,,,,,,,,,,,,,,,,,,,,,,,,,,,,,,,,,,,,,,,,,,,,,,,,,,,,,,,,,,,,,,,,,,,,,,,,,,
Admin-0 country,0,6.0,Moldova,MDA,0.0,2.0,Sovereign country,1,Moldova,MDA,0.0,Moldova,MDA,0.0,Moldova,MDA,0.0,Moldova,Moldova,MDA,Moldova,,Mda.,MD,Republic of Moldova,,Moldova,,,Moldova,,3.0,5.0,4.0,12.0,2657637.0,12.0,2019.0,11968.0,2019.0,6. Developing region,4. Lower middle income,MD,MD,MD,MDA,MDA,498,498,498,MD,MDA,23424885.0,23424885.0,Exact WOE match as country,MDA,,MDA,MDA,MDA,MDA,MDA,MDA,MDA,MDA,MDA,MDA,MDA,MDA,MDA,MDA,MDA,MDA,MDA,MDA,MDA,MDA,MDA,MDA,MDA,MDA,MDA,MDA,MDA,MDA,MDA,MDA,MDA,MDA,-99.0,-99.0,Europe,Europe,Eastern Europe,Europe & Central Asia,7.0,7.0,4.0,-99.0,1.0,0.0,5.0,10.0,28.487904,47.434999,1159321045.0,Q217,مولدوفا,মলদোভা,Republik Moldau,Moldova,Moldavia,مولداوی,Moldavie,Μολδαβία,מולדובה,मॉल्डोवा,Moldova,Moldova,Moldavia,モルドバ,몰도바,Moldavië,Mołdawia,Moldávia,Молдавия,Moldavien,Moldova,Молдова,مالدووا,Moldova,摩尔多瓦,摩爾多瓦,Admin-0 country,,Admin-0 country,,,,,,,,,,,,,,,,,,,,,,,,,,,,,,,,,,,,,,,,,,,,,,,,,,,,,,,,,,,,,,,,,,,,,,,,,,,,,,,,,,,,,,,,,,,,,,,,,,,,,,,,,,,,,,,,,,,,
Admin-0 country,0,4.0,Turkmenistan,TKM,0.0,2.0,Sovereign country,1,Turkmenistan,TKM,0.0,Turkmenistan,TKM,0.0,Turkmenistan,TKM,0.0,Turkmenistan,Turkmenistan,TKM,Turkmenistan,,Turkm.,TM,Turkmenistan,,Turkmenistan,,,Turkmenistan,,3.0,2.0,1.0,9.0,5942089.0,13.0,2019.0,40761.0,2018.0,6. Developing region,3. Upper middle income,TX,TM,TM,TKM,TKM,795,795,795,TM,TKM,23424972.0,23424972.0,Exact WOE match as country,TKM,,TKM,TKM,TKM,TKM,TKM,TKM,TKM,TKM,TKM,TKM,TKM,TKM,TKM,TKM,TKM,TKM,TKM,TKM,TKM,TKM,TKM,TKM,TKM,TKM,TKM,TKM,TKM,TKM,TKM,TKM,TKM,TKM,-99.0,-99.0,Asia,Asia,Central Asia,Europe & Central Asia,12.0,12.0,6.0,-99.0,1.0,0.0,3.0,8.0,58.676647,39.855246,1159321309.0,Q874,تركمانستان,তুর্কমেনিস্তান,Turkmenistan,Turkmenistan,Turkmenistán,ترکمنستان,Turkménistan,Τουρκμενιστάν,טורקמניסטן,तुर्कमेनिस्तान,Türkmenisztán,Turkmenistan,Turkmenistan,トルクメニスタン,투르크메니스탄,Turkmenistan,Turkmenistan,Turquemenistão,Туркмения,Turkmenistan,Türkmenistan,Туркменістан,ترکمانستان,Turkmenistan,土库曼斯坦,土庫曼,Admin-0 country,,Admin-0 country,,,,,,,,,,,,,,,,,,,,,,,,,,,,,,,,,,,,,,,,,,,,,,,,,,,,,,,,,,,,,,,,,,,,,,,,,,,,,,,,,,,,,,,,,,,,,,,,,,,,,,,,,,,,,,,,,,,,
Admin-0 country,0,4.0,Jordan,JOR,0.0,2.0,Sovereign country,1,Jordan,JOR,0.0,Jordan,JOR,0.0,Jordan,JOR,0.0,Jordan,Jordan,JOR,Jordan,,Jord.,J,Hashemite Kingdom of Jordan,,Jordan,,,Jordan,,5.0,3.0,4.0,4.0,10101694.0,14.0,2019.0,44502.0,2019.0,6. Developing region,3. Upper middle income,JO,JO,JO,JOR,JOR,400,400,400,JO,JOR,23424860.0,23424860.0,Exact WOE match as country,JOR,,JOR,JOR,JOR,JOR,JOR,JOR,JOR,JOR,JOR,JOR,JOR,JOR,JOR,JOR,JOR,JOR,JOR,JOR,JOR,JOR,JOR,JOR,JOR,JOR,JOR,JOR,JOR,JOR,JOR,JOR,JOR,JOR,-99.0,-99.0,Asia,Asia,Western Asia,Middle East & North Africa,6.0,6.0,5.0,-99.0,1.0,0.0,4.0,9.0,36.375991,30.805025,1159320935.0,Q810,الأردن,জর্ডান,Jordanien,Jordan,Jordania,اردن,Jordanie,Ιορδανία,ירדן,जॉर्डन,Jordánia,Yordania,Giordania,ヨルダン,요르단,Jordanië,Jordania,Jordânia,Иордания,Jordanien,Ürdün,Йорданія,اردن,Jordan,约旦,約旦,Admin-0 country,,Admin-0 country,,,,,,,,,,,,,,,,,,,,,,,,,,,,,,,,,,,,,,,,,,,,,,,,,,,,,,,,,,,,,,,,,,,,,,,,,,,,,,,,,,,,,,,,,,,,,,,,,,,,,,,,,,,,,,,,,,,,
Admin-0 country,0,3.0,Nepal,NPL,0.0,2.0,Sovereign country,1,Nepal,NPL,0.0,Nepal,NPL,0.0,Nepal,NPL,0.0,Nepal,Nepal,NPL,Nepal,,Nepal,NP,Nepal,,Nepal,,,Nepal,,2.0,2.0,3.0,12.0,28608710.0,15.0,2019.0,30641.0,2019.0,7. Least developed region,5. Low income,NP,NP,NP,NPL,NPL,524,524,524,NP,NPL,23424911.0,23424911.0,Exact WOE match as country,NPL,,NPL,NPL,NPL,NPL,NPL,NPL,NPL,NPL,NPL,NPL,NPL,NPL,NPL,NPL,NPL,NPL,NPL,NPL,NPL,NPL,NPL,NPL,NPL,NPL,NPL,NPL,NPL,NPL,NPL,NPL,NPL,NPL,-99.0,-99.0,Asia,Asia,Southern Asia,South Asia,5.0,5.0,5.0,-99.0,1.0,0.0,3.0,8.0,83.639914,28.297925,1159321121.0,Q837,نيبال,নেপাল,Nepal,Nepal,Nepal,نپال,Népal,Νεπάλ,נפאל,नेपाल,Nepál,Nepal,Nepal,ネパール,네팔,Nepal,Nepal,Nepal,Непал,Nepal,Nepal,Непал,نیپال,Nepal,尼泊尔,尼泊爾,Admin-0 country,,Admin-0 country,,,,,,,,,,,,,,,,,,,,,,,,,,,,,,,,,,,,,,,,,,,,,,,,,,,,,,,,,,,,,,,,,,,,,,,,,,,,,,,,,,,,,,,,,,,,,,,,,,,,,,,,,,,,,,,,,,,,
Admin-0 country,0,6.0,Lesotho,LSO,0.0,2.0,Sovereign country,1,Lesotho,LSO,0.0,Lesotho,LSO,0.0,Lesotho,LSO,0.0,Lesotho,Lesotho,LSO,Lesotho,,Les.,LS,Kingdom of Lesotho,,Lesotho,,,Lesotho,,1.0,5.0,2.0,8.0,2125268.0,12.0,2019.0,2376.0,2019.0,7. Least developed region,4. Lower middle income,LT,LS,LS,LSO,LSO,426,426,426,LS,LSO,23424880.0,23424880.0,Exact WOE match as country,LSO,,LSO,LSO,LSO,LSO,LSO,LSO,LSO,LSO,LSO,LSO,LSO,LSO,LSO,LSO,LSO,LSO,LSO,LSO,LSO,LSO,LSO,LSO,LSO,LSO,LSO,LSO,LSO,LSO,LSO,LSO,LSO,LSO,-99.0,-99.0,Africa,Africa,Southern Africa,Sub-Saharan Africa,7.0,7.0,4.0,-99.0,1.0,0.0,4.0,9.0,28.246639,-29.480158,1159321027.0,Q1013,ليسوتو,লেসোথো,Lesotho,Lesotho,Lesoto,لسوتو,Lesotho,Λεσότο,לסוטו,लेसोथो,Lesotho,Lesotho,Lesotho,レソト,레소토,Lesotho,Lesotho,Lesoto,Лесото,Lesotho,Lesotho,Лесото,لیسوتھو,Lesotho,莱索托,賴索托,Admin-0 country,,Admin-0 country,,,,,,,,,,,,,,,,,,,,,,,,,,,,,,,,,,,,,,,,,,,,,,,,,,,,,,,,,,,,,,,,,,,,,,,,,,,,,,,,,,,,,,,,,,,,,,,,,,,,,,,,,,,,,,,,,,,,
Admin-0 country,0,3.0,Cameroon,CMR,0.0,2.0,Sovereign country,1,Cameroon,CMR,0.0,Cameroon,CMR,0.0,Cameroon,CMR,0.0,Cameroon,Cameroon,CMR,Cameroon,,Cam.,CM,Republic of Cameroon,,Cameroon,,,Cameroon,,1.0,4.0,1.0,3.0,25876380.0,15.0,2019.0,39007.0,2019.0,6. Developing region,4. Lower middle income,CM,CM,CM,CMR,CMR,120,120,120,CM,CMR,23424785.0,23424785.0,Exact WOE match as country,CMR,,CMR,CMR,CMR,CMR,CMR,CMR,CMR,CMR,CMR,CMR,CMR,CMR,CMR,CMR,CMR,CMR,CMR,CMR,CMR,CMR,CMR,CMR,CMR,CMR,CMR,CMR,CMR,CMR,CMR,CMR,CMR,CMR,-99.0,-99.0,Africa,Africa,Middle Africa,Sub-Saharan Africa,8.0,8.0,4.0,-99.0,1.0,0.0,3.0,8.0,12.473488,4.585041,1159320509.0,Q1009,الكاميرون,ক্যামেরুন,Kamerun,Cameroon,Camerún,کامرون,Cameroun,Καμερούν,קמרון,कैमरुन,Kamerun,Kamerun,Camerun,カメルーン,카메룬,Kameroen,Kamerun,Camarões,Камерун,Kamerun,Kamerun,Камерун,کیمرون,Cameroon,喀麦隆,喀麥隆,Admin-0 country,,Admin-0 country,,,,,,,,,,,,,,,,,,,,,,,,,,,,,,,,,,,,,,,,,,,,,,,,,,,,,,,,,,,,,,,,,,,,,,,,,,,,,,,,,,,,,,,,,,,,,,,,,,,,,,,,,,,,,,,,,,,,
Admin-0 country,0,4.0,Gabon,GAB,0.0,2.0,Sovereign country,1,Gabon,GAB,0.0,Gabon,GAB,0.0,Gabon,GAB,0.0,Gabon,Gabon,GAB,Gabon,,Gabon,GA,Gabonese Republic,,Gabon,,,Gabon,,6.0,2.0,5.0,5.0,2172579.0,12.0,2019.0,16874.0,2019.0,6. Developing region,3. Upper middle income,GB,GA,GA,GAB,GAB,266,266,266,GA,GAB,23424822.0,23424822.0,Exact WOE match as country,GAB,,GAB,GAB,GAB,GAB,GAB,GAB,GAB,GAB,GAB,GAB,GAB,GAB,GAB,GAB,GAB,GAB,GAB,GAB,GAB,GAB,GAB,GAB,GAB,GAB,GAB,GAB,GAB,GAB,GAB,GAB,GAB,GAB,-99.0,-99.0,Africa,Africa,Middle Africa,Sub-Saharan Africa,5.0,5.0,5.0,3.0,1.0,0.0,3.0,8.0,11.835939,-0.437739,1159320693.0,Q1000,الغابون,গ্যাবন,Gabun,Gabon,Gabón,گابن,Gabon,Γκαμπόν,גבון,गबॉन,Gabon,Gabon,Gabon,ガボン,가봉,Gabon,Gabon,Gabão,Габон,Gabon,Gabon,Габон,گیبون,Gabon,加蓬,加彭,Admin-0 country,,Admin-0 country,,,,,,,,,,,,,,,,,,,,,,,,,,,,,,,,,,,,,,,,,,,,,,,,,,,,,,,,,,,,,,,,,,,,,,,,,,,,,,,,,,,,,,,,,,,,,,,,,,,,,,,,,,,,,,,,,,,,
Admin-0 country,0,3.0,Niger,NER,0.0,2.0,Sovereign country,1,Niger,NER,0.0,Niger,NER,0.0,Niger,NER,0.0,Niger,Niger,NER,Niger,,Niger,NE,Republic of Niger,,Niger,,,Niger,,4.0,5.0,3.0,13.0,23310715.0,15.0,2019.0,12911.0,2019.0,7. Least developed region,5. Low income,NG,NE,NE,NER,NER,562,562,562,NE,NER,23424906.0,23424906.0,Exact WOE match as country,NER,,NER,NER,NER,NER,NER,NER,NER,NER,NER,NER,NER,NER,NER,NER,NER,NER,NER,NER,NER,NER,NER,NER,NER,NER,NER,NER,NER,NER,NER,NER,NER,NER,-99.0,-99.0,Africa,Africa,Western Africa,Sub-Saharan Africa,5.0,5.0,5.0,-99.0,1.0,0.0,3.0,8.0,9.504356,17.446195,1159321087.0,Q1032,النيجر,নাইজার,Niger,Niger,Níger,نیجر,Niger,Νίγηρας,ניז'ר,नाइजर,Niger,Niger,Niger,ニジェール,니제르,Niger,Niger,Níger,Нигер,Niger,Nijer,Нігер,نائجر,Niger,尼日尔,尼日,Admin-0 country,,Admin-0 country,,,,,,,,,,,,,,,,,,,,,,,,,,,,,,,,,,,,,,,,,,,,,,,,,,,,,,,,,,,,,,,,,,,,,,,,,,,,,,,,,,,,,,,,,,,,,,,,,,,,,,,,,,,,,,,,,,,,
Admin-0 country,0,3.0,Burkina Faso,BFA,0.0,2.0,Sovereign country,1,Burkina Faso,BFA,0.0,Burkina Faso,BFA,0.0,Burkina Faso,BFA,0.0,Burkina Faso,Burkina Faso,BFA,Burkina Faso,,B.F.,BF,Burkina Faso,,Burkina Faso,,,Burkina Faso,,2.0,1.0,5.0,11.0,20321378.0,15.0,2019.0,15990.0,2019.0,7. Least developed region,5. Low income,UV,BF,BF,BFA,BFA,854,854,854,BF,BFA,23424978.0,23424978.0,Exact WOE match as country,BFA,,BFA,BFA,BFA,BFA,BFA,BFA,BFA,BFA,BFA,BFA,BFA,BFA,BFA,BFA,BFA,BFA,BFA,BFA,BFA,BFA,BFA,BFA,BFA,BFA,BFA,BFA,BFA,BFA,BFA,BFA,BFA,BFA,-99.0,-99.0,Africa,Africa,Western Africa,Sub-Saharan Africa,12.0,12.0,4.0,-99.0,1.0,0.0,3.0,8.0,-1.36388,12.673048,1159320405.0,Q965,بوركينا فاسو,বুর্কিনা ফাসো,Burkina Faso,Burkina Faso,Burkina Faso,بورکینافاسو,Burkina Faso,Μπουρκίνα Φάσο,בורקינה פאסו,बुर्किना फासो,Burkina Faso,Burkina Faso,Burkina Faso,ブルキナファソ,부르키나파소,Burkina Faso,Burkina Faso,Burkina Faso,Буркина-Фасо,Burkina Faso,Burkina Faso,Буркіна-Фасо,برکینا فاسو,Burkina Faso,布基纳法索,布基納法索,Admin-0 country,,Admin-0 country,,,,,,,,,,,,,,,,,,,,,,,,,,,,,,,,,,,,,,,,,,,,,,,,,,,,,,,,,,,,,,,,,,,,,,,,,,,,,,,,,,,,,,,,,,,,,,,,,,,,,,,,,,,,,,,,,,,,
Admin-0 country,0,6.0,Togo,TGO,0.0,2.0,Sovereign country,1,Togo,TGO,0.0,Togo,TGO,0.0,Togo,TGO,0.0,Togo,Togo,TGO,Togo,,Togo,TG,Togolese Republic,République Togolaise,Togo,,,Togo,,3.0,1.0,3.0,5.0,8082366.0,13.0,2019.0,5490.0,2019.0,7. Least developed region,5. Low income,TO,TG,TG,TGO,TGO,768,768,768,TG,TGO,23424965.0,23424965.0,Exact WOE match as country,TGO,,TGO,TGO,TGO,TGO,TGO,TGO,TGO,TGO,TGO,TGO,TGO,TGO,TGO,TGO,TGO,TGO,TGO,TGO,TGO,TGO,TGO,TGO,TGO,TGO,TGO,TGO,TGO,TGO,TGO,TGO,TGO,TGO,-99.0,-99.0,Africa,Africa,Western Africa,Sub-Saharan Africa,4.0,4.0,4.0,-99.0,1.0,0.0,5.0,10.0,1.058113,8.807220000000001,1159321303.0,Q945,توغو,টোগো,Togo,Togo,Togo,توگو,Togo,Τόγκο,טוגו,टोगो,Togo,Togo,Togo,トーゴ,토고,Togo,Togo,Togo,Того,Togo,Togo,Того,ٹوگو,Togo,多哥,多哥,Admin-0 country,,Admin-0 country,,,,,,,,,,,,,,,,,,,,,,,,,,,,,,,,,,,,,,,,,,,,,,,,,,,,,,,,,,,,,,,,,,,,,,,,,,,,,,,,,,,,,,,,,,,,,,,,,,,,,,,,,,,,,,,,,,,,
Admin-0 country,0,3.0,Ghana,GHA,0.0,2.0,Sovereign country,1,Ghana,GHA,0.0,Ghana,GHA,0.0,Ghana,GHA,0.0,Ghana,Ghana,GHA,Ghana,,Ghana,GH,Republic of Ghana,,Ghana,,,Ghana,,5.0,3.0,1.0,4.0,30417856.0,15.0,2019.0,66983.0,2019.0,6. Developing region,4. Lower middle income,GH,GH,GH,GHA,GHA,288,288,288,GH,GHA,23424824.0,23424824.0,Exact WOE match as country,GHA,,GHA,GHA,GHA,GHA,GHA,GHA,GHA,GHA,GHA,GHA,GHA,GHA,GHA,GHA,GHA,GHA,GHA,GHA,GHA,GHA,GHA,GHA,GHA,GHA,GHA,GHA,GHA,GHA,GHA,GHA,GHA,GHA,-99.0,-99.0,Africa,Africa,Western Africa,Sub-Saharan Africa,5.0,5.0,5.0,-99.0,1.0,0.0,2.7,8.0,-1.0369410000000001,7.717639,1159320793.0,Q117,غانا,ঘানা,Ghana,Ghana,Ghana,غنا,Ghana,Γκάνα,גאנה,घाना,Ghána,Ghana,Ghana,ガーナ,가나,Ghana,Ghana,Gana,Гана,Ghana,Gana,Гана,گھانا,Ghana,加纳,迦納,Admin-0 country,,Admin-0 country,,,,,,,,,,,,,,,,,,,,,,,,,,,,,,,,,,,,,,,,,,,,,,,,,,,,,,,,,,,,,,,,,,,,,,,,,,,,,,,,,,,,,,,,,,,,,,,,,,,,,,,,,,,,,,,,,,,,
Admin-0 country,0,6.0,Guinea-Bissau,GNB,0.0,2.0,Sovereign country,1,Guinea-Bissau,GNB,0.0,Guinea-Bissau,GNB,0.0,Guinea-Bissau,GNB,0.0,Guinea-Bissau,Guinea-Bissau,GNB,Guinea-Bissau,,GnB.,GW,Republic of Guinea-Bissau,,Guinea-Bissau,,,Guinea-Bissau,,3.0,5.0,3.0,4.0,1920922.0,12.0,2019.0,1339.0,2019.0,7. Least developed region,5. Low income,PU,GW,GW,GNB,GNB,624,624,624,GW,GNB,23424929.0,23424929.0,Exact WOE match as country,GNB,,GNB,GNB,GNB,GNB,GNB,GNB,GNB,GNB,GNB,GNB,GNB,GNB,GNB,GNB,GNB,GNB,GNB,GNB,GNB,GNB,GNB,GNB,GNB,GNB,GNB,GNB,GNB,GNB,GNB,GNB,GNB,GNB,-99.0,-99.0,Africa,Africa,Western Africa,Sub-Saharan Africa,13.0,13.0,4.0,-99.0,1.0,0.0,5.0,10.0,-14.52413,12.163712,1159320799.0,Q1007,غينيا بيساو,গিনি-বিসাউ,Guinea-Bissau,Guinea-Bissau,Guinea-Bisáu,گینه بیسائو,Guinée-Bissau,Γουινέα-Μπισσάου,גינאה ביסאו,गिनी-बिसाऊ,Bissau-Guinea,Guinea-Bissau,Guinea-Bissau,ギニアビサウ,기니비사우,Guinee-Bissau,Gwinea Bissau,Guiné-Bissau,Гвинея-Бисау,Guinea-Bissau,Gine-Bissau,Гвінея-Бісау,گنی بساؤ,Guiné-Bissau,几内亚比绍,幾內亞比索,Admin-0 country,,Admin-0 country,,,,,,,,,,,,,,,,,,,,,,,,,,,,,,,,,,,,,,,,,,,,,,,,,,,,,,,,,,,,,,,,,,,,,,,,,,,,,,,,,,,,,,,,,,,,,,,,,,,,,,,,,,,,,,,,,,,,
Admin-0 country,0,5.0,United Kingdom,GB1,1.0,2.0,Disputed,1,Gibraltar,GIB,0.0,Gibraltar,GIB,0.0,Gibraltar,GIB,1.0,Gibraltar,Gibraltar,B55,Gibraltar,,Gib.,GI,,,Gibraltar,U.K.,Admin. By U.K.; Claimed by Spain,Gibraltar,,6.0,6.0,6.0,3.0,33701.0,7.0,2019.0,2044.0,2014.0,2. Developed region: nonG7,1. High income: OECD,GI,GI,GI,GIB,GIB,292,292,292,-99,-99,23424825.0,23424825.0,Exact WOE match as country,B55,,B55,GIB,GIB,GIB,GIB,GIB,GIB,GIB,GIB,GIB,GIB,GIB,GIB,GIB,GIB,GIB,GIB,GIB,GIB,GIB,GIB,GIB,GIB,GIB,GIB,GIB,GIB,GIB,GIB,GIB,GIB,GIB,-99.0,-99.0,Europe,Europe,Southern Europe,Europe & Central Asia,9.0,9.0,4.0,5.0,-99.0,0.0,5.0,9.5,-5.3467,36.129426,1159320719.0,Q1410,جبل طارق,জিব্রাল্টার,Gibraltar,Gibraltar,Gibraltar,جبل طارق,Gibraltar,Γιβραλτάρ,גיברלטר,जिब्राल्टर,Gibraltár,Gibraltar,Gibilterra,ジブラルタル,지브롤터,Gibraltar,Gibraltar,Gibraltar,Гибралтар,Gibraltar,Cebelitarık,Гібралтар,جبل الطارق,Gibraltar,直布罗陀,直布羅陀,Admin-0 dependency,,Admin-0 dependency,,,,Unrecognized,,,,,,,,,,,,,,,,,,,,,,,,,,,,,,,,,,,,,,,,,,,,,,,,,,,,,,,,,,,,,,,,,,,,,,,,,,,,,,,,,,,,,,,,,,,,,,,,,,,,,,,,,,,,,,,,
Admin-0 country,0,2.0,United States of America,US1,1.0,2.0,Country,1,United States of America,USA,0.0,United States of America,USA,0.0,United States,USA,0.0,United States of America,United States,USA,United States,,U.S.A.,US,United States of America,,United States,,,United States of America,,4.0,5.0,1.0,1.0,328239523.0,17.0,2019.0,21433226.0,2019.0,1. Developed region: G7,1. High income: OECD,US,US,US,USA,USA,840,840,840,US,USA,23424977.0,23424977.0,Exact WOE match as country,USA,,USA,USA,USA,USA,USA,USA,USA,USA,USA,USA,USA,USA,USA,USA,USA,USA,USA,USA,USA,USA,USA,USA,USA,USA,USA,USA,USA,USA,USA,USA,USA,USA,-99.0,-99.0,North America,Americas,Northern America,North America,24.0,13.0,6.0,-99.0,1.0,0.0,1.7000000000000002,5.7,-97.482602,39.538479,1159321369.0,Q30,الولايات المتحدة,মার্কিন যুক্তরাষ্ট্র,Vereinigte Staaten,United States of America,Estados Unidos,ایالات متحده آمریکا,États-Unis,Ηνωμένες Πολιτείες Αμερικής,ארצות הברית,संयुक्त राज्य अमेरिका,Amerikai Egyesült Államok,Amerika Serikat,Stati Uniti d'America,アメリカ合衆国,미국,Verenigde Staten van Amerika,Stany Zjednoczone,Estados Unidos,США,USA,Amerika Birleşik Devletleri,Сполучені Штати Америки,ریاستہائے متحدہ امریکا,Hoa Kỳ,美国,美國,Admin-0 country,,Admin-0 country,,,,,,,,,,,,,,,,,,,,,,,,,,,,,,,,,,,,,,,,,,,,,,,,,,,,,,,,,,,,,,,,,,,,,,,,,,,,,,,,,,,,,,,,,,,,,,,,,,,,,,,,,,,,,,,,,,,,
Admin-0 country,0,2.0,Canada,CAN,0.0,2.0,Sovereign country,1,Canada,CAN,0.0,Canada,CAN,0.0,Canada,CAN,0.0,Canada,Canada,CAN,Canada,,Can.,CA,Canada,,Canada,,,Canada,,6.0,6.0,2.0,2.0,37589262.0,15.0,2019.0,1736425.0,2019.0,1. Developed region: G7,1. High income: OECD,CA,CA,CA,CAN,CAN,124,124,124,CA,CAN,23424775.0,23424775.0,Exact WOE match as country,CAN,,CAN,CAN,CAN,CAN,CAN,CAN,CAN,CAN,CAN,CAN,CAN,CAN,CAN,CAN,CAN,CAN,CAN,CAN,CAN,CAN,CAN,CAN,CAN,CAN,CAN,CAN,CAN,CAN,CAN,CAN,CAN,CAN,-99.0,-99.0,North America,Americas,Northern America,North America,6.0,6.0,4.0,-99.0,1.0,0.0,1.7000000000000002,5.7,-101.9107,60.324287,1159320467.0,Q16,كندا,কানাডা,Kanada,Canada,Canadá,کانادا,Canada,Καναδάς,קנדה,कनाडा,Kanada,Kanada,Canada,カナダ,캐나다,Canada,Kanada,Canadá,Канада,Kanada,Kanada,Канада,کینیڈا,Canada,加拿大,加拿大,Admin-0 country,,Admin-0 country,,,,,,,,,,,,,,,,,,,,,,,,,,,,,,,,,,,,,,,,,,,,,,,,,,,,,,,,,,,,,,,,,,,,,,,,,,,,,,,,,,,,,,,,,,,,,,,,,,,,,,,,,,,,,,,,,,,,
Admin-0 country,0,2.0,Mexico,MEX,0.0,2.0,Sovereign country,1,Mexico,MEX,0.0,Mexico,MEX,0.0,Mexico,MEX,0.0,Mexico,Mexico,MEX,Mexico,,Mex.,MX,United Mexican States,,Mexico,,,Mexico,,6.0,1.0,7.0,3.0,127575529.0,17.0,2019.0,1268870.0,2019.0,4. Emerging region: MIKT,3. Upper middle income,MX,MX,MX,MEX,MEX,484,484,484,MX,MEX,23424900.0,23424900.0,Exact WOE match as country,MEX,,MEX,MEX,MEX,MEX,MEX,MEX,MEX,MEX,MEX,MEX,MEX,MEX,MEX,MEX,MEX,MEX,MEX,MEX,MEX,MEX,MEX,MEX,MEX,MEX,MEX,MEX,MEX,MEX,MEX,MEX,MEX,MEX,-99.0,-99.0,North America,Americas,Central America,Latin America & Caribbean,6.0,6.0,4.0,-99.0,1.0,0.0,2.0,6.7,-102.289448,23.919988,1159321055.0,Q96,المكسيك,মেক্সিকো,Mexiko,Mexico,México,مکزیک,Mexique,Μεξικό,מקסיקו,मेक्सिको,Mexikó,Meksiko,Messico,メキシコ,멕시코,Mexico,Meksyk,México,Мексика,Mexiko,Meksika,Мексика,میکسیکو,México,墨西哥,墨西哥,Admin-0 country,,Admin-0 country,,,,,,,,,,,,,,,,,,,,,,,,,,,,,,,,,,,,,,,,,,,,,,,,,,,,,,,,,,,,,,,,,,,,,,,,,,,,,,,,,,,,,,,,,,,,,,,,,,,,,,,,,,,,,,,,,,,,
Admin-0 country,0,6.0,Belize,BLZ,0.0,2.0,Sovereign country,1,Belize,BLZ,0.0,Belize,BLZ,0.0,Belize,BLZ,0.0,Belize,Belize,BLZ,Belize,,Belize,BZ,Belize,,Belize,,,Belize,,1.0,4.0,5.0,7.0,390353.0,10.0,2019.0,1879.0,2019.0,6. Developing region,4. Lower middle income,BH,BZ,BZ,BLZ,BLZ,084,084,084,BZ,BLZ,23424760.0,23424760.0,Exact WOE match as country,BLZ,,BLZ,BLZ,BLZ,BLZ,BLZ,BLZ,BLZ,BLZ,BLZ,BLZ,BLZ,BLZ,BLZ,BLZ,BLZ,BLZ,BLZ,BLZ,BLZ,BLZ,BLZ,BLZ,BLZ,BLZ,BLZ,BLZ,BLZ,BLZ,BLZ,BLZ,BLZ,BLZ,-99.0,-99.0,North America,Americas,Central America,Latin America & Caribbean,6.0,6.0,6.0,-99.0,1.0,0.0,5.0,10.0,-88.712962,17.202068,1159320431.0,Q242,بليز,বেলিজ,Belize,Belize,Belice,بلیز,Belize,Μπελίζ,בליז,बेलीज़,Belize,Belize,Belize,ベリーズ,벨리즈,Belize,Belize,Belize,Белиз,Belize,Belize,Беліз,بیلیز,Belize,伯利兹,貝里斯,Admin-0 country,,Admin-0 country,,,,,,,,,,,,,,,,,,,,,,,,,,,,,,,,,,,,,,,,,,,,,,,,,,,,,,,,,,,,,,,,,,,,,,,,,,,,,,,,,,,,,,,,,,,,,,,,,,,,,,,,,,,,,,,,,,,,
Admin-0 country,0,4.0,Panama,PAN,0.0,2.0,Sovereign country,1,Panama,PAN,0.0,Panama,PAN,0.0,Panama,PAN,0.0,Panama,Panama,PAN,Panama,,Pan.,PA,Republic of Panama,,Panama,,,Panama,,4.0,4.0,6.0,3.0,4246439.0,12.0,2019.0,66800.0,2019.0,6. Developing region,3. Upper middle income,PM,PA,PA,PAN,PAN,591,591,591,PA,PAN,23424924.0,23424924.0,Exact WOE match as country,PAN,,PAN,PAN,PAN,PAN,PAN,PAN,PAN,PAN,PAN,PAN,PAN,PAN,PAN,PAN,PAN,PAN,PAN,PAN,PAN,PAN,PAN,PAN,PAN,PAN,PAN,PAN,PAN,PAN,PAN,PAN,PAN,PAN,-99.0,-99.0,North America,Americas,Central America,Latin America & Caribbean,6.0,6.0,4.0,-99.0,1.0,0.0,4.0,9.0,-80.352106,8.72198,1159321161.0,Q804,بنما,পানামা,Panama,Panama,Panamá,پاناما,Panama,Παναμάς,פנמה,पनामा,Panama,Panama,Panama,パナマ,파나마,Panama,Panama,Panamá,Панама,Panama,Panama,Панама,پاناما,Panama,巴拿马,巴拿馬,Admin-0 country,,Admin-0 country,,,,,,,,,,,,,,,,,,,,,,,,,,,,,,,,,,,,,,,,,,,,,,,,,,,,,,,,,,,,,,,,,,,,,,,,,,,,,,,,,,,,,,,,,,,,,,,,,,,,,,,,,,,,,,,,,,,,
Admin-0 country,0,3.0,Venezuela,VEN,0.0,2.0,Sovereign country,1,Venezuela,VEN,0.0,Venezuela,VEN,0.0,Venezuela,VEN,0.0,Venezuela,Venezuela,VEN,Venezuela,,Ven.,VE,Bolivarian Republic of Venezuela,República Bolivariana de Venezuela,Venezuela,,,"Venezuela, RB",,1.0,3.0,1.0,4.0,28515829.0,15.0,2019.0,482359.0,2014.0,5. Emerging region: G20,3. Upper middle income,VE,VE,VE,VEN,VEN,862,862,862,VE,VEN,23424982.0,23424982.0,Exact WOE match as country,VEN,,VEN,VEN,VEN,VEN,VEN,VEN,VEN,VEN,VEN,VEN,VEN,VEN,VEN,VEN,VEN,VEN,VEN,VEN,VEN,VEN,VEN,VEN,VEN,VEN,VEN,VEN,VEN,VEN,VEN,VEN,VEN,VEN,-99.0,-99.0,South America,Americas,South America,Latin America & Caribbean,9.0,9.0,4.0,-99.0,1.0,0.0,2.5,7.5,-64.599381,7.182476,1159321411.0,Q717,فنزويلا,ভেনেজুয়েলা,Venezuela,Venezuela,Venezuela,ونزوئلا,Venezuela,Βενεζουέλα,ונצואלה,वेनेज़ुएला,Venezuela,Venezuela,Venezuela,ベネズエラ,베네수엘라,Venezuela,Wenezuela,Venezuela,Венесуэла,Venezuela,Venezuela,Венесуела,وینیزویلا,Venezuela,委内瑞拉,委內瑞拉,Admin-0 country,,Admin-0 country,,,,,,,,,,,,,,,,,,,,,,,,,,,,,,,,,,,,,,,,,,,,,,,,,,,,,,,,,,,,,,,,,,,,,,,,,,,,,,,,,,,,,,,,,,,,,,,,,,,,,,,,,,,,,,,,,,,,
Admin-0 country,0,2.0,Papua New Guinea,PNG,0.0,2.0,Sovereign country,1,Papua New Guinea,PNG,0.0,Papua New Guinea,PNG,1.0,Papua New Guinea,PN1,0.0,Papua New Guinea,Papua New Guinea,PN1,Papua New Guinea,,P.N.G.,PG,Independent State of Papua New Guinea,,Papua New Guinea,,,Papua New Guinea,,4.0,2.0,3.0,1.0,8776109.0,13.0,2019.0,24829.0,2019.0,6. Developing region,4. Lower middle income,PP,PG,PG,PNG,PNG,598,598,598,PG,PNG,23424926.0,23424926.0,Exact WOE match as country,PN1,,PN1,PNG,PNG,PNG,PNG,PNG,PNG,PNG,PNG,PNG,PNG,PNG,PNG,PNG,PNG,PNG,PNG,PNG,PNG,PNG,PNG,PNG,PNG,PNG,PNG,PNG,PNG,PNG,PNG,PNG,PNG,PNG,-99.0,-99.0,Oceania,Oceania,Melanesia,East Asia & Pacific,16.0,16.0,6.0,-99.0,1.0,0.0,2.5,7.5,143.910216,-5.695285,1159321173.0,Q691,بابوا غينيا الجديدة,পাপুয়া নিউগিনি,Papua-Neuguinea,Papua New Guinea,Papúa Nueva Guinea,پاپوآ گینه نو,Papouasie-Nouvelle-Guinée,Παπούα Νέα Γουινέα,פפואה גינאה החדשה,पापुआ न्यू गिनी,Pápua Új-Guinea,Papua Nugini,Papua Nuova Guinea,パプアニューギニア,파푸아뉴기니,Papoea-Nieuw-Guinea,Papua-Nowa Gwinea,Papua-Nova Guiné,Папуа — Новая Гвинея,Papua Nya Guinea,Papua Yeni Gine,Папуа Нова Гвінея,پاپوا نیو گنی,Papua New Guinea,巴布亚新几内亚,巴布亞紐幾內亞,Admin-0 country,,Admin-0 country,,,,,,,,,,,,,,,,,,,,,,,,,,,,,,,,,,,,,,,,,,,,,,,,,,,,,,,,,,,,,,,,,,,,,,,,,,,,,,,,,,,,,,,,,,,,,,,,,,,,,,,,,,,,,,,,,,,,
Admin-0 country,0,2.0,Egypt,EGY,0.0,2.0,Sovereign country,1,Egypt,EGY,0.0,Egypt,EGY,0.0,Egypt,EGY,0.0,Egypt,Egypt,EGY,Egypt,,Egypt,EG,Arab Republic of Egypt,,Egypt,,,"Egypt, Arab Rep.",,4.0,6.0,7.0,2.0,100388073.0,17.0,2019.0,303092.0,2019.0,5. Emerging region: G20,4. Lower middle income,EG,EG,EG,EGY,EGY,818,818,818,EG,EGY,23424802.0,23424802.0,Exact WOE match as country,EGY,,EGY,EGY,EGY,EGY,EGY,EGY,EGY,EGY,EGY,EGY,EGY,EGY,EGY,EGY,EGY,EGY,EGY,EGY,EGY,EGY,EGY,EGY,EGY,EGY,EGY,EGY,EGY,EGY,EGY,EGY,EGY,EGY,-99.0,-99.0,Africa,Africa,Northern Africa,Middle East & North Africa,5.0,5.0,5.0,-99.0,1.0,0.0,1.7000000000000002,6.7,29.445837,26.186173,1159320575.0,Q79,مصر,মিশর,Ägypten,Egypt,Egipto,مصر,Égypte,Αίγυπτος,מצרים,मिस्र,Egyiptom,Mesir,Egitto,エジプト,이집트,Egypte,Egipt,Egito,Египет,Egypten,Mısır,Єгипет,مصر,Ai Cập,埃及,埃及,Admin-0 country,,Admin-0 country,,,,,,,,,,,,,,,,,,,,,,,,,,,,,,,,,,,,,,,,,,,,,,,,,,,,,,,,,,,,,,,,,,,,,,,,,,,,,,,,,,,,,,,,,,,,,,,,,,,,,,,,,,,,,,,,,,,,
Admin-0 country,0,3.0,Yemen,YEM,0.0,2.0,Sovereign country,1,Yemen,YEM,0.0,Yemen,YEM,0.0,Yemen,YEM,0.0,Yemen,Yemen,YEM,Yemen,,Yem.,YE,Republic of Yemen,,Yemen,,,"Yemen, Rep.",,5.0,3.0,3.0,11.0,29161922.0,15.0,2019.0,22581.0,2019.0,7. Least developed region,4. Lower middle income,YM,YE,YE,YEM,YEM,887,887,887,RY,YEM,23425002.0,23425002.0,Exact WOE match as country,YEM,,YEM,YEM,YEM,YEM,YEM,YEM,YEM,YEM,YEM,YEM,YEM,YEM,YEM,YEM,YEM,YEM,YEM,YEM,YEM,YEM,YEM,YEM,YEM,YEM,YEM,YEM,YEM,YEM,YEM,YEM,YEM,YEM,-99.0,-99.0,Asia,Asia,Western Asia,Middle East & North Africa,5.0,5.0,4.0,-99.0,1.0,0.0,3.0,8.0,45.874383,15.328226,1159321425.0,Q805,اليمن,ইয়েমেন,Jemen,Yemen,Yemen,یمن,Yémen,Υεμένη,תימן,यमन,Jemen,Yaman,Yemen,イエメン,예멘,Jemen,Jemen,Iémen,Йемен,Jemen,Yemen,Ємен,یمن,Yemen,也门,葉門,Admin-0 country,,Admin-0 country,,,,,,,,,,,,,,,,,,,,,,,,,,,,,,,,,,,,,,,,,,,,,,,,,,,,,,,,,,,,,,,,,,,,,,,,,,,,,,,,,,,,,,,,,,,,,,,,,,,,,,,,,,,,,,,,,,,,
Admin-0 country,0,3.0,Mauritania,MRT,0.0,2.0,Sovereign country,1,Mauritania,MRT,0.0,Mauritania,MRT,0.0,Mauritania,MRT,0.0,Mauritania,Mauritania,MRT,Mauritania,,Mrt.,MR,Islamic Republic of Mauritania,,Mauritania,,,Mauritania,,3.0,3.0,2.0,1.0,4525696.0,12.0,2019.0,7600.0,2019.0,7. Least developed region,5. Low income,MR,MR,MR,MRT,MRT,478,478,478,MR,MRT,23424896.0,23424896.0,Exact WOE match as country,MRT,,MRT,MRT,MRT,MRT,MRT,MRT,MRT,MRT,MRT,MRT,MRT,MRT,MRT,MRT,MRT,MRT,MRT,MRT,MRT,MRT,MRT,MRT,MRT,MRT,MRT,MRT,MRT,MRT,MRT,MRT,MRT,MRT,-99.0,-99.0,Africa,Africa,Western Africa,Sub-Saharan Africa,10.0,10.0,4.0,-99.0,1.0,0.0,3.0,8.0,-9.740299,19.587062,1159321075.0,Q1025,موريتانيا,মৌরিতানিয়া,Mauretanien,Mauritania,Mauritania,موریتانی,Mauritanie,Μαυριτανία,מאוריטניה,मॉरीतानिया,Mauritánia,Mauritania,Mauritania,モーリタニア,모리타니,Mauritanië,Mauretania,Mauritânia,Мавритания,Mauretanien,Moritanya,Мавританія,موریتانیہ,Mauritanie,毛里塔尼亚,茅利塔尼亞,Admin-0 country,,Admin-0 country,,,,,,,,,,,,,,,,,,,,,,,,,,,,,,,,,,,,,,,,,,,,,,,,,,,,,,,,,,,,,,,,,,,,,,,,,,,,,,,,,,,,,,,,,,,,,,,,,,,,,,,,,,,,,,,,,,,,
Admin-0 country,0,4.0,Equatorial Guinea,GNQ,0.0,2.0,Sovereign country,1,Equatorial Guinea,GNQ,0.0,Equatorial Guinea,GNQ,0.0,Equatorial Guinea,GNQ,0.0,Equatorial Guinea,Equatorial Guinea,GNQ,Eq. Guinea,,Eq. G.,GQ,Republic of Equatorial Guinea,,Equatorial Guinea,,,Equatorial Guinea,,4.0,1.0,4.0,8.0,1355986.0,12.0,2019.0,11026.0,2019.0,7. Least developed region,2. High income: nonOECD,EK,GQ,GQ,GNQ,GNQ,226,226,226,GQ,GNQ,23424804.0,23424804.0,Exact WOE match as country,GNQ,,GNQ,GNQ,GNQ,GNQ,GNQ,GNQ,GNQ,GNQ,GNQ,GNQ,GNQ,GNQ,GNQ,GNQ,GNQ,GNQ,GNQ,GNQ,GNQ,GNQ,GNQ,GNQ,GNQ,GNQ,GNQ,GNQ,GNQ,GNQ,GNQ,GNQ,GNQ,GNQ,-99.0,-99.0,Africa,Africa,Middle Africa,Sub-Saharan Africa,10.0,17.0,6.0,-99.0,1.0,0.0,4.0,9.0,8.9902,2.333,1159320801.0,Q983,غينيا الاستوائية,বিষুবীয় গিনি,Äquatorialguinea,Equatorial Guinea,Guinea Ecuatorial,گینه استوایی,Guinée équatoriale,Ισημερινή Γουινέα,גינאה המשוונית,भूमध्यरेखीय गिनी,Egyenlítői-Guinea,Guinea Khatulistiwa,Guinea Equatoriale,赤道ギニア,적도 기니,Equatoriaal-Guinea,Gwinea Równikowa,Guiné Equatorial,Экваториальная Гвинея,Ekvatorialguinea,Ekvator Ginesi,Екваторіальна Гвінея,استوائی گنی,Guinea Xích Đạo,赤道几内亚,赤道幾內亞,Admin-0 country,,Admin-0 country,,,,,,,,,,,,,,,,,,,,,,,,,,,,,,,,,,,,,,,,,,,,,,,,,,,,,,,,,,,,,,,,,,,,,,,,,,,,,,,,,,,,,,,,,,,,,,,,,,,,,,,,,,,,,,,,,,,,
Admin-0 country,0,6.0,Gambia,GMB,0.0,2.0,Sovereign country,1,Gambia,GMB,0.0,Gambia,GMB,0.0,Gambia,GMB,0.0,Gambia,The Gambia,GMB,Gambia,,Gambia,GM,Republic of the Gambia,,"Gambia, The",,,"Gambia, The",,1.0,4.0,1.0,8.0,2347706.0,12.0,2019.0,1826.0,2019.0,7. Least developed region,5. Low income,GA,GM,GM,GMB,GMB,270,270,270,GM,GMB,23424821.0,23424821.0,Exact WOE match as country,GMB,,GMB,GMB,GMB,GMB,GMB,GMB,GMB,GMB,GMB,GMB,GMB,GMB,GMB,GMB,GMB,GMB,GMB,GMB,GMB,GMB,GMB,GMB,GMB,GMB,GMB,GMB,GMB,GMB,GMB,GMB,GMB,GMB,-99.0,-99.0,Africa,Africa,Western Africa,Sub-Saharan Africa,6.0,10.0,6.0,-99.0,1.0,0.0,5.0,10.0,-14.998318,13.641721,1159320797.0,Q1005,غامبيا,গাম্বিয়া,Gambia,The Gambia,Gambia,گامبیا,Gambie,Γκάμπια,גמביה,गाम्बिया,Gambia,Gambia,Gambia,ガンビア,감비아,Gambia,Gambia,Gâmbia,Гамбия,Gambia,Gambiya,Гамбія,گیمبیا,Gambia,冈比亚,甘比亞,Admin-0 country,,Admin-0 country,,,,,,,,,,,,,,,,,,,,,,,,,,,,,,,,,,,,,,,,,,,,,,,,,,,,,,,,,,,,,,,,,,,,,,,,,,,,,,,,,,,,,,,,,,,,,,,,,,,,,,,,,,,,,,,,,,,,
Admin-0 country,0,4.0,China,CH1,1.0,2.0,Country,1,Hong Kong S.A.R.,HKG,0.0,Hong Kong S.A.R.,HKG,0.0,Hong Kong S.A.R.,HKG,0.0,Hong Kong,Hong Kong,HKG,Hong Kong,,H.K.,HK,"Hong Kong Special Administrative Region, PRC",,Hong Kong,Cn.,China,"Hong Kong SAR, China",,4.0,4.0,4.0,3.0,7507400.0,13.0,2019.0,365711.0,2019.0,6. Developing region,2. High income: nonOECD,HK,HK,HK,HKG,HKG,344,344,344,HK,HKG,24865698.0,24865698.0,Exact WOE match as country,HKG,,HKG,HKG,HKG,HKG,HKG,HKG,HKG,HKG,HKG,HKG,HKG,HKG,HKG,HKG,HKG,HKG,HKG,HKG,HKG,HKG,HKG,HKG,HKG,HKG,HKG,HKG,HKG,HKG,HKG,HKG,HKG,HKG,-99.0,-99.0,Asia,Asia,Eastern Asia,East Asia & Pacific,9.0,9.0,4.0,-99.0,-99.0,0.0,4.0,9.0,114.097769,22.448829,1159320473.0,Q8646,هونغ كونغ,হংকং,Hongkong,Hong Kong,Hong Kong,هنگ کنگ,Hong Kong,Χονγκ Κονγκ,הונג קונג,हांगकांग,Hongkong,Hong Kong,Hong Kong,香港,홍콩,Hongkong,Hongkong,Hong Kong,Гонконг,Hongkong,Hong Kong,Гонконг,ہانگ کانگ,Hồng Kông,香港,香港,Admin-0 dependency,,Admin-0 dependency,,,,,Admin-1 region,,,,,,,,,,,,,,,,,,,,,,,,,,,,,,,,,,,,,,,,,,,,,,,,,,,,,,,,,,,,,,,,,,,,,,,,,,,,,,,,,,,,,,,,,,,,,,,,,,,,,,,,,,,,,,,
Admin-0 country,0,6.0,Vatican,VAT,0.0,2.0,Sovereign country,1,Vatican,VAT,0.0,Vatican,VAT,0.0,Vatican,VAT,0.0,Vatican,Vatican,VAT,Vatican,,Vat.,V,State of the Vatican City,,Holy See (Vatican City),,,Vatican (Holy See),Holy See,1.0,3.0,4.0,2.0,825.0,2.0,2019.0,-99.0,2019.0,2. Developed region: nonG7,2. High income: nonOECD,VT,VA,VA,VAT,VAT,336,336,336,-99,-99,23424986.0,23424986.0,Exact WOE match as country,VAT,,VAT,VAT,VAT,VAT,VAT,VAT,VAT,VAT,VAT,VAT,VAT,VAT,VAT,VAT,VAT,VAT,VAT,VAT,VAT,VAT,VAT,VAT,VAT,VAT,VAT,VAT,VAT,VAT,VAT,VAT,VAT,VAT,-99.0,-99.0,Europe,Europe,Southern Europe,Europe & Central Asia,7.0,7.0,4.0,4.0,1.0,0.0,5.0,10.0,12.453418,41.903323,1159321407.0,Q237,الفاتيكان,ভ্যাটিকান সিটি,Vatikanstadt,Vatican City,Ciudad del Vaticano,واتیکان,Cité du Vatican,Βατικανό,קריית הוותיקן,वैटिकन नगर,Vatikán,Vatikan,Città del Vaticano,バチカン,바티칸 시국,Vaticaanstad,Watykan,Vaticano,Ватикан,Vatikanstaten,Vatikan,Ватикан,ویٹیکن سٹی,Thành Vatican,梵蒂冈,梵蒂岡,Admin-0 country,,Admin-0 country,,,,,,,,,,,,,,,,,,,,,,,,,,,,,,,,,,,,,,,,,,,,,,,,,,,,,,,,,,,,,,,,,,,,,,,,,,,,,,,,,,,,,,,,,,,,,,,,,,,,,,,,,,,,,,,,,,,,
Admin-0 country,1,6.0,Northern Cyprus,CYN,0.0,2.0,Sovereign country,1,Northern Cyprus,CYN,0.0,Northern Cyprus,CYN,0.0,Northern Cyprus,CYN,0.0,N. Cyprus,Northern Cyprus,CYN,N. Cyprus,,N. Cy.,CN,Turkish Republic of Northern Cyprus,,,Self admin.,Self admin.; Claimed by Cyprus,"Cyprus, Northern",,3.0,1.0,4.0,8.0,326000.0,10.0,2017.0,3600.0,2013.0,6. Developing region,3. Upper middle income,-99,-99,-99,-99,-99,-99,-99,-099,-99,-99,-90.0,23424995.0,WOE lists as subunit of united Cyprus,CYP,1,CYN,CYP,CYP,CYP,CYP,CYP,CYP,CYP,CYP,CYP,CYP,CYP,CYP,CYP,CYP,CYP,CYP,CYP,CYP,CYP,CYP,CYP,CYP,CYN,CYP,CYP,CYP,CYP,CYP,CYP,CYP,CYP,-99.0,-99.0,Asia,Asia,Western Asia,Europe & Central Asia,9.0,15.0,6.0,-99.0,1.0,0.0,6.0,10.0,33.692434,35.216071,1159320531.0,Q23681,قبرص الشمالية,উত্তর সাইপ্রাস,Türkische Republik Nordzypern,Turkish Republic of Northern Cyprus,República Turca del Norte de Chipre,جمهوری ترک قبرس شمالی,Chypre du Nord,Τουρκική Δημοκρατία της Βόρειας Κύπρου,הרפובליקה הטורקית של צפון קפריסין,उत्तरी साइप्रस,Észak-Ciprus,Republik Turki Siprus Utara,Cipro del Nord,北キプロス・トルコ共和国,북키프로스,Noord-Cyprus,Cypr Północny,República Turca do Chipre do Norte,Турецкая Республика Северного Кипра,Nordcypern,Kuzey Kıbrıs Türk Cumhuriyeti,Турецька Республіка Північного Кіпру,ترک جمہوریہ شمالی قبرص,Bắc Síp,北塞浦路斯土耳其共和国,北賽普勒斯土耳其共和國,Unrecognized,1,Admin-0 country,Admin-0 breakaway and disputed,Unrecognized,Unrecognized,Unrecognized,Unrecognized,Unrecognized,Unrecognized,Unrecognized,Unrecognized,Unrecognized,Unrecognized,Unrecognized,Unrecognized,Unrecognized,Unrecognized,Unrecognized,Unrecognized,Unrecognized,Unrecognized,Unrecognized,Unrecognized,Unrecognized,Admin-0 country,Unrecognized,Unrecognized,Unrecognized,Unrecognized,Unrecognized,Unrecognized,Unrecognized,Unrecognized,,,,,,,,,,,,,,,,,,,,,,,,,,,,,,,,,,,,,,,,,,,,,,,,,,,,,,,,,,,,,,,,,,,,,,,,,,,,,,,,,,,,,
Admin-0 country,1,9.0,Cyprus No Mans Area,CNM,0.0,2.0,Indeterminate,,Cyprus No Mans Area,CNM,0.0,Cyprus No Mans Area,CNM,0.0,Cyprus No Mans Area,CNM,1.0,Cyprus U.N. Buffer Zone,Cyprus U.N. Buffer Zone,B43,Cyprus U.N. Buffer Zone,,,,Cyprus No Mans Land,,,,,Cyprus No Mans Area,,4.0,1.0,1.0,-99.0,10000.0,6.0,2019.0,280.0,2013.0,6. Developing region,2. High income: nonOECD,-99,-99,-99,-99,-99,-99,-99,-099,-99,-99,-99.0,-99.0,No WOE equivalent.,CYP,,CYP,CYP,CYP,CYP,CYP,CYP,CYP,CYP,CYP,CYP,CYP,CYP,CYP,CYP,CYP,CYP,CYP,CYP,CYP,CYP,CYP,CYP,CYP,CYP,CYP,CYP,CYP,CYP,CYP,CYP,CYP,CYP,-99.0,-99.0,Asia,Asia,Western Asia,Europe & Central Asia,23.0,23.0,0.0,-99.0,1.0,7.0,7.7,11.0,33.288134,35.140713,1159320511.0,Q116970,مقاطعة الأمم المتحدة العازلة في قبرص,সাইপ্রাস জাতিসংঘ বাফার জোন,UN-Pufferzone in Zypern,United Nations Buffer Zone in Cyprus,Línea Verde,خط آتیلا,Zone tampon des Nations unies à Chypre,Πράσινη Γραμμή,הקו הירוק,संयुक्त राष्ट्र बफर क्षेत्र,Zöld vonal,United Nations Buffer Zone di Cyprus,Linea Verde,グリーンライン,유엔 키프로스 완충 지대,VN-Bufferzone,Zielona linia,Linha Verde,Зелёная линия,FN:s buffertzon på Cypern,Yeşil Hat,Буферна зона ООН на Кіпрі,قبرص، بفر زون اقوام متحدہ,Vùng đệm Liên Hiệp Quốc ở Cộng hòa Síp,塞浦路斯联合国缓冲区,賽普勒斯聯合國緩衝區,Unrecognized,,Unrecognized,,Unrecognized,Unrecognized,Unrecognized,Unrecognized,Unrecognized,Unrecognized,Unrecognized,Unrecognized,Unrecognized,Unrecognized,Unrecognized,Unrecognized,Unrecognized,Unrecognized,Unrecognized,Unrecognized,Unrecognized,Unrecognized,Unrecognized,Unrecognized,Unrecognized,Unrecognized,Unrecognized,Unrecognized,Unrecognized,Unrecognized,Unrecognized,Unrecognized,Unrecognized,Unrecognized,,,,,,,,,,,,,,,,,,,,,,,,,,,,,,,,,,,,,,,,,,,,,,,,,,,,,,,,,,,,,,,,,,,,,,,,,,,,,,,,,,,,,
Admin-0 country,0,5.0,Kashmir,KAS,0.0,2.0,Indeterminate,,Siachen Glacier,KAS,0.0,Siachen Glacier,KAS,0.0,Siachen Glacier,KAS,1.0,Siachen Glacier,Siachen Glacier,B45,Siachen Glacier,Jammu and Kashmir,Siachen,SG,,,,,Claimed by Pakistan and India,Kashmir,,3.0,7.0,6.0,-99.0,6000.0,5.0,2013.0,15.0,2013.0,6. Developing region,4. Lower middle income,-99,-99,-99,-99,-99,-99,-99,-099,-99,-99,23424928.0,23424928.0,Exact WOE match as country,-99,,-99,B45,IND,IND,IND,IND,IND,IND,IND,PAK,IND,IND,IND,IND,IND,IND,IND,IND,IND,IND,IND,IND,IND,PAK,IND,IND,IND,IND,IND,IND,IND,IND,-99.0,-99.0,Asia,Asia,Southern Asia,South Asia,15.0,15.0,7.0,-99.0,1.0,5.0,6.5,9.5,77.129553,35.340606,1159320963.0,Q333946,نهر سياتشن الجليدي,সিয়াচেন হিমবাহ,Siachen-Gletscher,Siachen Glacier,Glaciar de Siachen,یخچال سیاچن,glacier de Siachen,Παγετώνας Σιατσέν,קרחון סיאצ'ן,सियाचीन,Siachen-gleccser,Siachen Glacier,ghiacciaio Siachen,シアチェン氷河,시아첸 빙하,Siachengletsjer,Lodowiec Siachen,Glaciar de Siachen,Сиачен,Siachen Glaciären,Siachen Buzulu,Сіачен,سیاچن گلیشیر,Sông băng Siachen,锡亚琴冰川,錫亞琴冰川,Unrecognized,,Unrecognized,,,Unrecognized,Unrecognized,,Unrecognized,Unrecognized,Unrecognized,Unrecognized,Unrecognized,Unrecognized,Unrecognized,Unrecognized,Unrecognized,Unrecognized,Unrecognized,Unrecognized,Unrecognized,Unrecognized,Unrecognized,Unrecognized,Unrecognized,Unrecognized,Unrecognized,Unrecognized,Unrecognized,Unrecognized,Unrecognized,Unrecognized,Unrecognized,Unrecognized,,,,,,,,,,,,,,,,,,,,,,,,,,,,,,,,,,,,,,,,,,,,,,,,,,,,,,,,,,,,,,,,,,,,,,,,,,,,,,,,,,,,,
Admin-0 country,0,5.0,Kazakhstan,KA1,1.0,2.0,Lease,1,Baykonur Cosmodrome,KAB,0.0,Baykonur Cosmodrome,KAB,0.0,Baykonur Cosmodrome,KAB,1.0,Baikonur,Baikonur Cosmodrome,B40,Baykonur,,Bayk.,BK,,,,Russia,Leased to Russia by Kazakhstan,Baikonur Cosmodrome,Baykonur Cosmodrome,6.0,1.0,6.0,1.0,36175.0,7.0,2009.0,596.0,2013.0,2. Developed region: nonG7,3. Upper middle income,-99,-99,KZ,-99,KAZ,-99,398,-099,-99,-99,-90.0,20070177.0,A subunit of Kazakhstan in WOE.,KAZ,1,B40,KAZ,KAZ,KAZ,KAZ,KAZ,KAZ,KAZ,KAZ,KAZ,KAZ,KAZ,KAZ,KAZ,KAZ,KAZ,KAZ,KAZ,KAZ,KAZ,KAZ,KAZ,KAZ,KAZ,KAZ,KAZ,KAZ,KAZ,KAZ,KAZ,KAZ,KAZ,-99.0,-99.0,Asia,Asia,Central Asia,Europe & Central Asia,8.0,19.0,5.0,-99.0,-99.0,5.0,6.0,9.5,63.383897,45.978332,1159320965.0,Q165413,بايكونور,বাইকুনোর,Baikonur,Baikonur,Baikonur,بایقونور، قزاقستان,Baïkonour,Μπαϊκονούρ,בייקונור,बायकोनूर,Bajkonur,Baykonur,Bayqoñyr,バイコヌール,바이코누르,Bajkonoer,Bajkonur,Baikonur,Байконур,Bajkonur,Baykonur,Байконир,بایکونور,Baikonur,拜科努尔,拜科努爾,Unrecognized,1,Admin-0 lease,Admin-0 lease,Unrecognized,Unrecognized,Unrecognized,Unrecognized,Unrecognized,Unrecognized,Unrecognized,Unrecognized,Unrecognized,Unrecognized,Unrecognized,Unrecognized,Unrecognized,Unrecognized,Unrecognized,Unrecognized,Unrecognized,Unrecognized,Unrecognized,Unrecognized,Unrecognized,Unrecognized,Unrecognized,Unrecognized,Unrecognized,Unrecognized,Unrecognized,Unrecognized,Unrecognized,Unrecognized,,,,,,,,,,,,,,,,,,,,,,,,,,,,,,,,,,,,,,,,,,,,,,,,,,,,,,,,,,,,,,,,,,,,,,,,,,,,,,,,,,,,,
Admin-0 country,3,3.0,United Kingdom,GB1,1.0,2.0,Dependency,1,Akrotiri Sovereign Base Area,WSB,0.0,Akrotiri Sovereign Base Area,WSB,0.0,Akrotiri Sovereign Base Area,WSB,0.0,Akrotiri,Akrotiri,WSB,Akrotiri,,Akr.,AK,,,,U.K.,U.K. Base,Akrotiri Sovereign Base Area,,6.0,6.0,6.0,3.0,7850.0,5.0,2017.0,314.0,2016.0,2. Developed region: nonG7,2. High income: nonOECD,-99,-99,-99,-99,-99,-99,-99,-099,-99,-99,-99.0,-99.0,No WOE equivalent.,-99,1,WSB,WSB,WSB,WSB,WSB,WSB,WSB,WSB,WSB,WSB,WSB,WSB,WSB,WSB,WSB,WSB,WSB,WSB,WSB,WSB,WSB,WSB,WSB,WSB,WSB,WSB,WSB,WSB,WSB,WSB,WSB,WSB,-99.0,-99.0,Asia,Asia,Western Asia,Europe & Central Asia,8.0,8.0,4.0,-99.0,-99.0,0.0,6.5,11.0,32.979025,34.60083,1159320741.0,Q9143535,أكروتيري,আক্রোতিরি,Akrotiri,Akrotiri Sovereign Base Area,Akrotiri,آکروتییری,Akrotiri,Δυτική Περιοχή Κυρίαρχων Βάσεων,אקרוטירי,अक्रोतिरी,Akrotíri,Akrotiri,Akrotiri,アクロティリ,아크로티리,Akrotiri,Akrotiri,Acrotíri,Акротири,Akrotiri,Ağrotur,Акротірі,ایکروٹیری,Akrotiri,阿克罗蒂里主权基地区,阿克罗蒂里主权基地区,Unrecognized,1,Admin-0 dependency,Admin-0 dependency,Admin-0 dependency,,Admin-0 dependency,,,,,,Admin-0 dependency,Admin-0 dependency,,,,,,,Admin-0 dependency,,Admin-0 dependency,Admin-0 dependency,,Admin-0 dependency,,Admin-0 dependency,Admin-0 dependency,Admin-0 dependency,Admin-0 dependency,Admin-0 dependency,,Admin-0 dependency,,,,,,,,,,,,,,,,,,,,,,,,,,,,,,,,,,,,,,,,,,,,,,,,,,,,,,,,,,,,,,,,,,,,,,,,,,,,,,,,,,,,,
Admin-0 country,0,9.0,Southern Patagonian Ice Field,SPI,0.0,2.0,Indeterminate,,Southern Patagonian Ice Field,SPI,0.0,Southern Patagonian Ice Field,SPI,0.0,Southern Patagonian Ice Field,SPI,1.0,Southern Patagonian Ice Field,Southern Patagonian Ice Field,B97,Southern Patagonian Ice Field,,S.Pat. Ice Field,,Southern Patagonian Ice Field,,,Disputed,Claimed by Chile and Argentina; under survey,Southern Patagonian Ice Field,,4.0,4.0,4.0,3.0,0.0,1.0,2019.0,0.0,2019.0,-99,-99,-99,-99,-99,-99,-99,-99,-99,-099,-99,-99,-99.0,-99.0,No WOE equivalent.,-99,,-99,-99,-99,-99,-99,-99,-99,-99,-99,-99,-99,-99,-99,-99,-99,-99,-99,-99,-99,ARG,-99,-99,-99,-99,-99,-99,-99,-99,-99,-99,-99,-99,-99.0,-99.0,South America,Americas,South America,Latin America & Caribbean,29.0,29.0,16.0,-99.0,1.0,7.0,7.7,9.0,-73.31378,-49.511034,1729635141.0,Q1031467,قل الثلج الباتاغوني الجنوبي,সাদার্ন পাটাগোনিয়ান আইস ফিল্ড,Südpatagonisches Eisfeld,Southern Patagonian Ice Field,Campo de hielo Patagónico Sur,میدان یخچالی پاتاگونیای جنوبی,champ de glace Sud de Patagonie,Σάουθερν Παταγκόνιαν Άις Φιλντ,שדה הקרח הפטגוני הדרומי,साउदर्न पाटागोनियन आइस फ़ील्ड,Dél-patagóniai jégmező,Padang Es Patagonia Selatan,campo di ghiaccio Patagonico Sud,南パタゴニア氷原,사우던 파타고니안 아이스 필드,Southern Patagonian Ice Field,Południowy Lądolód Patagoński,Campo de gelo do sul da Patagónia,Южное Патагонское ледниковое плато,Södra patagoniska isfältet,Campo de Hielo Sur,Південно-Патагонське льодовикове поле,ساؤدرن پیٹاگونین آئس فیلڈ,Cánh đồng băng Nam Patagonia,南巴塔哥尼亞冰原,南巴塔哥尼亞冰原,Unrecognized,,Unrecognized,,,Unrecognized,,Unrecognized,Unrecognized,Unrecognized,Unrecognized,Unrecognized,Unrecognized,,Unrecognized,Unrecognized,Unrecognized,Unrecognized,Unrecognized,Unrecognized,,Unrecognized,Unrecognized,Unrecognized,Unrecognized,Unrecognized,Unrecognized,Unrecognized,Unrecognized,,,,Unrecognized,Unrecognized,,,,,,,,,,,,,,,,,,,,,,,,,,,,,,,,,,,,,,,,,,,,,,,,,,,,,,,,,,,,,,,,,,,,,,,,,,,,,,,,,,,,,
Admin-0 country,0,8.0,Bir Tawil,BRT,0.0,2.0,Indeterminate,,Bir Tawil,BRT,0.0,Bir Tawil,BRT,0.0,Bir Tawil,BRT,1.0,Bir Tawil,Bir Tawil,B94,Bir Tawil,,B. Tawil,,,,,,Between Egypt and Sudan,Bir Tawil,,1.0,1.0,2.0,5.0,0.0,1.0,2019.0,0.0,2019.0,7. Least developed region,5. Low income,-99,-99,-99,-99,-99,-99,-99,-099,-99,-99,-99.0,-99.0,No WOE equivalent.,-99,,-99,BRT,BRT,BRT,BRT,BRT,BRT,BRT,BRT,BRT,BRT,BRT,BRT,BRT,BRT,BRT,BRT,BRT,BRT,BRT,BRT,BRT,BRT,BRT,BRT,BRT,BRT,BRT,BRT,BRT,BRT,BRT,-99.0,-99.0,Africa,Africa,Northern Africa,Middle East & North Africa,9.0,9.0,8.0,-99.0,-99.0,7.0,7.0,9.0,33.673428,21.860442,1729635091.0,Q620634,بئر طويل,বির তাউইল,Bir Tawil,Bir Tawil,Bir Tawil,بئر طویل,Bir Tawil,Μπιρ Ταουίλ,ביר טוויל,बीर ताविल,Bir Tawil,Bir Tawil,Bir Tawil,ビル・タウィール,비르 타윌,Bir Tawil,Bir Tawil,Bir Tawil,Бир-Тавиль,Bir Tawil,Bir Tawil,Бір-Тавіль,بر ٹاویل,Bir Tawil,比尔泰维勒,比爾塔威爾,Unrecognized,,Unrecognized,,,,,,,,,,,,,,,,,,,,,,,,,,,,,,,,,,,,,,,,,,,,,,,,,,,,,,,,,,,,,,,,,,,,,,,,,,,,,,,,,,,,,,,,,,,,,,,,,,,,,,,,,,,,,,,,,,,,
Admin-0 country,0,4.0,Antarctica,ATA,0.0,2.0,Indeterminate,1,Antarctica,ATA,0.0,Antarctica,ATA,0.0,Antarctica,ATA,0.0,Antarctica,Antarctica,ATA,Antarctica,,Ant.,AQ,,,,By treaty,Multiple claims held in abeyance by treaty,Antarctica,,4.0,5.0,1.0,-99.0,4490.0,4.0,2019.0,898.0,2013.0,6. Developing region,2. High income: nonOECD,AY,AQ,AQ,ATA,ATA,010,010,010,-99,-99,28289409.0,28289409.0,Exact WOE match as country,ATA,,ATA,ATA,ATA,ATA,ATA,ATA,ATA,ATA,ATA,ATA,ATA,ATA,ATA,ATA,ATA,ATA,ATA,ATA,ATA,ATA,ATA,ATA,ATA,ATA,ATA,ATA,ATA,ATA,ATA,ATA,ATA,ATA,-99.0,-99.0,Antarctica,Antarctica,Antarctica,Antarctica,10.0,10.0,4.0,-99.0,1.0,0.0,4.0,9.0,35.885455,-79.843222,1159320335.0,Q51,القارة القطبية الجنوبية,অ্যান্টার্কটিকা,Antarktika,Antarctica,Antártida,جنوبگان,Antarctique,Ανταρκτική,אנטארקטיקה,अंटार्कटिका,Antarktika,Antartika,Antartide,南極大陸,남극,Antarctica,Antarktyda,Antártida,Антарктида,Antarktis,Antarktika,Антарктида,انٹارکٹکا,Châu Nam Cực,南极洲,南極洲,Admin-0 dependency,,Admin-0 dependency,,,,,,,,,,,,,,,,,,,,,,,,,,,,,,,,,,,,,,,,,,,,,,,,,,,,,,,,,,,,,,,,,,,,,,,,,,,,,,,,,,,,,,,,,,,,,,,,,,,,,,,,,,,,,,,,,,,,
Admin-0 country,0,2.0,Australia,AU1,1.0,2.0,Country,1,Australia,AUS,0.0,Australia,AUS,0.0,Australia,AUS,0.0,Australia,Australia,AUS,Australia,,Auz.,AU,Commonwealth of Australia,,Australia,,,Australia,,1.0,2.0,2.0,7.0,25364307.0,15.0,2019.0,1396567.0,2019.0,2. Developed region: nonG7,1. High income: OECD,AS,AU,AU,AUS,AUS,036,036,036,AU,AUS,-90.0,23424748.0,Includes Ashmore and Cartier Islands (23424749) and Coral Sea Islands (23424790).,AUS,,AUS,AUS,AUS,AUS,AUS,AUS,AUS,AUS,AUS,AUS,AUS,AUS,AUS,AUS,AUS,AUS,AUS,AUS,AUS,AUS,AUS,AUS,AUS,AUS,AUS,AUS,AUS,AUS,AUS,AUS,AUS,AUS,-99.0,-99.0,Oceania,Oceania,Australia and New Zealand,East Asia & Pacific,9.0,9.0,4.0,-99.0,1.0,0.0,1.7000000000000002,5.7,134.04972,-24.129522,1159320355.0,Q408,أستراليا,অস্ট্রেলিয়া,Australien,Australia,Australia,استرالیا,Australie,Αυστραλία,אוסטרליה,ऑस्ट्रेलिया,Ausztrália,Australia,Australia,オーストラリア,오스트레일리아,Australië,Australia,Austrália,Австралия,Australien,Avustralya,Австралія,آسٹریلیا,Úc,澳大利亚,澳大利亞,Admin-0 country,,Admin-0 country,,,,,,,,,,,,,,,,,,,,,,,,,,,,,,,,,,,,,,,,,,,,,,,,,,,,,,,,,,,,,,,,,,,,,,,,,,,,,,,,,,,,,,,,,,,,,,,,,,,,,,,,,,,,,,,,,,,,
Admin-0 country,0,3.0,Denmark,DN1,1.0,2.0,Country,1,Greenland,GRL,0.0,Greenland,GRL,0.0,Greenland,GRL,0.0,Greenland,Greenland,GRL,Greenland,,Grlnd.,GL,Greenland,,Greenland,Den.,,Greenland,,4.0,1.0,3.0,12.0,56225.0,8.0,2019.0,3051.0,2018.0,2. Developed region: nonG7,2. High income: nonOECD,GL,GL,GL,GRL,GRL,304,304,304,GL,GRL,23424828.0,23424828.0,Exact WOE match as country,GRL,,GRL,GRL,GRL,GRL,GRL,GRL,GRL,GRL,GRL,GRL,GRL,GRL,GRL,GRL,GRL,GRL,GRL,GRL,GRL,GRL,GRL,GRL,GRL,GRL,GRL,GRL,GRL,GRL,GRL,GRL,GRL,GRL,-99.0,-99.0,North America,Americas,Northern America,Europe & Central Asia,9.0,9.0,6.0,-99.0,-99.0,0.0,1.7000000000000002,6.7,-39.335251,74.319387,1159320551.0,Q223,جرينلاند,গ্রিনল্যান্ড,Grönland,Greenland,Groenlandia,گرینلند,Groenland,Γροιλανδία,גרינלנד,ग्रीनलैण्ड,Grönland,Greenland,Groenlandia,グリーンランド,그린란드,Groenland,Grenlandia,Groenlândia,Гренландия,Grönland,Grönland,Гренландія,گرین لینڈ,Greenland,格陵兰,格陵蘭,Admin-0 dependency,,Admin-0 dependency,,,,,,,,,,,,,,,,,,,,,,,,,,,,,,,,,,,,,,,,,,,,,,,,,,,,,,,,,,,,,,,,,,,,,,,,,,,,,,,,,,,,,,,,,,,,,,,,,,,,,,,,,,,,,,,,,,,,
Admin-0 country,1,6.0,Fiji,FJI,0.0,2.0,Sovereign country,1,Fiji,FJI,0.0,Fiji,FJI,0.0,Fiji,FJI,0.0,Fiji,Fiji,FJI,Fiji,,Fiji,FJ,Republic of Fiji,,Fiji,,,Fiji,,5.0,1.0,2.0,2.0,889953.0,11.0,2019.0,5496.0,2019.0,6. Developing region,4. Lower middle income,FJ,FJ,FJ,FJI,FJI,242,242,242,FJ,FJI,23424813.0,23424813.0,Exact WOE match as country,FJI,,FJI,FJI,FJI,FJI,FJI,FJI,FJI,FJI,FJI,FJI,FJI,FJI,FJI,FJI,FJI,FJI,FJI,FJI,FJI,FJI,FJI,FJI,FJI,FJI,FJI,FJI,FJI,FJI,FJI,FJI,FJI,FJI,-99.0,-99.0,Oceania,Oceania,Melanesia,East Asia & Pacific,4.0,4.0,4.0,-99.0,1.0,0.0,3.0,8.0,177.975427,-17.826099,1159320625.0,Q712,فيجي,ফিজি,Fidschi,Fiji,Fiyi,فیجی,Fidji,Φίτζι,פיג'י,फ़िजी,Fidzsi-szigetek,Fiji,Figi,フィジー,피지,Fiji,Fidżi,Fiji,Фиджи,Fiji,Fiji,Фіджі,فجی,Fiji,斐济,斐濟,Admin-0 country,,Admin-0 country,,,,,,,,,,,,,,,,,,,,,,,,,,,,,,,,,,,,,,,,,,,,,,,,,,,,,,,,,,,,,,,,,,,,,,,,,,,,,,,,,,,,,,,,,,,,,,,,,,,,,,,,,,,,,,,,,,,,
Admin-0 country,0,2.0,New Zealand,NZ1,1.0,2.0,Country,1,New Zealand,NZL,0.0,New Zealand,NZL,0.0,New Zealand,NZL,0.0,New Zealand,New Zealand,NZL,New Zealand,,N.Z.,NZ,New Zealand,,New Zealand,,,New Zealand,,3.0,3.0,4.0,4.0,4917000.0,12.0,2019.0,206928.0,2019.0,2. Developed region: nonG7,1. High income: OECD,NZ,NZ,NZ,NZL,NZL,554,554,554,NZ,NZL,23424916.0,23424916.0,Exact WOE match as country,NZL,,NZL,NZL,NZL,NZL,NZL,NZL,NZL,NZL,NZL,NZL,NZL,NZL,NZL,NZL,NZL,NZL,NZL,NZL,NZL,NZL,NZL,NZL,NZL,NZL,NZL,NZL,NZL,NZL,NZL,NZL,NZL,NZL,-99.0,-99.0,Oceania,Oceania,Australia and New Zealand,East Asia & Pacific,11.0,11.0,4.0,-99.0,1.0,0.0,2.0,6.7,172.787,-39.759,1159321135.0,Q664,نيوزيلندا,নিউজিল্যান্ড,Neuseeland,New Zealand,Nueva Zelanda,نیوزیلند,Nouvelle-Zélande,Νέα Ζηλανδία,ניו זילנד,न्यूज़ीलैण्ड,Új-Zéland,Selandia Baru,Nuova Zelanda,ニュージーランド,뉴질랜드,Nieuw-Zeeland,Nowa Zelandia,Nova Zelândia,Новая Зеландия,Nya Zeeland,Yeni Zelanda,Нова Зеландія,نیوزی لینڈ,New Zealand,新西兰,新西蘭,Admin-0 country,,Admin-0 country,,,,,,,,,,,,,,,,,,,,,,,,,,,,,,,,,,,,,,,,,,,,,,,,,,,,,,,,,,,,,,,,,,,,,,,,,,,,,,,,,,,,,,,,,,,,,,,,,,,,,,,,,,,,,,,,,,,,
Admin-0 country,1,3.0,France,FR1,1.0,2.0,Dependency,1,New Caledonia,NCL,0.0,New Caledonia,NCL,0.0,New Caledonia,NCL,0.0,New Caledonia,New Caledonia,NCL,New Caledonia,,New C.,NC,New Caledonia,Nouvelle-Calédonie,New Caledonia,Fr.,,New Caledonia,,7.0,5.0,9.0,11.0,287800.0,10.0,2019.0,10770.0,2016.0,6. Developing region,2. High income: nonOECD,NC,NC,NC,NCL,NCL,540,540,540,NC,NCL,23424903.0,23424903.0,Exact WOE match as country,NCL,,NCL,NCL,NCL,NCL,NCL,NCL,NCL,NCL,NCL,NCL,NCL,NCL,NCL,NCL,NCL,NCL,NCL,NCL,NCL,NCL,NCL,NCL,NCL,NCL,NCL,NCL,NCL,NCL,NCL,NCL,NCL,NCL,-99.0,-99.0,Oceania,Oceania,Melanesia,East Asia & Pacific,13.0,13.0,6.0,-99.0,-99.0,0.0,4.6,8.0,165.084004,-21.064697,1159320641.0,Q33788,كاليدونيا الجديدة,নতুন ক্যালিডোনিয়া,Neukaledonien,New Caledonia,Nueva Caledonia,کالدونیای جدید,Nouvelle-Calédonie,Νέα Καληδονία,קלדוניה החדשה,नया कैलेडोनिया,Új-Kaledónia,Kaledonia Baru,Nuova Caledonia,ニューカレドニア,누벨칼레도니,Nieuw-Caledonië,Nowa Kaledonia,Nova Caledónia,Новая Каледония,Nya Kaledonien,Yeni Kaledonya,Нова Каледонія,نیو کیلیڈونیا,Nouvelle-Calédonie,新喀里多尼亚,新喀里多尼亞,Admin-0 dependency,,Admin-0 dependency,,,,,,,,,,,,,,,,,,,,,,,,,,,,,,,,,,,,,,,,,,,,,,,,,,,,,,,,,,,,,,,,,,,,,,,,,,,,,,,,,,,,,,,,,,,,,,,,,,,,,,,,,,,,,,,,,,,,
Admin-0 country,0,3.0,Madagascar,MDG,0.0,2.0,Sovereign country,1,Madagascar,MDG,0.0,Madagascar,MDG,0.0,Madagascar,MDG,0.0,Madagascar,Madagascar,MDG,Madagascar,,Mad.,MG,Republic of Madagascar,,Madagascar,,,Madagascar,,6.0,5.0,2.0,3.0,26969307.0,15.0,2019.0,14114.0,2019.0,7. Least developed region,5. Low income,MA,MG,MG,MDG,MDG,450,450,450,MG,MDG,23424883.0,23424883.0,Exact WOE match as country,MDG,,MDG,MDG,MDG,MDG,MDG,MDG,MDG,MDG,MDG,MDG,MDG,MDG,MDG,MDG,MDG,MDG,MDG,MDG,MDG,MDG,MDG,MDG,MDG,MDG,MDG,MDG,MDG,MDG,MDG,MDG,MDG,MDG,-99.0,-99.0,Africa,Africa,Eastern Africa,Sub-Saharan Africa,10.0,10.0,4.0,-99.0,1.0,0.0,2.7,7.0,46.704241,-18.628288,1159321051.0,Q1019,مدغشقر,মাদাগাস্কার,Madagaskar,Madagascar,Madagascar,ماداگاسکار,Madagascar,Μαδαγασκάρη,מדגסקר,मेडागास्कर,Madagaszkár,Madagaskar,Madagascar,マダガスカル,마다가스카르,Madagaskar,Madagaskar,Madagáscar,Мадагаскар,Madagaskar,Madagaskar,Мадагаскар,مڈغاسکر,Madagascar,马达加斯加,馬達加斯加,Admin-0 country,,Admin-0 country,,,,,,,,,,,,,,,,,,,,,,,,,,,,,,,,,,,,,,,,,,,,,,,,,,,,,,,,,,,,,,,,,,,,,,,,,,,,,,,,,,,,,,,,,,,,,,,,,,,,,,,,,,,,,,,,,,,,
Admin-0 country,0,2.0,Philippines,PHL,0.0,2.0,Sovereign country,1,Philippines,PHL,0.0,Philippines,PHL,0.0,Philippines,PHL,0.0,Philippines,Philippines,PHL,Philippines,,Phil.,PH,Republic of the Philippines,,Philippines,,,Philippines,,3.0,2.0,2.0,8.0,108116615.0,17.0,2019.0,376795.0,2019.0,5. Emerging region: G20,4. Lower middle income,RP,PH,PH,PHL,PHL,608,608,608,PH,PHL,23424934.0,23424934.0,Exact WOE match as country,PHL,,PHL,PHL,PHL,PHL,PHL,PHL,PHL,PHL,PHL,PHL,PHL,PHL,PHL,PHL,PHL,PHL,PHL,PHL,PHL,PHL,PHL,PHL,PHL,PHL,PHL,PHL,PHL,PHL,PHL,PHL,PHL,PHL,-99.0,-99.0,Asia,Asia,South-Eastern Asia,East Asia & Pacific,11.0,11.0,5.0,-99.0,1.0,0.0,2.5,7.0,122.465,11.198,1159321169.0,Q928,الفلبين,ফিলিপাইন,Philippinen,Philippines,Filipinas,فیلیپین,Philippines,Φιλιππίνες,הפיליפינים,फ़िलीपीन्स,Fülöp-szigetek,Filipina,Filippine,フィリピン,필리핀,Filipijnen,Filipiny,Filipinas,Филиппины,Filippinerna,Filipinler,Філіппіни,فلپائن,Philippines,菲律宾,菲律賓,Admin-0 country,,Admin-0 country,,,,,,,,,,,,,,,,,,,,,,,,,,,,,,,,,,,,,,,,,,,,,,,,,,,,,,,,,,,,,,,,,,,,,,,,,,,,,,,,,,,,,,,,,,,,,,,,,,,,,,,,,,,,,,,,,,,,
Admin-0 country,0,3.0,Sri Lanka,LKA,0.0,2.0,Sovereign country,1,Sri Lanka,LKA,0.0,Sri Lanka,LKA,0.0,Sri Lanka,LKA,0.0,Sri Lanka,Sri Lanka,LKA,Sri Lanka,,Sri L.,LK,Democratic Socialist Republic of Sri Lanka,,Sri Lanka,,,Sri Lanka,,3.0,5.0,4.0,9.0,21803000.0,15.0,2019.0,84008.0,2019.0,6. Developing region,4. Lower middle income,CE,LK,LK,LKA,LKA,144,144,144,LK,LKA,23424778.0,23424778.0,Exact WOE match as country,LKA,,LKA,LKA,LKA,LKA,LKA,LKA,LKA,LKA,LKA,LKA,LKA,LKA,LKA,LKA,LKA,LKA,LKA,LKA,LKA,LKA,LKA,LKA,LKA,LKA,LKA,LKA,LKA,LKA,LKA,LKA,LKA,LKA,-99.0,-99.0,Asia,Asia,Southern Asia,South Asia,9.0,9.0,6.0,-99.0,1.0,0.0,3.0,8.0,80.704823,7.581097,1159321025.0,Q854,سريلانكا,শ্রীলঙ্কা,Sri Lanka,Sri Lanka,Sri Lanka,سریلانکا,Sri Lanka,Σρι Λάνκα,סרי לנקה,श्रीलंका,Srí Lanka,Sri Lanka,Sri Lanka,スリランカ,스리랑카,Sri Lanka,Sri Lanka,Sri Lanka,Шри-Ланка,Sri Lanka,Sri Lanka,Шрі-Ланка,سری لنکا,Sri Lanka,斯里兰卡,斯里蘭卡,Admin-0 country,,Admin-0 country,,,,,,,,,,,,,,,,,,,,,,,,,,,,,,,,,,,,,,,,,,,,,,,,,,,,,,,,,,,,,,,,,,,,,,,,,,,,,,,,,,,,,,,,,,,,,,,,,,,,,,,,,,,,,,,,,,,,
Admin-0 country,3,5.0,Netherlands,NL1,1.0,2.0,Country,1,Curaçao,CUW,0.0,Curaçao,CUW,0.0,Curaçao,CUW,0.0,Curaçao,Curaçao,CUW,Curaçao,,Cur.,CW,Curaçao,,Curacao,Neth.,,Curaçao,,4.0,2.0,2.0,9.0,157538.0,9.0,2019.0,3101.0,2019.0,6. Developing region,2. High income: nonOECD,NT,CW,CW,CUW,CUW,531,531,531,CW,CUW,-90.0,24549810.0,Expired subunits of Netherlands Antilles (23424914).,CUW,,CUW,CUW,CUW,CUW,CUW,CUW,CUW,CUW,CUW,CUW,CUW,CUW,CUW,CUW,CUW,CUW,CUW,CUW,CUW,CUW,CUW,CUW,CUW,CUW,CUW,CUW,CUW,CUW,CUW,CUW,CUW,CUW,-99.0,-99.0,North America,Americas,Caribbean,Latin America & Caribbean,7.0,7.0,4.0,4.0,-99.0,0.0,5.0,10.0,-68.920578,12.145039,1159321099.0,Q25279,كوراساو,কিউরাসাও,Curaçao,Curaçao,Curazao,کوراسائو,Curaçao,Κουρασάο,קוראסאו,कुराकाओ,Curaçao,Curaçao,Curaçao,キュラソー,퀴라소,Curaçao,Curaçao,Curaçao,Кюрасао,Curaçao,Curaçao,Кюрасао,کیوراساؤ,Curaçao,库拉索,古拉索,Admin-0 dependency,,Admin-0 dependency,,,,,,,,,,,,,,,,,,,,,,,,,,,,,,,,,,,,,,,,,,,,,,,,,,,,,,,,,,,,,,,,,,,,,,,,,,,,,,,,,,,,,,,,,,,,,,,,,,,,,,,,,,,,,,,,,,,,
Admin-0 country,3,5.0,Netherlands,NL1,1.0,2.0,Country,1,Aruba,ABW,0.0,Aruba,ABW,0.0,Aruba,ABW,0.0,Aruba,Aruba,ABW,Aruba,,Aruba,AW,Aruba,,Aruba,Neth.,,Aruba,,4.0,2.0,2.0,9.0,106314.0,9.0,2019.0,3056.0,2017.0,6. Developing region,2. High income: nonOECD,AA,AW,AW,ABW,ABW,533,533,533,AW,ABW,23424736.0,23424736.0,Exact WOE match as country,ABW,,ABW,ABW,ABW,ABW,ABW,ABW,ABW,ABW,ABW,ABW,ABW,ABW,ABW,ABW,ABW,ABW,ABW,ABW,ABW,ABW,ABW,ABW,ABW,ABW,ABW,ABW,ABW,ABW,ABW,ABW,ABW,ABW,-99.0,-99.0,North America,Americas,Caribbean,Latin America & Caribbean,5.0,5.0,5.0,4.0,-99.0,0.0,5.0,10.0,-69.972795,12.5174,1159321097.0,Q21203,أروبا,আরুবা,Aruba,Aruba,Aruba,آروبا,Aruba,Αρούμπα,ארובה,अरूबा,Aruba,Aruba,Aruba,アルバ,아루바,Aruba,Aruba,Aruba,Аруба,Aruba,Aruba,Аруба,اروبا,Aruba,阿鲁巴,阿魯巴,Admin-0 dependency,,Admin-0 dependency,,,,,,,,,,,,,,,,,,,,,,,,,,,,,,,,,,,,,,,,,,,,,,,,,,,,,,,,,,,,,,,,,,,,,,,,,,,,,,,,,,,,,,,,,,,,,,,,,,,,,,,,,,,,,,,,,,,,
Admin-0 country,3,4.0,The Bahamas,BHS,0.0,2.0,Sovereign country,1,The Bahamas,BHS,0.0,The Bahamas,BHS,0.0,The Bahamas,BHS,0.0,Bahamas,Bahamas,BHS,Bahamas,,Bhs.,BS,Commonwealth of the Bahamas,,"Bahamas, The",,,"Bahamas, The",,1.0,1.0,2.0,5.0,389482.0,10.0,2019.0,13578.0,2019.0,6. Developing region,2. High income: nonOECD,BF,BS,BS,BHS,BHS,044,044,044,BS,BHS,23424758.0,23424758.0,Exact WOE match as country,BHS,,BHS,BHS,BHS,BHS,BHS,BHS,BHS,BHS,BHS,BHS,BHS,BHS,BHS,BHS,BHS,BHS,BHS,BHS,BHS,BHS,BHS,BHS,BHS,BHS,BHS,BHS,BHS,BHS,BHS,BHS,BHS,BHS,-99.0,-99.0,North America,Americas,Caribbean,Latin America & Caribbean,7.0,7.0,4.0,-99.0,1.0,0.0,4.0,9.0,-77.146688,26.401789,1159320415.0,Q778,باهاماس,বাহামা দ্বীপপুঞ্জ,Bahamas,The Bahamas,Bahamas,باهاما,Bahamas,Μπαχάμες,איי בהאמה,बहामास,Bahama-szigetek,Bahama,Bahamas,バハマ,바하마,Bahama's,Bahamy,Bahamas,Багамские Острова,Bahamas,Bahamalar,Багамські Острови,بہاماس,Bahamas,巴哈马,巴哈馬,Admin-0 country,,Admin-0 country,,,,,,,,,,,,,,,,,,,,,,,,,,,,,,,,,,,,,,,,,,,,,,,,,,,,,,,,,,,,,,,,,,,,,,,,,,,,,,,,,,,,,,,,,,,,,,,,,,,,,,,,,,,,,,,,,,,,
Admin-0 country,5,6.0,United Kingdom,GB1,1.0,2.0,Dependency,1,Turks and Caicos Islands,TCA,0.0,Turks and Caicos Islands,TCA,0.0,Turks and Caicos Islands,TCA,0.0,Turks and Caicos Islands,Turks and Caicos Islands,TCA,Turks and Caicos Is.,,T.C. Is.,TC,Turks and Caicos Islands,,Turks and Caicos Islands,U.K.,,Turks and Caicos Islands,,6.0,6.0,6.0,3.0,38191.0,7.0,2019.0,1197.0,2019.0,6. Developing region,2. High income: nonOECD,TK,TC,TC,TCA,TCA,796,796,796,TC,TCA,23424962.0,23424962.0,Exact WOE match as country,TCA,,TCA,TCA,TCA,TCA,TCA,TCA,TCA,TCA,TCA,TCA,TCA,TCA,TCA,TCA,TCA,TCA,TCA,TCA,TCA,TCA,TCA,TCA,TCA,TCA,TCA,TCA,TCA,TCA,TCA,TCA,TCA,TCA,-99.0,-99.0,North America,Americas,Caribbean,Latin America & Caribbean,20.0,24.0,8.0,-99.0,-99.0,0.0,5.0,10.0,-71.752704,21.81663,1159320737.0,Q18221,جزر توركس وكايكوس,টার্কস ও কেইকোস দ্বীপপুঞ্জ,Turks- und Caicosinseln,Turks and Caicos Islands,Islas Turcas y Caicos,جزایر تورکس و کایکوس,îles Turques-et-Caïques,Τερκ και Κάικος,איי טרקס וקייקוס,तुर्क और केकोस द्वीपसमूह,Turks- és Caicos-szigetek,Kepulauan Turks dan Caicos,Turks e Caicos,タークス・カイコス諸島,터크스 케이커스 제도,Turks- en Caicoseilanden,Turks i Caicos,Turks e Caicos,Тёркс и Кайкос,Turks- och Caicosöarna,Turks ve Caicos Adaları,Острови Теркс і Кайкос,جزائر کیکس و ترکیہ,Quần đảo Turks và Caicos,特克斯和凯科斯群岛,土克凱可群島,Admin-0 dependency,,Admin-0 dependency,,,,,,,,,,,,,,,,,,,,,,,,,,,,,,,,,,,,,,,,,,,,,,,,,,,,,,,,,,,,,,,,,,,,,,,,,,,,,,,,,,,,,,,,,,,,,,,,,,,,,,,,,,,,,,,,,,,,
Admin-0 country,0,3.0,Taiwan,TWN,0.0,2.0,Sovereign country,1,Taiwan,TWN,0.0,Taiwan,TWN,0.0,Taiwan,TWN,0.0,Taiwan,Taiwan,TWN,Taiwan,,Taiwan,TW,,,Taiwan,,Self admin.; Claimed by China,Taiwan,,1.0,5.0,7.0,2.0,23568378.0,15.0,2020.0,1127000.0,2016.0,2. Developed region: nonG7,2. High income: nonOECD,TW,CN-TW,TW,TWN,TWN,158,158,-099,-99,-99,23424971.0,23424971.0,Exact WOE match as country,TWN,,TWN,TWN,TWN,CHN,TWN,CHN,TWN,TWN,CHN,CHN,TWN,TWN,TWN,TWN,TWN,TWN,CHN,CHN,TWN,TWN,TWN,TWN,TWN,TWN,CHN,TWN,TWN,TWN,TWN,TWN,CHN,TWN,-99.0,-99.0,Asia,Asia,Eastern Asia,East Asia & Pacific,6.0,6.0,6.0,-99.0,1.0,0.0,4.5,8.0,120.868204,23.652408,1159321335.0,Q865,تايوان,তাইওয়ান,Republik China,Taiwan,República de China,تایوان,Taïwan,Δημοκρατία της Κίνας,טאיוואן,चीनी गणराज्य,Kínai Köztársaság,Taiwan,Taiwan,中華民国,중화민국,Taiwan,Republika Chińska,Taiwan,Тайвань,Taiwan,Çin Cumhuriyeti,Республіка Китай,تائیوان,Đài Loan,中华民国,中華民國,Admin-1 states provinces,1,Admin-0 country,,,,,Admin-1 states provinces,Admin-0 country,,Admin-1 states provinces,,,,,,,,Admin-1 states provinces,Admin-1 states provinces,,,,,,,Admin-1 states provinces,,,,,,Admin-1 states provinces,,,,,,,,,,,,,,,,,,,,,,,,,,,,,,,,,,,,,,,,,,,,,,,,,,,,,,,,,,,,,,,,,,,,,,,,,,,,,,,,,,,,,,
Admin-0 country,0,2.0,Japan,JPN,0.0,2.0,Sovereign country,1,Japan,JPN,0.0,Japan,JPN,0.0,Japan,JPN,0.0,Japan,Japan,JPN,Japan,,Japan,J,Japan,,Japan,,,Japan,,5.0,3.0,5.0,4.0,126264931.0,17.0,2019.0,5081769.0,2019.0,1. Developed region: G7,1. High income: OECD,JA,JP,JP,JPN,JPN,392,392,392,JP,JPN,23424856.0,23424856.0,Exact WOE match as country,JPN,,JPN,JPN,JPN,JPN,JPN,JPN,JPN,JPN,JPN,JPN,JPN,JPN,JPN,JPN,JPN,JPN,JPN,JPN,JPN,JPN,JPN,JPN,JPN,JPN,JPN,JPN,JPN,JPN,JPN,JPN,JPN,JPN,-99.0,-99.0,Asia,Asia,Eastern Asia,East Asia & Pacific,5.0,5.0,5.0,-99.0,1.0,0.0,1.7000000000000002,7.0,138.44217,36.142538,1159320937.0,Q17,اليابان,জাপান,Japan,Japan,Japón,ژاپن,Japon,Ιαπωνία,יפן,जापान,Japán,Jepang,Giappone,日本,일본,Japan,Japonia,Japão,Япония,Japan,Japonya,Японія,جاپان,Nhật Bản,日本,日本,Admin-0 country,,Admin-0 country,,,,,,,,,,,,,,,,,,,,,,,,,,,,,,,,,,,,,,,,,,,,,,,,,,,,,,,,,,,,,,,,,,,,,,,,,,,,,,,,,,,,,,,,,,,,,,,,,,,,,,,,,,,,,,,,,,,,
Admin-0 country,3,4.0,France,FR1,1.0,2.0,Dependency,1,Saint Pierre and Miquelon,SPM,0.0,Saint Pierre and Miquelon,SPM,0.0,Saint Pierre and Miquelon,SPM,0.0,Saint Pierre and Miquelon,Saint Pierre and Miquelon,SPM,St. Pierre and Miquelon,,St. P.M.,PM,Saint Pierre and Miquelon,,Saint Pierre and Miquelon,Fr.,,St. Pierre and Miquelon,,7.0,5.0,9.0,11.0,5997.0,5.0,2017.0,215.0,2016.0,2. Developed region: nonG7,3. Upper middle income,SB,PM,PM,SPM,SPM,666,666,666,-99,-99,23424939.0,23424939.0,Exact WOE match as country,SPM,,SPM,SPM,SPM,SPM,SPM,SPM,SPM,SPM,SPM,SPM,SPM,SPM,SPM,SPM,SPM,SPM,SPM,SPM,SPM,SPM,SPM,SPM,SPM,SPM,SPM,SPM,SPM,SPM,SPM,SPM,SPM,SPM,-99.0,-99.0,North America,Americas,Northern America,North America,23.0,25.0,8.0,3.0,-99.0,0.0,5.0,10.0,-56.332352,47.040344,1159320647.0,Q34617,سان بيير وميكلون,সাঁ পিয়ের ও মিকলোঁ,Saint-Pierre und Miquelon,Saint Pierre and Miquelon,San Pedro y Miquelón,سن پیر و میکلن,Saint-Pierre-et-Miquelon,Σαιν-Πιερ και Μικελόν,סן-פייר ומיקלון,सन्त पियर और मिकलान,Saint-Pierre és Miquelon,Saint Pierre dan Miquelon,Saint-Pierre e Miquelon,サンピエール島・ミクロン島,생피에르 미클롱,Saint-Pierre en Miquelon,Saint-Pierre i Miquelon,Saint-Pierre e Miquelon,Сен-Пьер и Микелон,Saint-Pierre och Miquelon,Saint Pierre ve Miquelon,Сен-П'єр і Мікелон,سینٹ پیئر و میکیلون,Saint-Pierre và Miquelon,圣皮埃尔和密克隆,聖皮埃與密克隆群島,Admin-0 dependency,,Admin-0 dependency,,,,,,,,,,,,,,,,,,,,,,,,,,,,,,,,,,,,,,,,,,,,,,,,,,,,,,,,,,,,,,,,,,,,,,,,,,,,,,,,,,,,,,,,,,,,,,,,,,,,,,,,,,,,,,,,,,,,
Admin-0 country,0,3.0,Iceland,ISL,0.0,2.0,Sovereign country,1,Iceland,ISL,0.0,Iceland,ISL,0.0,Iceland,ISL,0.0,Iceland,Iceland,ISL,Iceland,,Iceland,IS,Republic of Iceland,,Iceland,,,Iceland,,1.0,4.0,4.0,9.0,361313.0,10.0,2019.0,24188.0,2019.0,2. Developed region: nonG7,1. High income: OECD,IC,IS,IS,ISL,ISL,352,352,352,IS,ISL,23424845.0,23424845.0,Exact WOE match as country,ISL,,ISL,ISL,ISL,ISL,ISL,ISL,ISL,ISL,ISL,ISL,ISL,ISL,ISL,ISL,ISL,ISL,ISL,ISL,ISL,ISL,ISL,ISL,ISL,ISL,ISL,ISL,ISL,ISL,ISL,ISL,ISL,ISL,-99.0,-99.0,Europe,Europe,Northern Europe,Europe & Central Asia,7.0,7.0,7.0,-99.0,1.0,0.0,2.0,7.0,-18.673711,64.779286,1159320917.0,Q189,آيسلندا,আইসল্যান্ড,Island,Iceland,Islandia,ایسلند,Islande,Ισλανδία,איסלנד,आइसलैण्ड,Izland,Islandia,Islanda,アイスランド,아이슬란드,IJsland,Islandia,Islândia,Исландия,Island,İzlanda,Ісландія,آئس لینڈ,Iceland,冰岛,冰島,Admin-0 country,,Admin-0 country,,,,,,,,,,,,,,,,,,,,,,,,,,,,,,,,,,,,,,,,,,,,,,,,,,,,,,,,,,,,,,,,,,,,,,,,,,,,,,,,,,,,,,,,,,,,,,,,,,,,,,,,,,,,,,,,,,,,
Admin-0 country,5,4.0,United Kingdom,GB1,1.0,2.0,Dependency,1,Pitcairn Islands,PCN,0.0,Pitcairn Islands,PCN,0.0,Pitcairn Islands,PCN,0.0,Pitcairn Islands,Pitcairn Islands,PCN,Pitcairn Is.,,Pit. Is.,PN,"Pitcairn, Henderson, Ducie and Oeno Islands",,Pitcairn Islands,U.K.,,Pitcairn Islands,,6.0,6.0,6.0,3.0,54.0,1.0,2016.0,0.0,2016.0,7. Least developed region,5. Low income,PC,PN,PN,PCN,PCN,612,612,612,-99,-99,23424918.0,23424918.0,Exact WOE match as country,PCN,,PCN,PCN,PCN,PCN,PCN,PCN,PCN,PCN,PCN,PCN,PCN,PCN,PCN,PCN,PCN,PCN,PCN,PCN,PCN,PCN,PCN,PCN,PCN,PCN,PCN,PCN,PCN,PCN,PCN,PCN,PCN,PCN,-99.0,-99.0,Oceania,Oceania,Polynesia,East Asia & Pacific,12.0,16.0,8.0,-99.0,-99.0,0.0,5.0,9.0,-128.317536,-24.364576,1159320729.0,Q35672,جزر بيتكيرن,পীটকেয়ার্ন দ্বীপপুঞ্জ,Pitcairninseln,Pitcairn Islands,Islas Pitcairn,جزایر پیتکرن,Iles Pitcairn,Νήσοι Πίτκερν,פיטקרן,पिटकेर्न द्वीपसमूह,Pitcairn-szigetek,Kepulauan Pitcairn,Isole Pitcairn,ピトケアン諸島,핏케언 제도,Pitcairneilanden,Pitcairn,Ilhas Pitcairn,Острова Питкэрн,Pitcairnöarna,Pitcairn Adaları,Піткерн,جزائر پٹکیرن,Quần đảo Pitcairn,皮特凯恩群岛,皮特肯群島,Admin-0 dependency,,Admin-0 dependency,,,,,,,,,,,,,,,,,,,,,,,,,,,,,,,,,,,,,,,,,,,,,,,,,,,,,,,,,,,,,,,,,,,,,,,,,,,,,,,,,,,,,,,,,,,,,,,,,,,,,,,,,,,,,,,,,,,,
Admin-0 country,3,4.0,France,FR1,1.0,2.0,Dependency,1,French Polynesia,PYF,0.0,French Polynesia,PYF,0.0,French Polynesia,PYF,0.0,French Polynesia,French Polynesia,PYF,Fr. Polynesia,,Fr. Poly.,PF,French Polynesia,,French Polynesia,Fr.,,French Polynesia,,7.0,5.0,9.0,11.0,279287.0,10.0,2019.0,5490.0,2016.0,6. Developing region,2. High income: nonOECD,FP,PF,PF,PYF,PYF,258,258,258,PF,PYF,23424817.0,23424817.0,Exact WOE match as country,PYF,,PYF,PYF,PYF,PYF,PYF,PYF,PYF,PYF,PYF,PYF,PYF,PYF,PYF,PYF,PYF,PYF,PYF,PYF,PYF,PYF,PYF,PYF,PYF,PYF,PYF,PYF,PYF,PYF,PYF,PYF,PYF,PYF,-99.0,-99.0,Oceania,Oceania,Polynesia,East Asia & Pacific,13.0,16.0,9.0,2.0,-99.0,0.0,3.5,8.5,-149.46157,-17.628081,1159320643.0,Q30971,بولينزيا الفرنسية,ফরাসি পলিনেশিয়া,Französisch-Polynesien,French Polynesia,Polinesia Francesa,پلینزی فرانسه,Polynésie française,Γαλλική Πολυνησία,פולינזיה הצרפתית,फ़्रान्सीसी पॉलिनेशिया,Francia Polinézia,Polinesia Prancis,Polinesia francese,フランス領ポリネシア,프랑스령 폴리네시아,Frans-Polynesië,Polinezja Francuska,Polinésia Francesa,Французская Полинезия,Franska Polynesien,Fransız Polinezyası,Французька Полінезія,فرانسیسی پولینیشیا,Polynésie thuộc Pháp,法属波利尼西亚,法屬玻里尼西亞,Admin-0 dependency,,Admin-0 dependency,,,,,,,,,,,,,,,,,,,,,,,,,,,,,,,,,,,,,,,,,,,,,,,,,,,,,,,,,,,,,,,,,,,,,,,,,,,,,,,,,,,,,,,,,,,,,,,,,,,,,,,,,,,,,,,,,,,,
Admin-0 country,3,6.0,France,FR1,1.0,2.0,Dependency,1,French Southern and Antarctic Lands,ATF,0.0,French Southern and Antarctic Lands,ATF,0.0,French Southern and Antarctic Lands,ATF,0.0,French Southern and Antarctic Lands,French Southern and Antarctic Lands,ATF,Fr. S. and Antarctic Lands,,Fr. S.A.L.,TF,Territory of the French Southern and Antarctic Lands,,,Fr.,,French Southern and Antarctic Lands,,7.0,5.0,9.0,11.0,140.0,1.0,2017.0,16.0,2016.0,6. Developing region,2. High income: nonOECD,FS,TF,TF,ATF,ATF,260,260,260,-99,-99,28289406.0,28289406.0,Exact WOE match as country,ATF,,ATF,ATF,ATF,ATF,ATF,ATF,ATF,ATF,ATF,ATF,ATF,ATF,ATF,ATF,ATF,ATF,ATF,ATF,ATF,ATF,ATF,ATF,ATF,ATF,ATF,ATF,ATF,ATF,ATF,ATF,ATF,ATF,-99.0,-99.0,Seven seas (open ocean),Africa,Seven seas (open ocean),Sub-Saharan Africa,22.0,35.0,10.0,2.0,-99.0,0.0,4.0,9.0,69.122136,-49.303721,1159320631.0,Q129003,أراض فرنسية جنوبية وأنتارتيكية,ফ্র. এস. অ্যান্ড অ্যান্টার্কটিক ল্যান্ড,Französische Süd- und Antarktisgebiete,French Southern and Antarctic Lands,Tierras Australes y Antárticas Francesas,سرزمینهای جنوبی و جنوبگانی فرانسه,Terres australes et antarctiques françaises,Γαλλικά Νότια και Ανταρκτικά Εδάφη,הארצות הדרומיות והאנטארקטיות של צרפת,दक्षिण फ्रांसीसी और अंटार्कटिक लैंड,Francia déli és antarktiszi területek,Daratan Selatan dan Antarktika Perancis,Terre australi e antartiche francesi,フランス領南方・南極地域,프랑스령 남방 및 남극,Franse Zuidelijke Gebieden,Francuskie Terytoria Południowe i Antarktyczne,Terras Austrais e Antárticas Francesas,Французские Южные и Антарктические территории,Franska sydterritorierna,Fransız Güney ve Antarktika Toprakları,Французькі Південні і Антарктичні території,سرزمین جنوبی فرانسیسیہ و انٹارکٹیکا,Vùng đất phía Nam và châu Nam Cực thuộc Pháp,法属南部和南极领地,法屬南部和南極領地,Admin-0 dependency,,Admin-0 dependency,,,,,,,,,,,,,,,,,,,,,,,,,,,,,,,,,,,,,,,,,,,,,,,,,,,,,,,,,,,,,,,,,,,,,,,,,,,,,,,,,,,,,,,,,,,,,,,,,,,,,,,,,,,,,,,,,,,,
Admin-0 country,5,6.0,Seychelles,SYC,0.0,2.0,Sovereign country,1,Seychelles,SYC,0.0,Seychelles,SYC,0.0,Seychelles,SYC,0.0,Seychelles,Seychelles,SYC,Seychelles,,Syc.,SC,Republic of Seychelles,,Seychelles,,,Seychelles,,5.0,8.0,3.0,1.0,97625.0,8.0,2019.0,1703.0,2019.0,6. Developing region,3. Upper middle income,SE,SC,SC,SYC,SYC,690,690,690,SC,SYC,23424941.0,23424941.0,Exact WOE match as country,SYC,,SYC,SYC,SYC,SYC,SYC,SYC,SYC,SYC,SYC,SYC,SYC,SYC,SYC,SYC,SYC,SYC,SYC,SYC,SYC,SYC,SYC,SYC,SYC,SYC,SYC,SYC,SYC,SYC,SYC,SYC,SYC,SYC,-99.0,-99.0,Seven seas (open ocean),Africa,Eastern Africa,Sub-Saharan Africa,10.0,10.0,4.0,2.0,1.0,0.0,5.0,10.0,55.480175,-4.676659,1159321291.0,Q1042,سيشل,সেশেলস,Seychellen,Seychelles,Seychelles,سیشل,Seychelles,Σεϋχέλλες,סיישל,सेशेल्स,Seychelle-szigetek,Seychelles,Seychelles,セーシェル,세이셸,Seychellen,Seszele,Seychelles,Сейшельские Острова,Seychellerna,Seyşeller,Сейшельські Острови,سیشیلز,Seychelles,塞舌尔,塞席爾,Admin-0 country,,Admin-0 country,,,,,,,,,,,,,,,,,,,,,,,,,,,,,,,,,,,,,,,,,,,,,,,,,,,,,,,,,,,,,,,,,,,,,,,,,,,,,,,,,,,,,,,,,,,,,,,,,,,,,,,,,,,,,,,,,,,,
Admin-0 country,3,6.0,Kiribati,KIR,0.0,2.0,Sovereign country,1,Kiribati,KIR,0.0,Kiribati,KIR,0.0,Kiribati,KIR,0.0,Kiribati,Kiribati,KIR,Kiribati,,Kir.,KI,Republic of Kiribati,,Kiribati,,,Kiribati,,5.0,7.0,6.0,12.0,117606.0,9.0,2019.0,194.0,2019.0,7. Least developed region,4. Lower middle income,KR,KI,KI,KIR,KIR,296,296,296,KI,KIR,23424867.0,23424867.0,Exact WOE match as country,KIR,,KIR,KIR,KIR,KIR,KIR,KIR,KIR,KIR,KIR,KIR,KIR,KIR,KIR,KIR,KIR,KIR,KIR,KIR,KIR,KIR,KIR,KIR,KIR,KIR,KIR,KIR,KIR,KIR,KIR,KIR,KIR,KIR,-99.0,-99.0,Oceania,Oceania,Micronesia,East Asia & Pacific,8.0,8.0,4.0,2.0,1.0,0.0,5.0,10.0,-157.384577,1.820437,1159320981.0,Q710,كيريباتي,কিরিবাস,Kiribati,Kiribati,Kiribati,کیریباتی,Kiribati,Κιριμπάτι,קיריבטי,किरिबाती,Kiribati,Kiribati,Kiribati,キリバス,키리바시,Kiribati,Kiribati,Kiribati,Кирибати,Kiribati,Kiribati,Кірибаті,کیریباتی,Kiribati,基里巴斯,吉里巴斯,Admin-0 country,,Admin-0 country,,,,,,,,,,,,,,,,,,,,,,,,,,,,,,,,,,,,,,,,,,,,,,,,,,,,,,,,,,,,,,,,,,,,,,,,,,,,,,,,,,,,,,,,,,,,,,,,,,,,,,,,,,,,,,,,,,,,
Admin-0 country,5,6.0,Marshall Islands,MHL,0.0,2.0,Sovereign country,1,Marshall Islands,MHL,0.0,Marshall Islands,MHL,0.0,Marshall Islands,MHL,0.0,Marshall Islands,Marshall Islands,MHL,Marshall Is.,,M. Is.,MH,Republic of the Marshall Islands,,Marshall Islands,,,Marshall Islands,,2.0,5.0,5.0,3.0,58791.0,8.0,2019.0,221.0,2018.0,6. Developing region,4. Lower middle income,RM,MH,MH,MHL,MHL,584,584,584,MH,MHL,23424932.0,23424932.0,Exact WOE match as country,MHL,,MHL,MHL,MHL,MHL,MHL,MHL,MHL,MHL,MHL,MHL,MHL,MHL,MHL,MHL,MHL,MHL,MHL,MHL,MHL,MHL,MHL,MHL,MHL,MHL,MHL,MHL,MHL,MHL,MHL,MHL,MHL,MHL,-99.0,-99.0,Oceania,Oceania,Micronesia,East Asia & Pacific,12.0,16.0,6.0,2.0,1.0,0.0,5.0,10.0,171.193609,7.082568,1159321057.0,Q709,جزر مارشال,মার্শাল দ্বীপপুঞ্জ,Marshallinseln,Marshall Islands,Islas Marshall,جزایر مارشال,Îles Marshall,Νησιά Μάρσαλ,איי מרשל,मार्शल द्वीपसमूह,Marshall-szigetek,Kepulauan Marshall,Isole Marshall,マーシャル諸島,마셜 제도,Marshalleilanden,Wyspy Marshalla,Ilhas Marshall,Маршалловы Острова,Marshallöarna,Marshall Adaları,Маршаллові Острови,جزائر مارشل,Quần đảo Marshall,马绍尔群岛,馬紹爾群島,Admin-0 country,,Admin-0 country,,,,,,,,,,,,,,,,,,,,,,,,,,,,,,,,,,,,,,,,,,,,,,,,,,,,,,,,,,,,,,,,,,,,,,,,,,,,,,,,,,,,,,,,,,,,,,,,,,,,,,,,,,,,,,,,,,,,
Admin-0 country,3,5.0,Trinidad and Tobago,TTO,0.0,2.0,Sovereign country,1,Trinidad and Tobago,TTO,0.0,Trinidad and Tobago,TTO,0.0,Trinidad and Tobago,TTO,0.0,Trinidad and Tobago,Trinidad and Tobago,TTO,Trinidad and Tobago,,Tr.T.,TT,Republic of Trinidad and Tobago,,Trinidad and Tobago,,,Trinidad and Tobago,,5.0,6.0,2.0,5.0,1394973.0,12.0,2019.0,24269.0,2019.0,6. Developing region,2. High income: nonOECD,TD,TT,TT,TTO,TTO,780,780,780,TT,TTO,23424958.0,23424958.0,Exact WOE match as country,TTO,,TTO,TTO,TTO,TTO,TTO,TTO,TTO,TTO,TTO,TTO,TTO,TTO,TTO,TTO,TTO,TTO,TTO,TTO,TTO,TTO,TTO,TTO,TTO,TTO,TTO,TTO,TTO,TTO,TTO,TTO,TTO,TTO,-99.0,-99.0,North America,Americas,Caribbean,Latin America & Caribbean,19.0,19.0,5.0,2.0,1.0,0.0,4.5,9.5,-60.9184,10.9989,1159321321.0,Q754,ترينيداد وتوباغو,ত্রিনিদাদ ও টোবাগো,Trinidad und Tobago,Trinidad and Tobago,Trinidad y Tobago,ترینیداد و توباگو,Trinité-et-Tobago,Τρινιντάντ και Τομπάγκο,טרינידד וטובגו,त्रिनिदाद और टोबैगो,Trinidad és Tobago,Trinidad dan Tobago,Trinidad e Tobago,トリニダード・トバゴ,트리니다드 토바고,Trinidad en Tobago,Trynidad i Tobago,Trinidad e Tobago,Тринидад и Тобаго,Trinidad och Tobago,Trinidad ve Tobago,Тринідад і Тобаго,ٹرینیڈاڈ و ٹوباگو,Trinidad và Tobago,特立尼达和多巴哥,千里達及托巴哥,Admin-0 country,,Admin-0 country,,,,,,,,,,,,,,,,,,,,,,,,,,,,,,,,,,,,,,,,,,,,,,,,,,,,,,,,,,,,,,,,,,,,,,,,,,,,,,,,,,,,,,,,,,,,,,,,,,,,,,,,,,,,,,,,,,,,
Admin-0 country,3,6.0,Grenada,GRD,0.0,2.0,Sovereign country,1,Grenada,GRD,0.0,Grenada,GRD,0.0,Grenada,GRD,0.0,Grenada,Grenada,GRD,Grenada,,Gren.,GD,Grenada,,Grenada,,,Grenada,,2.0,4.0,3.0,6.0,112003.0,9.0,2019.0,1210.0,2019.0,6. Developing region,3. Upper middle income,GJ,GD,GD,GRD,GRD,308,308,308,GD,GRD,23424826.0,23424826.0,Exact WOE match as country,GRD,,GRD,GRD,GRD,GRD,GRD,GRD,GRD,GRD,GRD,GRD,GRD,GRD,GRD,GRD,GRD,GRD,GRD,GRD,GRD,GRD,GRD,GRD,GRD,GRD,GRD,GRD,GRD,GRD,GRD,GRD,GRD,GRD,-99.0,-99.0,North America,Americas,Caribbean,Latin America & Caribbean,7.0,7.0,5.0,-99.0,1.0,0.0,4.0,9.0,-61.680461,12.113156,1159320813.0,Q769,غرينادا,গ্রেনাডা,Grenada,Grenada,Granada,گرنادا,Grenade,Γρενάδα,גרנדה,ग्रेनाडा,Grenada,Grenada,Grenada,グレナダ,그레나다,Grenada,Grenada,Granada,Гренада,Grenada,Grenada,Гренада,گریناڈا,Grenada,格林纳达,格瑞那達,Admin-0 country,,Admin-0 country,,,,,,,,,,,,,,,,,,,,,,,,,,,,,,,,,,,,,,,,,,,,,,,,,,,,,,,,,,,,,,,,,,,,,,,,,,,,,,,,,,,,,,,,,,,,,,,,,,,,,,,,,,,,,,,,,,,,
Admin-0 country,3,6.0,Saint Vincent and the Grenadines,VCT,0.0,2.0,Sovereign country,1,Saint Vincent and the Grenadines,VCT,0.0,Saint Vincent and the Grenadines,VCT,0.0,Saint Vincent and the Grenadines,VCT,0.0,Saint Vincent and the Grenadines,Saint Vincent and the Grenadines,VCT,St. Vin. and Gren.,,St.V.G.,VC,Saint Vincent and the Grenadines,,Saint Vincent and the Grenadines,,,St. Vincent and the Grenadines,,1.0,1.0,5.0,7.0,110589.0,9.0,2019.0,824.0,2019.0,6. Developing region,3. Upper middle income,VC,VC,VC,VCT,VCT,670,670,670,VC,VCT,23424981.0,23424981.0,Exact WOE match as country,VCT,,VCT,VCT,VCT,VCT,VCT,VCT,VCT,VCT,VCT,VCT,VCT,VCT,VCT,VCT,VCT,VCT,VCT,VCT,VCT,VCT,VCT,VCT,VCT,VCT,VCT,VCT,VCT,VCT,VCT,VCT,VCT,VCT,-99.0,-99.0,North America,Americas,Caribbean,Latin America & Caribbean,18.0,32.0,7.0,-99.0,1.0,0.0,5.0,10.0,-61.3359,13.0879,1159321409.0,Q757,سانت فينسنت والغرينادين,সেন্ট ভিনসেন্ট ও গ্রেনাডাইন,St. Vincent und die Grenadinen,Saint Vincent and the Grenadines,San Vicente y las Granadinas,سنت وینسنت و گرنادینها,Saint-Vincent-et-les-Grenadines,Άγιος Βικέντιος και Γρεναδίνες,סנט וינסנט והגרנדינים,सन्त विन्सेण्ट और ग्रेनाडाइन्स,Saint Vincent és a Grenadine-szigetek,Saint Vincent dan Grenadine,Saint Vincent e Grenadine,セントビンセント・グレナディーン,세인트빈센트 그레나딘,Saint Vincent en de Grenadines,Saint Vincent i Grenadyny,São Vicente e Granadinas,Сент-Винсент и Гренадины,Saint Vincent och Grenadinerna,Saint Vincent ve Grenadinler,Сент-Вінсент і Гренадини,سینٹ وینسینٹ و گریناڈائنز,Saint Vincent và Grenadines,圣文森特和格林纳丁斯,聖文森及格瑞那丁,Admin-0 dependency,,Admin-0 dependency,,,,,,,,,,,,,,,,,,,,,,,,,,,,,,,,,,,,,,,,,,,,,,,,,,,,,,,,,,,,,,,,,,,,,,,,,,,,,,,,,,,,,,,,,,,,,,,,,,,,,,,,,,,,,,,,,,,,
Admin-0 country,3,5.0,Barbados,BRB,0.0,2.0,Sovereign country,1,Barbados,BRB,0.0,Barbados,BRB,0.0,Barbados,BRB,0.0,Barbados,Barbados,BRB,Barbados,,Barb.,BB,Barbados,,Barbados,,,Barbados,,4.0,1.0,5.0,3.0,287025.0,10.0,2019.0,5209.0,2019.0,6. Developing region,2. High income: nonOECD,BB,BB,BB,BRB,BRB,052,052,052,BB,BRB,23424754.0,23424754.0,Exact WOE match as country,BRB,,BRB,BRB,BRB,BRB,BRB,BRB,BRB,BRB,BRB,BRB,BRB,BRB,BRB,BRB,BRB,BRB,BRB,BRB,BRB,URY,BRB,BRB,BRB,BRB,BRB,BRB,BRB,BRB,BRB,BRB,BRB,BRB,-99.0,-99.0,North America,Americas,Caribbean,Latin America & Caribbean,8.0,8.0,5.0,3.0,1.0,0.0,4.5,9.5,-59.568966,13.163709,1159320449.0,Q244,باربادوس,বার্বাডোস,Barbados,Barbados,Barbados,باربادوس,Barbade,Μπαρμπάντος,ברבדוס,बारबाडोस,Barbados,Barbados,Barbados,バルバドス,바베이도스,Barbados,Barbados,Barbados,Барбадос,Barbados,Barbados,Барбадос,بارباڈوس,Barbados,巴巴多斯,巴貝多,Admin-0 country,,Admin-0 country,,,,,,,,,,,,,,,,,,,,,,,,,,,,,,,,,,,,,,,,,,,,,,,,,,,,,,,,,,,,,,,,,,,,,,,,,,,,,,,,,,,,,,,,,,,,,,,,,,,,,,,,,,,,,,,,,,,,
Admin-0 country,3,6.0,Saint Lucia,LCA,0.0,2.0,Sovereign country,1,Saint Lucia,LCA,0.0,Saint Lucia,LCA,0.0,Saint Lucia,LCA,0.0,Saint Lucia,Saint Lucia,LCA,Saint Lucia,,S.L.,LC,Saint Lucia,,Saint Lucia,,,St. Lucia,,3.0,4.0,3.0,4.0,182790.0,9.0,2019.0,2122.0,2019.0,6. Developing region,3. Upper middle income,ST,LC,LC,LCA,LCA,662,662,662,LC,LCA,23424951.0,23424951.0,Exact WOE match as country,LCA,,LCA,LCA,LCA,LCA,LCA,LCA,LCA,LCA,LCA,LCA,LCA,LCA,LCA,LCA,LCA,LCA,LCA,LCA,LCA,LCA,LCA,LCA,LCA,LCA,LCA,LCA,LCA,LCA,LCA,LCA,LCA,LCA,-99.0,-99.0,North America,Americas,Caribbean,Latin America & Caribbean,11.0,11.0,4.0,4.0,1.0,0.0,5.0,9.5,-60.980094,13.892371,1159321019.0,Q760,سانت لوسيا,সেন্ট লুসিয়া,St. Lucia,Saint Lucia,Santa Lucía,سنت لوسیا,Sainte-Lucie,Αγία Λουκία,סנט לוסיה,सेंट लूसिया,Saint Lucia,Saint Lucia,Saint Lucia,セントルシア,세인트루시아,Saint Lucia,Saint Lucia,Santa Lúcia,Сент-Люсия,Saint Lucia,Saint Lucia,Сент-Люсія,سینٹ لوسیا,Saint Lucia,圣卢西亚,聖露西亞,Admin-0 country,,Admin-0 country,,,,,,,,,,,,,,,,,,,,,,,,,,,,,,,,,,,,,,,,,,,,,,,,,,,,,,,,,,,,,,,,,,,,,,,,,,,,,,,,,,,,,,,,,,,,,,,,,,,,,,,,,,,,,,,,,,,,
Admin-0 country,3,6.0,Dominica,DMA,0.0,2.0,Sovereign country,1,Dominica,DMA,0.0,Dominica,DMA,0.0,Dominica,DMA,0.0,Dominica,Dominica,DMA,Dominica,,D'inca,DM,Commonwealth of Dominica,,Dominica,,,Dominica,,4.0,5.0,2.0,12.0,71808.0,8.0,2019.0,582.0,2019.0,6. Developing region,3. Upper middle income,DO,DM,DM,DMA,DMA,212,212,212,DM,DMA,23424798.0,23424798.0,Exact WOE match as country,DMA,,DMA,DMA,DMA,DMA,DMA,DMA,DMA,DMA,DMA,DMA,DMA,DMA,DMA,DMA,DMA,DMA,DMA,DMA,DMA,DMA,DMA,DMA,DMA,DMA,DMA,DMA,DMA,DMA,DMA,DMA,DMA,DMA,-99.0,-99.0,North America,Americas,Caribbean,Latin America & Caribbean,8.0,8.0,6.0,4.0,1.0,0.0,4.0,9.0,-61.344958,15.458829,1159320543.0,Q784,دومينيكا,ডোমিনিকা,Dominica,Dominica,Dominica,دومینیکا,Dominique,Δομινίκα,דומיניקה,डोमिनिका,Dominikai Közösség,Dominika,Dominica,ドミニカ国,도미니카 연방,Dominica,Dominika,Dominica,Доминика,Dominica,Dominika,Домініка,ڈومینیکا,Dominica,多米尼克,多米尼克,Admin-0 country,,Admin-0 country,,,,,,,,,,,,,,,,,,,,,,,,,,,,,,,,,,,,,,,,,,,,,,,,,,,,,,,,,,,,,,,,,,,,,,,,,,,,,,,,,,,,,,,,,,,,,,,,,,,,,,,,,,,,,,,,,,,,
Admin-0 country,5,5.0,United States of America,US1,1.0,2.0,Dependency,1,United States Minor Outlying Islands,UMI,0.0,United States Minor Outlying Islands,UMI,0.0,United States Minor Outlying Islands,UMI,0.0,U.S. Minor Outlying Islands,United States Minor Outlying Islands,UMI,U.S. Minor Outlying Is.,,U.S. MOI,UM,,,,U.S.A.,,United States Minor Outlying Islands,,4.0,5.0,1.0,1.0,300.0,2.0,2017.0,0.0,2019.0,7. Least developed region,5. Low income,-99,UM,UM,UMI,UMI,581,581,-099,-99,-99,28289407.0,28289407.0,Exact WOE match as country,UMI,,UMI,UMI,UMI,UMI,UMI,UMI,UMI,UMI,UMI,UMI,UMI,UMI,UMI,UMI,UMI,UMI,UMI,UMI,UMI,UMI,UMI,UMI,UMI,UMI,UMI,UMI,UMI,UMI,UMI,UMI,UMI,UMI,-99.0,-99.0,North America,Oceania,Seven seas (open ocean),East Asia & Pacific,23.0,36.0,8.0,-99.0,-99.0,0.0,7.0,11.0,166.644535,19.285663,1159321367.0,Q16645,جزر الولايات المتحدة الصغيرة النائية,মার্কিন যুক্তরাষ্ট্র পার্শ্ববর্তী ক্ষুদ্র দ্বীপপুঞ্জ,United States Minor Outlying Islands,United States Minor Outlying Islands,Islas ultramarinas de Estados Unidos,جزایر کوچک حاشیهای ایالات متحده,Îles mineures éloignées des États-Unis,Απομακρυσμένες Νησίδες των Ηνωμένων Πολιτειών,"האיים החיצוניים הקטנים של ארה""ב",संयुक्त राज्य अमेरिका के छोटे दूरस्थ द्वीपसमूह,Az Amerikai Egyesült Államok lakatlan külbirtokai,Kepulauan Terluar Kecil Amerika Serikat,Isole minori esterne degli Stati Uniti d'America,合衆国領有小離島,미국령 군소 제도,Kleine afgelegen eilanden van de Verenigde Staten,Dalekie Wyspy Mniejsze Stanów Zjednoczonych,Ilhas Menores Distantes dos Estados Unidos,Внешние малые острова США,Förenta staternas mindre öar i Oceanien och Västindien,United States Minor Outlying Islands,Зовнішні малі острови США,امریکی چھوٹے بیرونی جزائر,Các tiểu đảo xa của Hoa Kỳ,美国本土外小岛屿,美國本土外小島嶼,Admin-0 dependency,,Admin-0 dependency,,,,,,,,,,,,,,,,,,,,,,,,,,,,,,,,,,,,,,,,,,,,,,,,,,,,,,,,,,,,,,,,,,,,,,,,,,,,,,,,,,,,,,,,,,,,,,,,,,,,,,,,,,,,,,,,,,,,
Admin-0 country,3,6.0,United Kingdom,GB1,1.0,2.0,Dependency,1,Montserrat,MSR,0.0,Montserrat,MSR,0.0,Montserrat,MSR,0.0,Montserrat,Montserrat,MSR,Montserrat,,Monts.,MS,,,Montserrat,U.K.,,Montserrat,,6.0,6.0,6.0,3.0,4649.0,4.0,2019.0,44.0,2006.0,6. Developing region,4. Lower middle income,MH,MS,MS,MSR,MSR,500,500,500,-99,-99,23424888.0,23424888.0,Exact WOE match as country,MSR,,MSR,MSR,MSR,MSR,MSR,MSR,MSR,MSR,MSR,MSR,MSR,MSR,MSR,MSR,MSR,MSR,MSR,MSR,MSR,MSR,MSR,MSR,MSR,MSR,MSR,MSR,MSR,MSR,MSR,MSR,MSR,MSR,-99.0,-99.0,North America,Americas,Caribbean,Latin America & Caribbean,10.0,10.0,6.0,6.0,-99.0,0.0,5.0,10.0,-62.188252,16.73717,1159320727.0,Q13353,مونتسرات,মন্টসেরাট,Montserrat,Montserrat,Montserrat,مونتسرات,Montserrat,Μοντσερράτ,מונטסראט,मॉण्टसेराट,Montserrat,Montserrat,Montserrat,モントセラト,몬트세랫,Montserrat,Montserrat,Montserrat,Монтсеррат,Montserrat,Montserrat,Монтсеррат,مانٹسریٹ,Montserrat,蒙特塞拉特,蒙哲臘,Admin-0 dependency,,Admin-0 dependency,,,,,,,,,,,,,,,,,,,,,,,,,,,,,,,,,,,,,,,,,,,,,,,,,,,,,,,,,,,,,,,,,,,,,,,,,,,,,,,,,,,,,,,,,,,,,,,,,,,,,,,,,,,,,,,,,,,,
Admin-0 country,3,6.0,Antigua and Barbuda,ATG,0.0,2.0,Sovereign country,1,Antigua and Barbuda,ATG,0.0,Antigua and Barbuda,ATG,0.0,Antigua and Barbuda,ATG,0.0,Antigua and Barbuda,Antigua and Barbuda,ATG,Antigua and Barb.,,Ant.B.,AG,Antigua and Barbuda,,Antigua and Barbuda,,,Antigua and Barbuda,,2.0,2.0,5.0,5.0,97118.0,8.0,2019.0,1661.0,2019.0,6. Developing region,3. Upper middle income,AC,AG,AG,ATG,ATG,028,028,028,AG,ATG,23424737.0,23424737.0,Exact WOE match as country,ATG,,ATG,ATG,ATG,ATG,ATG,ATG,ATG,ATG,ATG,ATG,ATG,ATG,ATG,ATG,ATG,ATG,ATG,ATG,ATG,ATG,ATG,ATG,ATG,ATG,ATG,ATG,ATG,ATG,ATG,ATG,ATG,ATG,-99.0,-99.0,North America,Americas,Caribbean,Latin America & Caribbean,17.0,19.0,6.0,4.0,1.0,0.0,5.0,9.5,-61.790612,17.352249,1159320345.0,Q781,أنتيغوا وباربودا,অ্যান্টিগুয়া ও বার্বুডা,Antigua und Barbuda,Antigua and Barbuda,Antigua y Barbuda,آنتیگوا و باربودا,Antigua-et-Barbuda,Αντίγκουα και Μπαρμπούντα,אנטיגואה וברבודה,अण्टीगुआ और बारबूडा,Antigua és Barbuda,Antigua dan Barbuda,Antigua e Barbuda,アンティグア・バーブーダ,앤티가 바부다,Antigua en Barbuda,Antigua i Barbuda,Antígua e Barbuda,Антигуа и Барбуда,Antigua och Barbuda,Antigua ve Barbuda,Антигуа і Барбуда,اینٹیگوا و باربوڈا,Antigua và Barbuda,安提瓜和巴布达,安地卡及巴布達,Admin-0 country,,Admin-0 country,,,,,,,,,,,,,,,,,,,,,,,,,,,,,,,,,,,,,,,,,,,,,,,,,,,,,,,,,,,,,,,,,,,,,,,,,,,,,,,,,,,,,,,,,,,,,,,,,,,,,,,,,,,,,,,,,,,,
Admin-0 country,3,6.0,Saint Kitts and NevisSaint Kitts and Nevis,KNA,0.0,2.0,Sovereign country,1,Saint Kitts and Nevis,KNA,0.0,Saint Kitts and Nevis,KNA,0.0,Saint Kitts and Nevis,KNA,0.0,Saint Kitts and Nevis,Saint Kitts and Nevis,KNA,Saint Kitts and Nevis,,St.K.N.,KN,Federation of Saint Kitts and Nevis,,Saint Kitts and Nevis,,,St. Kitts and Nevis,,1.0,4.0,1.0,8.0,52834.0,8.0,2019.0,1053.0,2019.0,6. Developing region,2. High income: nonOECD,SC,KN,KN,KNA,KNA,659,659,659,KN,KNA,23424940.0,23424940.0,Exact WOE match as country,KNA,,KNA,KNA,KNA,KNA,KNA,KNA,KNA,KNA,KNA,KNA,KNA,KNA,KNA,KNA,KNA,KNA,KNA,KNA,KNA,KNA,KNA,KNA,KNA,KNA,KNA,KNA,KNA,KNA,KNA,KNA,KNA,KNA,-99.0,-99.0,North America,Americas,Caribbean,Latin America & Caribbean,19.0,21.0,7.0,4.0,1.0,0.0,5.0,10.0,-62.757975,17.336558,1159320983.0,Q763,سانت كيتس ونيفيس,সেন্ট কিট্স ও নেভিস,St. Kitts und Nevis,Saint Kitts and Nevis,San Cristóbal y Nieves,سنت کیتس و نویس,Saint-Christophe-et-Niévès,Άγιος Χριστόφορος και Νέβις,סנט קיטס ונוויס,सन्त किट्स और नेविस,Saint Kitts és Nevis,Saint Kitts dan Nevis,Saint Kitts e Nevis,セントクリストファー・ネイビス,세인트키츠 네비스,Saint Kitts en Nevis,Saint Kitts i Nevis,São Cristóvão e Nevis,Сент-Китс и Невис,Saint Kitts och Nevis,Saint Kitts ve Nevis,Сент-Кіттс і Невіс,سینٹ کیٹز و ناویس,Saint Kitts và Nevis,圣基茨和尼维斯,聖克里斯多福與尼維斯,Admin-0 country,,Admin-0 country,,,,,,,,,,,,,,,,,,,,,,,,,,,,,,,,,,,,,,,,,,,,,,,,,,,,,,,,,,,,,,,,,,,,,,,,,,,,,,,,,,,,,,,,,,,,,,,,,,,,,,,,,,,,,,,,,,,,
Admin-0 country,3,6.0,United States of America,US1,1.0,2.0,Dependency,1,United States Virgin Islands,VIR,0.0,United States Virgin Islands,VIR,0.0,United States Virgin Islands,VIR,0.0,U.S. Virgin Islands,United States Virgin Islands,VIR,U.S. Virgin Is.,,V.I. (U.S.),VI,Virgin Islands of the United States,,Virgin Islands,U.S.A.,,Virgin Islands (U.S.),,4.0,5.0,1.0,1.0,106631.0,9.0,2019.0,3855.0,2017.0,6. Developing region,2. High income: nonOECD,VQ,VI,VI,VIR,VIR,850,850,850,VI,VIR,23424985.0,23424985.0,Exact WOE match as country,VIR,,VIR,VIR,VIR,VIR,VIR,VIR,VIR,VIR,VIR,VIR,VIR,VIR,VIR,VIR,VIR,VIR,VIR,VIR,VIR,VIR,VIR,VIR,VIR,VIR,VIR,VIR,VIR,VIR,VIR,VIR,VIR,VIR,-99.0,-99.0,North America,Americas,Caribbean,Latin America & Caribbean,15.0,28.0,11.0,3.0,-99.0,0.0,5.0,10.0,-64.779172,17.746706,1159321371.0,Q11703,جزر العذراء الأمريكية,মার্কিন ভার্জিন দ্বীপপুঞ্জ,Amerikanische Jungferninseln,United States Virgin Islands,Islas Vírgenes de los Estados Unidos,جزایر ویرجین ایالات متحده,îles Vierges des États-Unis,Αμερικανικές Παρθένοι Νήσοι,איי הבתולה של ארצות הברית,संयुक्त राज्य वर्जिन द्वीपसमूह,Amerikai Virgin-szigetek,Kepulauan Virgin Amerika Serikat,Isole Vergini americane,アメリカ領ヴァージン諸島,미국령 버진아일랜드,Amerikaanse Maagdeneilanden,Wyspy Dziewicze Stanów Zjednoczonych,Ilhas Virgens Americanas,Американские Виргинские острова,Amerikanska Jungfruöarna,ABD Virjin Adaları,Американські Віргінські Острови,امریکی جزائر ورجن,Quần đảo Virgin thuộc Mỹ,美属维尔京群岛,美屬維京群島,Admin-0 dependency,,Admin-0 dependency,,,,,,,,,,,,,,,,,,,,,,,,,,,,,,,,,,,,,,,,,,,,,,,,,,,,,,,,,,,,,,,,,,,,,,,,,,,,,,,,,,,,,,,,,,,,,,,,,,,,,,,,,,,,,,,,,,,,
Admin-0 country,6,6.0,France,FR1,1.0,2.0,Dependency,1,Saint Barthelemy,BLM,0.0,Saint Barthelemy,BLM,0.0,Saint Barthelemy,BLM,0.0,Saint-Barthélemy,Saint-Barthélemy,BLM,St-Barthélemy,,St. B.,BL,Saint-Barthélemy,,Saint Barthelemy,Fr.,,St-Barthélemy,,7.0,5.0,9.0,11.0,9961.0,5.0,2017.0,255.0,2016.0,2. Developed region: nonG7,1. High income: OECD,TB,BL,BL,BLM,BLM,652,652,652,-99,-99,56042304.0,56042304.0,Exact WOE match as country,BLM,,BLM,BLM,BLM,BLM,BLM,BLM,BLM,BLM,BLM,BLM,BLM,BLM,BLM,BLM,BLM,BLM,BLM,BLM,BLM,BLM,BLM,BLM,BLM,BLM,BLM,BLM,BLM,BLM,BLM,BLM,BLM,BLM,-99.0,-99.0,North America,Americas,Caribbean,Latin America & Caribbean,13.0,16.0,6.0,4.0,-99.0,0.0,5.7,10.0,-62.833193,17.901987,1159320633.0,Q25362,سان بارتيلمي,সেন্ট-বার্থেলেমি,Saint-Barthélemy,Saint Barthélemy,San Bartolomé,سنت بارثلمی,Saint-Barthélemy,Άγιος Βαρθολομαίος,סן ברתלמי,सेंट बार्थेलेमी,Saint-Barthélemy,Saint-Barthélemy,Saint-Barthélemy,サン・バルテルミー島,생바르텔레미,Saint-Barthélemy,Saint-Barthélemy,Coletividade de São Bartolomeu,Сен-Бартелеми,Saint-Barthélemy,Saint Barthélemy,Сен-Бартельмі,سینٹ بارتھیملے,Saint-Barthélemy,圣巴泰勒米,聖巴瑟米,Admin-0 dependency,,Admin-0 dependency,,,,,,,,,,,,,,,,,,,,,,,,,,,,,,,,,,,,,,,,,,,,,,,,,,,,,,,,,,,,,,,,,,,,,,,,,,,,,,,,,,,,,,,,,,,,,,,,,,,,,,,,,,,,,,,,,,,,
Admin-0 country,1,5.0,United States of America,US1,1.0,2.0,Dependency,1,Puerto Rico,PRI,0.0,Puerto Rico,PRI,0.0,Puerto Rico,PRI,0.0,Puerto Rico,Puerto Rico,PRI,Puerto Rico,,P.R.,PR,Commonwealth of Puerto Rico,,Puerto Rico,U.S.A.,,Puerto Rico,,4.0,5.0,1.0,1.0,3193694.0,12.0,2019.0,104988.0,2019.0,6. Developing region,2. High income: nonOECD,RQ,PR,PR,PRI,PRI,630,630,630,PR,PRI,23424935.0,23424935.0,Exact WOE match as country,PRI,,PRI,PRI,PRI,PRI,PRI,PRI,PRI,PRI,PRI,PRI,PRI,PRI,PRI,PRI,PRI,PRI,PRI,PRI,PRI,PRI,PRI,PRI,PRI,PRI,PRI,PRI,PRI,PRI,PRI,PRI,PRI,PRI,-99.0,-99.0,North America,Americas,Caribbean,Latin America & Caribbean,11.0,11.0,4.0,-99.0,-99.0,0.0,3.0,8.0,-66.481065,18.234668,1159321363.0,Q1183,بورتوريكو,পুয়ের্তো রিকো,Puerto Rico,Puerto Rico,Puerto Rico,پورتوریکو,Porto Rico,Πουέρτο Ρίκο,פוארטו ריקו,पोर्टो रीको,Puerto Rico,Puerto Riko,Porto Rico,プエルトリコ,푸에르토리코,Puerto Rico,Portoryko,Porto Rico,Пуэрто-Рико,Puerto Rico,Porto Riko,Пуерто-Рико,پورٹو ریکو,Puerto Rico,波多黎各,波多黎各,Admin-0 dependency,,Admin-0 dependency,,,,,,,,,,,,,,,,,,,,,,,,,,,,,,,,,,,,,,,,,,,,,,,,,,,,,,,,,,,,,,,,,,,,,,,,,,,,,,,,,,,,,,,,,,,,,,,,,,,,,,,,,,,,,,,,,,,,
Admin-0 country,3,6.0,United Kingdom,GB1,1.0,2.0,Dependency,1,Anguilla,AIA,0.0,Anguilla,AIA,0.0,Anguilla,AIA,0.0,Anguilla,Anguilla,AIA,Anguilla,,Ang.,AI,,,Anguilla,U.K.,,Anguilla,,6.0,6.0,6.0,3.0,14731.0,6.0,2018.0,175.0,2009.0,6. Developing region,3. Upper middle income,AV,AI,AI,AIA,AIA,660,660,660,-99,-99,23424751.0,23424751.0,Exact WOE match as country,AIA,,AIA,AIA,AIA,AIA,AIA,AIA,AIA,AIA,AIA,AIA,AIA,AIA,AIA,AIA,AIA,AIA,AIA,AIA,AIA,AIA,AIA,AIA,AIA,AIA,AIA,AIA,AIA,AIA,AIA,AIA,AIA,AIA,-99.0,-99.0,North America,Americas,Caribbean,Latin America & Caribbean,8.0,8.0,4.0,-99.0,-99.0,0.0,5.0,10.0,-63.026361,18.242979,1159320703.0,Q25228,أنغويلا,এ্যাঙ্গুইলা,Anguilla,Anguilla,Anguila,آنگویلا,Anguilla,Ανγκουίλα,אנגווילה,अंगुइला,Anguilla,Anguilla,Anguilla,アンギラ,앵귈라,Anguilla,Anguilla,Anguilla,Ангилья,Anguilla,Anguilla,Ангілья,اینگویلا,Anguilla,安圭拉,安吉拉,Admin-0 dependency,,Admin-0 dependency,,,,,,,,,,,,,,,,,,,,,,,,,,,,,,,,,,,,,,,,,,,,,,,,,,,,,,,,,,,,,,,,,,,,,,,,,,,,,,,,,,,,,,,,,,,,,,,,,,,,,,,,,,,,,,,,,,,,
Admin-0 country,3,6.0,United Kingdom,GB1,1.0,2.0,Dependency,1,British Virgin Islands,VGB,0.0,British Virgin Islands,VGB,0.0,British Virgin Islands,VGB,0.0,British Virgin Islands,British Virgin Islands,VGB,British Virgin Is.,,V.I. (Br.),VG,British Virgin Islands,,British Virgin Islands,U.K.,,British Virgin Islands,,6.0,6.0,6.0,3.0,30030.0,7.0,2019.0,500.0,2017.0,2. Developed region: nonG7,1. High income: OECD,VI,VG,VG,VGB,VGB,092,092,092,-99,-99,23424983.0,23424983.0,Exact WOE match as country,VGB,,VGB,VGB,VGB,VGB,VGB,VGB,VGB,VGB,VGB,VGB,VGB,VGB,VGB,VGB,VGB,VGB,VGB,VGB,VGB,VGB,VGB,VGB,VGB,VGB,VGB,VGB,VGB,VGB,VGB,VGB,VGB,VGB,-99.0,-99.0,North America,Americas,Caribbean,Latin America & Caribbean,18.0,22.0,10.0,3.0,-99.0,0.0,5.0,9.5,-64.63661,18.426606,1159320739.0,Q25305,جزر العذراء البريطانية,ব্রিটিশ ভার্জিন দ্বীপপুঞ্জ,Britische Jungferninseln,British Virgin Islands,Islas Vírgenes Británicas,جزایر ویرجین بریتانیا,îles Vierges britanniques,Βρετανικές Παρθένοι Νήσοι,איי הבתולה הבריטיים,ब्रिटिश वर्जिन द्वीपसमूह,Brit Virgin-szigetek,Kepulauan Virgin Britania Raya,Isole Vergini britanniche,イギリス領ヴァージン諸島,영국령 버진아일랜드,Britse Maagdeneilanden,Brytyjskie Wyspy Dziewicze,Ilhas Virgens Britânicas,Британские Виргинские острова,Brittiska Jungfruöarna,Britanya Virjin Adaları,Британські Віргінські острови,برطانوی جزائر ورجن,Quần đảo Virgin thuộc Anh,英属维尔京群岛,英屬維京群島,Admin-0 dependency,,Admin-0 dependency,,,,,,,,,,,,,,,,,,,,,,,,,,,,,,,,,,,,,,,,,,,,,,,,,,,,,,,,,,,,,,,,,,,,,,,,,,,,,,,,,,,,,,,,,,,,,,,,,,,,,,,,,,,,,,,,,,,,
Admin-0 country,1,4.0,Jamaica,JAM,0.0,2.0,Sovereign country,1,Jamaica,JAM,0.0,Jamaica,JAM,0.0,Jamaica,JAM,0.0,Jamaica,Jamaica,JAM,Jamaica,,Jam.,J,Jamaica,,Jamaica,,,Jamaica,,1.0,2.0,4.0,10.0,2948279.0,12.0,2019.0,16458.0,2019.0,6. Developing region,3. Upper middle income,JM,JM,JM,JAM,JAM,388,388,388,JM,JAM,23424858.0,23424858.0,Exact WOE match as country,JAM,,JAM,JAM,JAM,JAM,JAM,JAM,JAM,JAM,JAM,JAM,JAM,JAM,JAM,JAM,JAM,JAM,JAM,JAM,JAM,JAM,JAM,JAM,JAM,JAM,JAM,JAM,JAM,JAM,JAM,JAM,JAM,JAM,-99.0,-99.0,North America,Americas,Caribbean,Latin America & Caribbean,7.0,7.0,4.0,-99.0,1.0,0.0,4.0,9.0,-77.318767,18.137124,1159320931.0,Q766,جامايكا,জ্যামাইকা,Jamaika,Jamaica,Jamaica,جامائیکا,Jamaïque,Τζαμάικα,ג'מייקה,जमैका,Jamaica,Jamaika,Giamaica,ジャマイカ,자메이카,Jamaica,Jamajka,Jamaica,Ямайка,Jamaica,Jamaika,Ямайка,جمیکا,Jamaica,牙买加,牙買加,Admin-0 country,,Admin-0 country,,,,,,,,,,,,,,,,,,,,,,,,,,,,,,,,,,,,,,,,,,,,,,,,,,,,,,,,,,,,,,,,,,,,,,,,,,,,,,,,,,,,,,,,,,,,,,,,,,,,,,,,,,,,,,,,,,,,
Admin-0 country,3,5.0,United Kingdom,GB1,1.0,2.0,Dependency,1,Cayman Islands,CYM,0.0,Cayman Islands,CYM,0.0,Cayman Islands,CYM,0.0,Cayman Islands,Cayman Islands,CYM,Cayman Islands,,Cym. Is.,KY,Cayman Islands,,Cayman Islands,U.K.,,Cayman Islands,,6.0,6.0,6.0,3.0,64948.0,8.0,2019.0,5517.0,2018.0,5. Emerging region: G20,2. High income: nonOECD,CJ,KY,KY,CYM,CYM,136,136,136,KY,CYM,23424783.0,23424783.0,Exact WOE match as country,CYM,,CYM,CYM,CYM,CYM,CYM,CYM,CYM,CYM,CYM,CYM,CYM,CYM,CYM,CYM,CYM,CYM,CYM,CYM,CYM,CYM,CYM,CYM,CYM,CYM,CYM,CYM,CYM,CYM,CYM,CYM,CYM,CYM,-99.0,-99.0,North America,Americas,Caribbean,Latin America & Caribbean,10.0,14.0,8.0,2.0,-99.0,0.0,5.0,9.5,-81.24055,19.319862,1159320707.0,Q5785,جزر كايمان,কেইম্যান দ্বীপপুঞ্জ,Cayman Islands,Cayman Islands,Islas Caimán,جزایر کیمن,îles Caïmans,Νησιά Καϋμάν,איי קיימן,केमन द्वीपसमूह,Kajmán-szigetek,Kepulauan Cayman,Isole Cayman,ケイマン諸島,케이맨 제도,Kaaimaneilanden,Kajmany,Ilhas Caimão,острова Кайман,Caymanöarna,Cayman Adaları,Кайманові острови,جزائر کیمین,Quần đảo Cayman,开曼群岛,開曼群島,Admin-0 dependency,,Admin-0 dependency,,,,,,,,,,,,,,,,,,,,,,,,,,,,,,,,,,,,,,,,,,,,,,,,,,,,,,,,,,,,,,,,,,,,,,,,,,,,,,,,,,,,,,,,,,,,,,,,,,,,,,,,,,,,,,,,,,,,
Admin-0 country,5,6.0,United Kingdom,GB1,1.0,2.0,Dependency,1,Bermuda,BMU,0.0,Bermuda,BMU,0.0,Bermuda,BMU,0.0,Bermuda,Bermuda,BMU,Bermuda,,Berm.,BM,The Bermudas or Somers Isles,,Bermuda,U.K.,,Bermuda,,6.0,6.0,6.0,3.0,63918.0,8.0,2019.0,7484.0,2019.0,2. Developed region: nonG7,2. High income: nonOECD,BD,BM,BM,BMU,BMU,060,060,060,BM,BMU,23424756.0,23424756.0,Exact WOE match as country,BMU,,BMU,BMU,BMU,BMU,BMU,BMU,BMU,BMU,BMU,BMU,BMU,BMU,BMU,BMU,BMU,BMU,BMU,BMU,BMU,BMU,BMU,BMU,BMU,BMU,BMU,BMU,BMU,BMU,BMU,BMU,BMU,BMU,-99.0,-99.0,North America,Americas,Northern America,North America,7.0,7.0,5.0,4.0,-99.0,0.0,4.0,9.0,-64.763573,32.296592,1159320705.0,Q23635,برمودا,বারমুডা,Bermuda,Bermuda,Bermudas,برمودا,Bermudes,Βερμούδες,ברמודה,बरमूडा,Bermuda,Bermuda,Bermuda,バミューダ諸島,버뮤다,Bermuda,Bermudy,Bermudas,Бермудские Острова,Bermuda,Bermuda,Бермудські острови,برمودا,Bermuda,百慕大,百慕達,Admin-0 dependency,,Admin-0 dependency,,,,,,,,,,,,,,,,,,,,,,,,,,,,,,,,,,,,,,,,,,,,,,,,,,,,,,,,,,,,,,,,,,,,,,,,,,,,,,,,,,,,,,,,,,,,,,,,,,,,,,,,,,,,,,,,,,,,
Admin-0 country,5,5.0,Australia,AU1,1.0,2.0,Dependency,1,Heard Island and McDonald Islands,HMD,0.0,Heard Island and McDonald Islands,HMD,0.0,Heard Island and McDonald Islands,HMD,0.0,Heard Island and McDonald Islands,Heard I. and McDonald Islands,HMD,Heard I. and McDonald Is.,,H.M.Is.,HM,Territory of Heard Island and McDonald Islands,,,Auz.,,Heard Island and McDonald Islands,,1.0,2.0,2.0,7.0,0.0,1.0,2019.0,0.0,2016.0,7. Least developed region,5. Low income,HM,HM,HM,HMD,HMD,334,334,-099,-99,-99,28289411.0,28289411.0,Exact WOE match as country,HMD,,HMD,HMD,HMD,HMD,HMD,HMD,HMD,HMD,HMD,HMD,HMD,HMD,HMD,HMD,HMD,HMD,HMD,HMD,HMD,HMD,HMD,HMD,HMD,HMD,HMD,HMD,HMD,HMD,HMD,HMD,HMD,HMD,-99.0,-99.0,Seven seas (open ocean),Africa,Seven seas (open ocean),Sub-Saharan Africa,25.0,29.0,7.0,-99.0,-99.0,0.0,4.5,9.5,73.50521,-53.103462,1159320361.0,Q131198,جزيرة هيرد وجزر ماكدونالد,হার্ড দ্বীপ এবং ম্যাকডোনাল্ড দ্বীপপুঞ্জ,Heard und McDonaldinseln,Heard Island and McDonald Islands,Islas Heard y McDonald,جزیره هرد و جزایر مکدونالد,îles Heard-et-MacDonald,Νήσοι Χερντ και Μακντόναλντ,האי הרד ואיי מקדונלד,हर्ड द्वीप और मैकडोनाल्ड द्वीप,Heard-sziget és McDonald-szigetek,Pulau Heard dan Kepulauan McDonald,Isole Heard e McDonald,ハード島とマクドナルド諸島,허드 맥도널드 제도,Heard en McDonaldeilanden,Wyspy Heard i McDonalda,Ilha Heard e Ilhas McDonald,Остров Херд и острова Макдональд,Heard- och McDonaldöarna,Heard Adası ve McDonald Adaları,Острів Герд і острови Макдональд,جزیرہ ہرڈ و جزائر مکڈونلڈ,Đảo Heard và quần đảo McDonald,赫德岛和麦克唐纳群岛,赫德島和麥克唐納群島,Admin-0 dependency,,Admin-0 dependency,,,,,,,,,,,,,,,,,,,,,,,,,,,,,,,,,,,,,,,,,,,,,,,,,,,,,,,,,,,,,,,,,,,,,,,,,,,,,,,,,,,,,,,,,,,,,,,,,,,,,,,,,,,,,,,,,,,,
Admin-0 country,5,6.0,United Kingdom,GB1,1.0,2.0,Dependency,1,Saint Helena,SHN,0.0,Saint Helena,SHN,0.0,Saint Helena,SHN,0.0,Saint Helena,Saint Helena,SHN,Saint Helena,,St.H.,SH,,,"Saint Helena, Ascension, and Tristan da Cunha",U.K.,,St. Helena,,6.0,6.0,6.0,3.0,4534.0,4.0,2016.0,31.0,2010.0,6. Developing region,4. Lower middle income,SH,SH,SH,SHN,SHN,654,654,654,-99,-99,23424944.0,23424944.0,Exact WOE match as country,SHN,,SHN,SHN,SHN,SHN,SHN,SHN,SHN,SHN,SHN,SHN,SHN,SHN,SHN,SHN,SHN,SHN,SHN,SHN,SHN,SHN,SHN,SHN,SHN,SHN,SHN,SHN,SHN,SHN,SHN,SHN,SHN,SHN,-99.0,-99.0,Seven seas (open ocean),Africa,Western Africa,Sub-Saharan Africa,12.0,12.0,5.0,-99.0,-99.0,0.0,5.0,10.0,-5.71262,-15.950487,1159320733.0,Q34497,سانت هيلينا,সেন্ট হেলেনা,St. Helena,Saint Helena,Isla Santa Elena,سینت هلینا,Sainte-Hélène,Νήσος Αγίας Ελένης,סנט הלנה,सन्त हेलेना,Szent Ilona,Saint Helena,Sant'Elena,セントヘレナ,세인트헬레나,Sint-Helena,Wyspa Świętej Heleny,Santa Helena,Остров Святой Елены,Sankta Helena,Saint Helena,Острів Святої Єлени,سینٹ ہلینا,Saint Helena,圣赫勒拿,聖赫勒拿,Admin-0 dependency,,Admin-0 dependency,,,,,,,,,,,,,,,,,,,,,,,,,,,,,,,,,,,,,,,,,,,,,,,,,,,,,,,,,,,,,,,,,,,,,,,,,,,,,,,,,,,,,,,,,,,,,,,,,,,,,,,,,,,,,,,,,,,,
Admin-0 country,3,5.0,Mauritius,MUS,0.0,2.0,Sovereign country,1,Mauritius,MUS,0.0,Mauritius,MUS,0.0,Mauritius,MUS,0.0,Mauritius,Mauritius,MUS,Mauritius,,Mus.,MU,Republic of Mauritius,,Mauritius,,,Mauritius,,1.0,3.0,5.0,7.0,1265711.0,12.0,2019.0,14048.0,2019.0,6. Developing region,3. Upper middle income,MP,MU,MU,MUS,MUS,480,480,480,MU,MUS,23424894.0,23424894.0,Exact WOE match as country,MUS,,MUS,MUS,MUS,MUS,MUS,MUS,MUS,MUS,MUS,MUS,MUS,MUS,MUS,MUS,MUS,MUS,MUS,MUS,MUS,MUS,MUS,MUS,MUS,MUS,MUS,MUS,MUS,MUS,MUS,MUS,MUS,MUS,-99.0,-99.0,Seven seas (open ocean),Africa,Eastern Africa,Sub-Saharan Africa,9.0,9.0,4.0,2.0,1.0,0.0,4.0,9.0,57.565848,-20.299506,1159321079.0,Q1027,موريشيوس,মরিশাস,Mauritius,Mauritius,Mauricio,موریس,Maurice,Μαυρίκιος,מאוריציוס,मॉरिशस,Mauritius,Mauritius,Mauritius,モーリシャス,모리셔스,Mauritius,Mauritius,Maurícia,Маврикий,Mauritius,Mauritius,Маврикій,موریشس,Mauritius,毛里求斯,模里西斯,Admin-0 country,,Admin-0 country,,,,,,,,,,,,,,,,,,,,,,,,,,,,,,,,,,,,,,,,,,,,,,,,,,,,,,,,,,,,,,,,,,,,,,,,,,,,,,,,,,,,,,,,,,,,,,,,,,,,,,,,,,,,,,,,,,,,
Admin-0 country,3,6.0,Comoros,COM,0.0,2.0,Sovereign country,1,Comoros,COM,0.0,Comoros,COM,0.0,Comoros,COM,0.0,Comoros,Comoros,COM,Comoros,,Com.,KM,Union of the Comoros,,Comoros,,,Comoros,,2.0,1.0,4.0,10.0,850886.0,11.0,2019.0,1165.0,2019.0,7. Least developed region,5. Low income,CN,KM,KM,COM,COM,174,174,174,KM,COM,23424786.0,23424786.0,Exact WOE match as country,COM,,COM,COM,COM,COM,COM,COM,COM,COM,COM,COM,COM,COM,COM,COM,COM,COM,COM,COM,COM,COM,COM,COM,COM,COM,COM,COM,COM,COM,COM,COM,COM,COM,-99.0,-99.0,Africa,Africa,Eastern Africa,Sub-Saharan Africa,7.0,7.0,4.0,2.0,1.0,0.0,4.0,9.0,43.318094,-11.727683,1159320521.0,Q970,جزر القمر,কোমোরোস,Komoren,Comoros,Comoras,مجمعالجزایر قمر,Comores,Κομόρες,קומורו,कोमोरोस,Comore-szigetek,Komoro,Comore,コモロ,코모로,Comoren,Komory,Comores,Коморы,Komorerna,Komorlar,Коморські Острови,اتحاد القمری,Comoros,科摩罗,葛摩,Admin-0 country,,Admin-0 country,,,,,,,,,,,,,,,,,,,,,,,,,,,,,,,,,,,,,,,,,,,,,,,,,,,,,,,,,,,,,,,,,,,,,,,,,,,,,,,,,,,,,,,,,,,,,,,,,,,,,,,,,,,,,,,,,,,,
Admin-0 country,3,6.0,São Tomé and Principe,STP,0.0,2.0,Sovereign country,1,São Tomé and Principe,STP,0.0,São Tomé and Principe,STP,0.0,São Tomé and Principe,STP,0.0,São Tomé and Principe,São Tomé and Principe,STP,Sao Tome and Principe,,S.T.P.,ST,Democratic Republic of São Tomé and Principe,,Sao Tome and Principe,,,Sao Tome and Principe,,1.0,6.0,1.0,7.0,215056.0,10.0,2019.0,418.0,2019.0,7. Least developed region,4. Lower middle income,TP,ST,ST,STP,STP,678,678,678,ST,STP,23424966.0,23424966.0,Exact WOE match as country,STP,,STP,STP,STP,STP,STP,STP,STP,STP,STP,STP,STP,STP,STP,STP,STP,STP,STP,STP,STP,STP,STP,STP,STP,STP,STP,STP,STP,STP,STP,STP,STP,STP,-99.0,-99.0,Africa,Africa,Middle Africa,Sub-Saharan Africa,21.0,21.0,6.0,3.0,1.0,0.0,5.0,10.0,7.021,0.9709000000000001,1159321273.0,Q1039,ساو تومي وبرينسيب,সাঁউ তুমি ও প্রিন্সিপি,São Tomé und Príncipe,São Tomé and Príncipe,Santo Tomé y Príncipe,سائوتومه و پرینسیپ,Sao Tomé-et-Principe,Σάο Τομέ και Πρίνσιπε,סאו טומה ופרינסיפה,साओ तोमे और प्रिन्सिपी,São Tomé és Príncipe,Sao Tome dan Principe,São Tomé e Príncipe,サントメ・プリンシペ,상투메 프린시페,Sao Tomé en Principe,Wyspy Świętego Tomasza i Książęca,São Tomé e Príncipe,Сан-Томе и Принсипи,São Tomé och Príncipe,São Tomé ve Príncipe,Сан-Томе і Принсіпі,ساؤ ٹومے و پرنسپے,São Tomé và Príncipe,圣多美和普林西比,聖多美普林西比,Admin-0 country,,Admin-0 country,,,,,,,,,,,,,,,,,,,,,,,,,,,,,,,,,,,,,,,,,,,,,,,,,,,,,,,,,,,,,,,,,,,,,,,,,,,,,,,,,,,,,,,,,,,,,,,,,,,,,,,,,,,,,,,,,,,,
Admin-0 country,3,4.0,Cabo Verde,CPV,0.0,2.0,Sovereign country,1,Cabo Verde,CPV,0.0,Cabo Verde,CPV,0.0,Cabo Verde,CPV,0.0,Cabo Verde,Republic of Cabo Verde,CPV,Cabo Verde,,C.Vd.,CV,Republic of Cabo Verde,,Cabo Verde,,,Cabo Verde,,1.0,1.0,4.0,11.0,549935.0,11.0,2019.0,1981.0,2019.0,6. Developing region,4. Lower middle income,CV,CV,CV,CPV,CPV,132,132,132,CV,CPV,23424794.0,23424794.0,Exact WOE match as country,CPV,,CPV,CPV,CPV,CPV,CPV,CPV,CPV,CPV,CPV,CPV,CPV,CPV,CPV,CPV,CPV,CPV,CPV,CPV,CPV,CPV,CPV,CPV,CPV,CPV,CPV,CPV,CPV,CPV,CPV,CPV,CPV,CPV,-99.0,-99.0,Africa,Africa,Western Africa,Sub-Saharan Africa,10.0,22.0,5.0,-99.0,1.0,0.0,4.0,9.0,-23.639434,15.074761,1159320523.0,Q1011,الرأس الأخضر,কাবু ভের্দি,Kap Verde,Cape Verde,Cabo Verde,کیپ ورد,Cap-Vert,Πράσινο Ακρωτήριο,כף ורדה,केप वर्दे,Zöld-foki Köztársaság,Tanjung Verde,Capo Verde,カーボベルデ,카보베르데,Kaapverdië,Republika Zielonego Przylądka,Cabo Verde,Кабо-Верде,Kap Verde,Yeşil Burun Adaları,Кабо-Верде,کیپ ورڈی,Cabo Verde,佛得角,維德角,Admin-0 country,,Admin-0 country,,,,,,,,,,,,,,,,,,,,,,,,,,,,,,,,,,,,,,,,,,,,,,,,,,,,,,,,,,,,,,,,,,,,,,,,,,,,,,,,,,,,,,,,,,,,,,,,,,,,,,,,,,,,,,,,,,,,
Admin-0 country,5,5.0,Malta,MLT,0.0,2.0,Sovereign country,1,Malta,MLT,0.0,Malta,MLT,0.0,Malta,MLT,0.0,Malta,Malta,MLT,Malta,,Malta,M,Republic of Malta,,Malta,,,Malta,,1.0,4.0,1.0,8.0,502653.0,11.0,2019.0,14989.0,2019.0,2. Developed region: nonG7,2. High income: nonOECD,MT,MT,MT,MLT,MLT,470,470,470,MT,MLT,23424897.0,23424897.0,Exact WOE match as country,MLT,,MLT,MLT,MLT,MLT,MLT,MLT,MLT,MLT,MLT,MLT,MLT,MLT,MLT,MLT,MLT,MLT,MLT,MLT,MLT,MLT,MLT,MLT,MLT,MLT,MLT,MLT,MLT,MLT,MLT,MLT,MLT,MLT,-99.0,-99.0,Europe,Europe,Southern Europe,Middle East & North Africa,5.0,5.0,5.0,3.0,1.0,0.0,4.0,9.0,14.433005,35.892886,1159321065.0,Q233,مالطا,মাল্টা,Malta,Malta,Malta,مالت,Malte,Μάλτα,מלטה,माल्टा,Málta,Malta,Malta,マルタ,몰타,Malta,Malta,Malta,Мальта,Malta,Malta,Мальта,مالٹا,Malta,马耳他,馬耳他,Admin-0 country,,Admin-0 country,,,,,,,,,,,,,,,,,,,,,,,,,,,,,,,,,,,,,,,,,,,,,,,,,,,,,,,,,,,,,,,,,,,,,,,,,,,,,,,,,,,,,,,,,,,,,,,,,,,,,,,,,,,,,,,,,,,,
Admin-0 country,5,6.0,United Kingdom,GB1,1.0,2.0,Country,1,Jersey,JEY,0.0,Jersey,JEY,0.0,Jersey,JEY,0.0,Jersey,Jersey,JEY,Jersey,Channel Islands,Jey.,JE,Bailiwick of Jersey,,Jersey,U.K.,U.K. crown dependency,Jersey,,6.0,6.0,6.0,3.0,107800.0,9.0,2019.0,5080.0,2015.0,2. Developed region: nonG7,2. High income: nonOECD,JE,JE,JE,JEY,JEY,832,832,832,JG,CHI,23424857.0,23424857.0,Exact WOE match as country,JEY,,JEY,JEY,JEY,JEY,JEY,JEY,JEY,JEY,JEY,JEY,JEY,JEY,JEY,JEY,JEY,JEY,JEY,JEY,JEY,JEY,JEY,JEY,JEY,JEY,JEY,JEY,JEY,JEY,JEY,JEY,JEY,JEY,-99.0,-99.0,Europe,Europe,Northern Europe,Europe & Central Asia,6.0,6.0,4.0,-99.0,-99.0,0.0,5.0,10.0,-2.090146,49.220808,1159320725.0,Q785,جيرزي,জার্সি,Jersey,Jersey,Jersey,جرزی,Jersey,Τζέρσεϊ,ג'רזי,जर्सी,Jersey,Jersey,baliato di Jersey,ジャージー,저지섬,Jersey,Jersey,Jersey,Джерси,Jersey,Jersey,Джерсі,جرزی,Jersey,泽西,澤西,Admin-0 country,,Admin-0 country,,,,,,,,,,,,,,,,,,,,,,,,,,,,,,,,,,,,,,,,,,,,,,,,,,,,,,,,,,,,,,,,,,,,,,,,,,,,,,,,,,,,,,,,,,,,,,,,,,,,,,,,,,,,,,,,,,,,
Admin-0 country,5,6.0,United Kingdom,GB1,1.0,2.0,Country,1,Guernsey,GGY,0.0,Guernsey,GGY,0.0,Guernsey,GGY,0.0,Guernsey,Guernsey,GGY,Guernsey,Channel Islands,Guern.,GG,Bailiwick of Guernsey,,Guernsey,U.K.,U.K. crown dependency,Guernsey,,6.0,6.0,6.0,3.0,62792.0,8.0,2019.0,3465.0,2015.0,2. Developed region: nonG7,2. High income: nonOECD,GK,GG,GG,GGY,GGY,831,831,831,JG,CHI,23424827.0,23424827.0,Exact WOE match as country,GGY,,GGY,GGY,GGY,GGY,GGY,GGY,GGY,GGY,GGY,GGY,GGY,GGY,GGY,GGY,GGY,GGY,GGY,GGY,GGY,GGY,GGY,GGY,GGY,GGY,GGY,GGY,GGY,GGY,GGY,GGY,GGY,GGY,-99.0,-99.0,Europe,Europe,Northern Europe,Europe & Central Asia,8.0,8.0,6.0,-99.0,-99.0,0.0,5.0,10.0,-2.561736,49.463533,1159320715.0,Q25230,غيرنزي,গার্নসি,Guernsey,Guernsey,Guernsey,گرنزی,Guernesey,Γκέρνσεϊ,גרנזי,ग्वेर्नसे,Guernsey Bailiffség,Guernsey,Guernsey,ガーンジー,건지섬,Guernsey,Guernsey,Guernsey,Гернси,Guernsey,Guernsey,Гернсі,گرنزی,Guernsey,根西,根西,Admin-0 country,,Admin-0 country,,,,,,,,,,,,,,,,,,,,,,,,,,,,,,,,,,,,,,,,,,,,,,,,,,,,,,,,,,,,,,,,,,,,,,,,,,,,,,,,,,,,,,,,,,,,,,,,,,,,,,,,,,,,,,,,,,,,
Admin-0 country,6,6.0,United Kingdom,GB1,1.0,2.0,Country,1,Isle of Man,IMN,0.0,Isle of Man,IMN,0.0,Isle of Man,IMN,0.0,Isle of Man,Isle of Man,IMN,Isle of Man,,IoMan,IM,,,Isle of Man,U.K.,U.K. crown dependency,Isle of Man,,6.0,6.0,6.0,3.0,84584.0,8.0,2019.0,7491.0,2018.0,2. Developed region: nonG7,2. High income: nonOECD,IM,IM,IM,IMN,IMN,833,833,833,IM,IMY,23424847.0,23424847.0,Exact WOE match as country,IMN,,IMN,IMN,IMN,IMN,IMN,IMN,IMN,IMN,IMN,IMN,IMN,IMN,IMN,IMN,IMN,IMN,IMN,IMN,IMN,IMN,IMN,IMN,IMN,IMN,IMN,IMN,IMN,IMN,IMN,IMN,IMN,IMN,-99.0,-99.0,Europe,Europe,Northern Europe,Europe & Central Asia,11.0,11.0,5.0,-99.0,-99.0,0.0,5.0,10.0,-4.530069,54.220833,1159320721.0,Q9676,جزيرة مان,আইল অব ম্যান,Isle of Man,Isle of Man,Isla de Man,جزیره من,île de Man,Νήσος του Μαν,האי מאן,आइल ऑफ़ मैन,Man,Pulau Man,Isola di Man,マン島,맨섬,Man,Wyspa Man,Ilha de Man,остров Мэн,Isle of Man,Man Adası,Острів Мен,آئل آف مین,Đảo Man,马恩岛,曼島,Admin-0 country,,Admin-0 country,,,,,,,,,,,,,,,,,,,,,,,,,,,,,,,,,,,,,,,,,,,,,,,,,,,,,,,,,,,,,,,,,,,,,,,,,,,,,,,,,,,,,,,,,,,,,,,,,,,,,,,,,,,,,,,,,,,,
Admin-0 country,3,6.0,Finland,FI1,1.0,2.0,Country,1,Aland,ALD,0.0,Aland,ALD,0.0,Aland,ALD,0.0,Aland,Åland Islands,ALD,Åland,,Åland,AI,Åland Islands,,,Fin.,,Aland,,4.0,1.0,4.0,6.0,29884.0,7.0,2019.0,1563.0,2016.0,2. Developed region: nonG7,1. High income: OECD,-99,AX,AX,ALA,ALA,248,248,248,-99,-99,12577865.0,12577865.0,Exact WOE match as country,ALD,,ALD,ALD,ALD,ALD,ALD,ALD,ALD,ALD,ALD,ALD,ALD,ALD,ALD,ALD,ALD,ALD,ALD,ALD,ALD,ALD,ALD,ALD,ALD,ALD,ALD,ALD,ALD,ALD,ALD,ALD,ALD,ALD,-99.0,-99.0,Europe,Europe,Northern Europe,Europe & Central Asia,5.0,13.0,5.0,5.0,-99.0,0.0,5.0,10.0,19.869671,60.156467,1159320621.0,Q5689,جزر أولاند,অলান্দ দ্বীপপুঞ্জ,Åland,Åland,Åland,جزایر الند,Åland,Ώλαντ,אולנד,ऑलैण्ड द्वीपसमूह,Åland,Åland,Isole Åland,オーランド諸島,올란드 제도,Åland,Wyspy Alandzkie,Åland,Аландские острова,Åland,Åland,Аландські острови,جزائر ایلانڈ,Åland,奥兰,奧蘭,Admin-0 dependency,,Admin-0 dependency,,,Unrecognized,,Unrecognized,,,,,,,,,,,,,,,,,,,,,,,,,,,,,,,,,,,,,,,,,,,,,,,,,,,,,,,,,,,,,,,,,,,,,,,,,,,,,,,,,,,,,,,,,,,,,,,,,,,,,,,,,,,,,,,
Admin-0 country,5,6.0,Denmark,DN1,1.0,2.0,Dependency,1,Faroe Islands,FRO,0.0,Faroe Islands,FRO,0.0,Faroe Islands,FRO,0.0,Faroe Islands,Faroe Islands,FRO,Faeroe Islands,,Faeroe Is.,FO,Føroyar Is. (Faeroe Is.),,Faroe Islands,Den.,,Faeroe Islands,,4.0,1.0,3.0,12.0,48678.0,7.0,2019.0,3116.0,2018.0,2. Developed region: nonG7,2. High income: nonOECD,FO,FO,FO,FRO,FRO,234,234,234,FO,FRO,23424816.0,23424816.0,Exact WOE match as country,FRO,,FRO,FRO,FRO,FRO,FRO,FRO,FRO,FRO,FRO,FRO,FRO,FRO,FRO,FRO,FRO,FRO,FRO,FRO,FRO,FRO,FRO,FRO,FRO,FRO,FRO,FRO,FRO,FRO,FRO,FRO,FRO,FRO,-99.0,-99.0,Europe,Europe,Northern Europe,Europe & Central Asia,10.0,14.0,10.0,3.0,-99.0,0.0,4.0,9.0,-7.058429,62.185604,1159320549.0,Q4628,جزر فارو,ফ্যারো দ্বীপপুঞ্জ,Färöer,Faroe Islands,Islas Feroe,جزایر فارو,îles Féroé,Νήσοι Φερόες,איי פארו,फ़रो द्वीपसमूह,Feröer,Kepulauan Faroe,Fær Øer,フェロー諸島,페로 제도,Faeröer,Wyspy Owcze,Ilhas Feroe,Фарерские острова,Färöarna,Faroe Adaları,Фарерські острови,جزائرفارو,Quần đảo Faroe,法罗群岛,法羅群島,Admin-0 dependency,,Admin-0 dependency,,,,,,,,,,,,,,,,,,,,,,,,,,,,,,,,,,,,,,,,,,,,,,,,,,,,,,,,,,,,,,,,,,,,,,,,,,,,,,,,,,,,,,,,,,,,,,,,,,,,,,,,,,,,,,,,,,,,
Admin-0 country,5,5.0,Australia,AU1,1.0,2.0,Dependency,1,Indian Ocean Territories,IOA,0.0,Indian Ocean Territories,IOA,0.0,Indian Ocean Territories,IOA,0.0,Indian Ocean Ter.,Indian Ocean Territories,IOA,Indian Ocean Ter.,,Ind. Oc. Ter.,IOT,,,,Auz.,,Indian Ocean Territories,,1.0,2.0,2.0,7.0,2387.0,4.0,2016.0,35.0,2016.0,2. Developed region: nonG7,2. High income: nonOECD,-99,-99,AU,-99,AUS,-99,036,-099,-99,-99,-90.0,23424869.0,Grouping of Christmas Island (23424869) and Cocos or Keeling Islands (23424784),AUS,1,IOA,IOA,IOA,IOA,IOA,IOA,IOA,IOA,IOA,IOA,IOA,IOA,IOA,IOA,IOA,IOA,IOA,IOA,IOA,IOA,IOA,IOA,IOA,IOA,IOA,IOA,IOA,IOA,IOA,IOA,IOA,IOA,-99.0,-99.0,Asia,Africa,Seven seas (open ocean),East Asia & Pacific,17.0,24.0,13.0,-99.0,-99.0,0.0,5.0,9.5,105.67259,-10.490789,1159320363.0,Q4824275,أقاليم المحيط الهندي الأسترالية,অস্ট্রেলীয় ভারত মহাসাগর অঞ্চল,Australische Territorien im Indischen Ozean,Australian Indian Ocean Territories,Territorios Australianos del Océano Índico,سرزمینهای اقیانوس هند استرالیا,Territoires extérieurs australiens de l'Océan Indien,Αυστραλέζικο Έδαφος Ινδικού Ωκεανού,טריטוריה של האוקיינוס ההודי,हिंद महासागर के ऑस्ट्रेलियाई क्षेत्र,Ausztrál Indiai-óceáni Terület,Wilayah Samudra Hindia Australia,Australian Indian Ocean Territories,オーストラリア領インド洋地域,호주령 인도양 지역,Australische territoria van de Indische Oceaan,Australijskie Terytorium Oceanu Indyjskiego,Territórios australianos do Oceano Índico,Австралийские территории в Индийском океане,Australienska indiska oceanens havsområde,Australian Indian Ocean Territories,Австралійські території в Індійському океані,آسْٹْریلِیَن انڈین اوشین تیریتورییس,Vùng lãnh thổ Ấn Độ Dương thuộc Úc,澳屬印度洋領地,澳屬印度洋領地,Unrecognized,1,Admin-0 dependency,,,,,,,,,,,,,,,,,,,,,,,,,,,,,,,,,,,,,,,,,,,,,,,,,,,,,,,,,,,,,,,,,,,,,,,,,,,,,,,,,,,,,,,,,,,,,,,,,,,,,,,,,,,,,,,,,,,,
Admin-0 country,5,5.0,United Kingdom,GB1,1.0,2.0,Disputed,1,British Indian Ocean Territory,IOT,0.0,British Indian Ocean Territory,IOT,0.0,British Indian Ocean Territory,IOT,1.0,Br. Indian Ocean Ter.,British Indian Ocean Territory,B69,Br. Indian Ocean Ter.,,I.O.T.,IO,,,,U.K.,Admin. by U.K.; Claimed by Mauritius and Seychelles,British Indian Ocean Territory,,6.0,6.0,6.0,3.0,3000.0,4.0,2018.0,120.0,2013.0,2. Developed region: nonG7,2. High income: nonOECD,IO,IO,IO,IOT,IOT,086,086,-099,-99,-99,23424849.0,23424849.0,Exact WOE match as country,B69,,B69,IOT,IOT,IOT,IOT,IOT,IOT,IOT,IOT,IOT,IOT,IOT,IOT,IOT,IOT,IOT,IOT,IOT,IOT,IOT,IOT,IOT,IOT,IOT,IOT,IOT,IOT,IOT,IOT,IOT,IOT,IOT,-99.0,-99.0,Seven seas (open ocean),Africa,Seven seas (open ocean),Sub-Saharan Africa,21.0,30.0,6.0,5.0,-99.0,0.0,5.0,9.5,71.348349,-6.190826,1159320723.0,Q43448,إقليم المحيط الهندي البريطاني,ব্রিটিশ ভারত মহাসাগরীয় এলাকা,Britisches Territorium im Indischen Ozean,British Indian Ocean Territory,Territorio Británico del Océano Índico,قلمرو بریتانیا در اقیانوس هند,Territoire britannique de l’océan Indien,Βρετανικό Έδαφος Ινδικού Ωκεανού,הטריטוריה הבריטית באוקיינוס ההודי,ब्रिटिश हिंद महासागर क्षेत्र,Brit Indiai-óceáni Terület,Wilayah Samudra Hindia Britania,Territorio britannico dell'oceano Indiano,イギリス領インド洋地域,영국령 인도양 지역,Brits Indische Oceaanterritorium,Brytyjskie Terytorium Oceanu Indyjskiego,Território Britânico do Oceano Índico,Британская территория в Индийском океане,Brittiska territoriet i Indiska oceanen,Britanya Hint Okyanusu Toprakları,Британська територія в Індійському океані,برطانوی بحرہند کا خطہ,Lãnh thổ Ấn Độ Dương thuộc Anh,英属印度洋领地,英屬印度洋領地,Admin-0 dependency,,Admin-0 dependency,,,,,,,,,,,,,,,,,,,,,,,,,,,,,,,,,,,,,,,,,,,,,,,,,,,,,,,,,,,,,,,,,,,,,,,,,,,,,,,,,,,,,,,,,,,,,,,,,,,,,,,,,,,,,,,,,,,,
Admin-0 country,3,6.0,Singapore,SGP,0.0,2.0,Sovereign country,1,Singapore,SGP,0.0,Singapore,SGP,0.0,Singapore,SGP,0.0,Singapore,Singapore,SGP,Singapore,,Sing.,SG,Republic of Singapore,,Singapore,,,Singapore,,5.0,3.0,7.0,3.0,5703569.0,13.0,2019.0,372062.0,2019.0,6. Developing region,2. High income: nonOECD,SN,SG,SG,SGP,SGP,702,702,702,SG,SGP,23424948.0,23424948.0,Exact WOE match as country,SGP,,SGP,SGP,SGP,SGP,SGP,SGP,SGP,SGP,SGP,SGP,SGP,SGP,SGP,SGP,SGP,SGP,SGP,SGP,SGP,SGP,SGP,SGP,SGP,SGP,SGP,SGP,SGP,SGP,SGP,SGP,SGP,SGP,-99.0,-99.0,Asia,Asia,South-Eastern Asia,East Asia & Pacific,9.0,9.0,5.0,3.0,1.0,0.0,4.0,9.0,103.816925,1.366587,1159321247.0,Q334,سنغافورة,সিঙ্গাপুর,Singapur,Singapore,Singapur,سنگاپور,Singapour,Σιγκαπούρη,סינגפור,सिंगापुर,Szingapúr,Singapura,Singapore,シンガポール,싱가포르,Singapore,Singapur,Singapura,Сингапур,Singapore,Singapur,Сінгапур,سنگاپور,Singapore,新加坡,新加坡,Admin-0 country,,Admin-0 country,,,,,,,,,,,,,,,,,,,,,,,,,,,,,,,,,,,,,,,,,,,,,,,,,,,,,,,,,,,,,,,,,,,,,,,,,,,,,,,,,,,,,,,,,,,,,,,,,,,,,,,,,,,,,,,,,,,,
Admin-0 country,6,5.0,Australia,AU1,1.0,2.0,Dependency,1,Norfolk Island,NFK,0.0,Norfolk Island,NFK,0.0,Norfolk Island,NFK,0.0,Norfolk Island,Norfolk Island,NFK,Norfolk Island,,Nfk. I.,NF,Territory of Norfolk Island,,Norfolk Island,Auz.,,Norfolk Island,,1.0,2.0,2.0,7.0,2169.0,4.0,2011.0,32.0,2016.0,6. Developing region,4. Lower middle income,NF,NF,NF,NFK,NFK,574,574,574,-99,-99,23424905.0,23424905.0,Exact WOE match as country,NFK,,NFK,NFK,NFK,NFK,NFK,NFK,NFK,NFK,NFK,NFK,NFK,NFK,NFK,NFK,NFK,NFK,NFK,NFK,NFK,NFK,NFK,NFK,NFK,NFK,NFK,NFK,NFK,NFK,NFK,NFK,NFK,NFK,-99.0,-99.0,Oceania,Oceania,Australia and New Zealand,East Asia & Pacific,14.0,14.0,7.0,-99.0,-99.0,0.0,4.5,9.5,167.954531,-29.033042,1159320365.0,Q31057,جزيرة نورفولك,নরফোক দ্বীপ,Norfolkinsel,Norfolk Island,Isla Norfolk,جزیره نورفک,Île Norfolk,Νόρφολκ,נורפוק,नॉर्फ़ोक द्वीप,Norfolk-sziget,Pulau Norfolk,Isola Norfolk,ノーフォーク島,노퍽섬,Norfolk,Norfolk,Ilha Norfolk,Норфолк,Norfolkön,Norfolk Adası,острів Норфолк,جزیرہ نارفولک,Đảo Norfolk,诺福克岛,諾福克島,Admin-0 dependency,,Admin-0 dependency,,,,,,,,,,,,,,,,,,,,,,,,,,,,,,,,,,,,,,,,,,,,,,,,,,,,,,,,,,,,,,,,,,,,,,,,,,,,,,,,,,,,,,,,,,,,,,,,,,,,,,,,,,,,,,,,,,,,
Admin-0 country,5,4.0,New Zealand,NZ1,1.0,2.0,Dependency,1,Cook Islands,COK,0.0,Cook Islands,COK,0.0,Cook Islands,COK,0.0,Cook Islands,Cook Islands,COK,Cook Is.,,Cook Is.,CK,,,Cook Islands,Assoc. with N.Z.,Assoc. with N.Z.,Cook Islands,,3.0,3.0,4.0,4.0,17459.0,6.0,2016.0,244.0,2010.0,6. Developing region,3. Upper middle income,CW,CK,CK,COK,COK,184,184,184,-99,-99,23424795.0,23424795.0,Exact WOE match as country,COK,,COK,COK,COK,COK,COK,COK,COK,COK,COK,COK,COK,COK,COK,COK,COK,COK,COK,COK,COK,COK,COK,COK,COK,COK,COK,COK,COK,COK,COK,COK,COK,COK,-99.0,-99.0,Oceania,Oceania,Polynesia,East Asia & Pacific,8.0,12.0,8.0,3.0,-99.0,0.0,4.0,9.0,-159.785675,-21.215993,1159321129.0,Q26988,جزر كوك,কুক দ্বীপপুঞ্জ,Cookinseln,Cook Islands,Islas Cook,جزایر کوک,Îles Cook,Νήσοι Κουκ,איי קוק,कुक द्वीपसमूह,Cook-szigetek,Kepulauan Cook,Isole Cook,クック諸島,쿡 제도,Cookeilanden,Wyspy Cooka,Ilhas Cook,Острова Кука,Cooköarna,Cook Adaları,Острови Кука,جزائر کک,Quần đảo Cook,库克群岛,庫克群島,Admin-0 dependency,,Admin-0 dependency,,,,,,,,,,,,,,,,,,,,,,,,,,,,,,,,,,,,,,,,,,,,,,,,,,,,,,,,,,,,,,,,,,,,,,,,,,,,,,,,,,,,,,,,,,,,,,,,,,,,,,,,,,,,,,,,,,,,
Admin-0 country,5,4.0,Tonga,TON,0.0,2.0,Sovereign country,1,Tonga,TON,0.0,Tonga,TON,0.0,Tonga,TON,0.0,Tonga,Tonga,TON,Tonga,,Tongo,TO,Kingdom of Tonga,,Tonga,,,Tonga,,2.0,1.0,1.0,8.0,104494.0,9.0,2019.0,512.0,2019.0,6. Developing region,4. Lower middle income,TN,TO,TO,TON,TON,776,776,776,TO,TON,23424964.0,23424964.0,Exact WOE match as country,TON,,TON,TON,TON,TON,TON,TON,TON,TON,TON,TON,TON,TON,TON,TON,TON,TON,TON,TON,TON,TON,TON,TON,TON,TON,TON,TON,TON,TON,TON,TON,TON,TON,-99.0,-99.0,Oceania,Oceania,Polynesia,East Asia & Pacific,5.0,5.0,5.0,3.0,1.0,0.0,4.0,9.0,-175.163014,-21.210026,1159321319.0,Q678,تونغا,টোঙ্গা,Tonga,Tonga,Tonga,تونگا,Tonga,Τόνγκα,טונגה,टोंगा,Tonga,Tonga,Tonga,トンガ,통가,Tonga,Tonga,Tonga,Тонга,Tonga,Tonga,Тонга,ٹونگا,Tonga,汤加,東加,Admin-0 country,,Admin-0 country,,,,,,,,,,,,,,,,,,,,,,,,,,,,,,,,,,,,,,,,,,,,,,,,,,,,,,,,,,,,,,,,,,,,,,,,,,,,,,,,,,,,,,,,,,,,,,,,,,,,,,,,,,,,,,,,,,,,
Admin-0 country,5,4.0,France,FR1,1.0,2.0,Dependency,1,Wallis and Futuna,WLF,0.0,Wallis and Futuna,WLF,0.0,Wallis and Futuna,WLF,0.0,Wallis and Futuna Islands,Wallis and Futuna Islands,WLF,Wallis and Futuna Islands,,Wlf.,WF,Wallis and Futuna Islands,,Wallis and Futuna,Fr.,,Wallis and Futuna,,7.0,5.0,9.0,11.0,11558.0,6.0,2018.0,60.0,2016.0,6. Developing region,4. Lower middle income,WF,WF,WF,WLF,WLF,876,876,876,-99,-99,23424989.0,23424989.0,Exact WOE match as country,WLF,,WLF,WLF,WLF,WLF,WLF,WLF,WLF,WLF,WLF,WLF,WLF,WLF,WLF,WLF,WLF,WLF,WLF,WLF,WLF,WLF,WLF,WLF,WLF,WLF,WLF,WLF,WLF,WLF,WLF,WLF,WLF,WLF,-99.0,-99.0,Oceania,Oceania,Polynesia,East Asia & Pacific,21.0,25.0,4.0,3.0,-99.0,0.0,4.7,9.0,-178.137436,-14.286415,1159320649.0,Q35555,واليس وفوتونا,ওয়ালিস ও ফুটুনা,Wallis und Futuna,Wallis and Futuna,Wallis y Futuna,والیس و فوتونا,Wallis-et-Futuna,Ουαλίς και Φουτουνά,ואליס ופוטונה,वालिस और फ़्यूचूना,Wallis és Futuna,Wallis dan Futuna,Wallis e Futuna,ウォリス・フツナ,왈리스 푸투나,Wallis en Futuna,Wallis i Futuna,Wallis e Futuna,Уоллис и Футуна,Wallis- och Futunaöarna,Wallis ve Futuna Adaları,Волліс і Футуна,والس و فتونہ,Wallis và Futuna,瓦利斯和富图纳,瓦利斯和富圖納,Admin-0 dependency,,Admin-0 dependency,,,,,,,,,,,,,,,,,,,,,,,,,,,,,,,,,,,,,,,,,,,,,,,,,,,,,,,,,,,,,,,,,,,,,,,,,,,,,,,,,,,,,,,,,,,,,,,,,,,,,,,,,,,,,,,,,,,,
Admin-0 country,3,4.0,Samoa,WSM,0.0,2.0,Sovereign country,1,Samoa,WSM,0.0,Samoa,WSM,0.0,Samoa,WSM,0.0,Samoa,Samoa,WSM,Samoa,,Samoa,WS,Independent State of Samoa,,Samoa,,,Samoa,,3.0,3.0,4.0,6.0,197097.0,9.0,2019.0,852.0,2019.0,7. Least developed region,4. Lower middle income,WS,WS,WS,WSM,WSM,882,882,882,WS,WSM,23424992.0,23424992.0,Exact WOE match as country,WSM,,WSM,WSM,WSM,WSM,WSM,WSM,WSM,WSM,WSM,WSM,WSM,WSM,WSM,WSM,WSM,WSM,WSM,WSM,WSM,WSM,WSM,WSM,WSM,WSM,WSM,WSM,WSM,WSM,WSM,WSM,WSM,WSM,-99.0,-99.0,Oceania,Oceania,Polynesia,East Asia & Pacific,5.0,5.0,5.0,-99.0,1.0,0.0,3.0,8.0,-172.438241,-13.639139,1159321423.0,Q683,ساموا,সামোয়া,Samoa,Samoa,Samoa,ساموآ,Samoa,Σαμόα,סמואה,समोआ,Szamoa,Samoa,Samoa,サモア,사모아,Samoa,Samoa,Samoa,Самоа,Samoa,Samoa,Самоа,سامووا,Samoa,萨摩亚,薩摩亞,Admin-0 country,,Admin-0 country,,,,,,,,,,,,,,,,,,,,,,,,,,,,,,,,,,,,,,,,,,,,,,,,,,,,,,,,,,,,,,,,,,,,,,,,,,,,,,,,,,,,,,,,,,,,,,,,,,,,,,,,,,,,,,,,,,,,
Admin-0 country,1,3.0,Solomon Islands,SLB,0.0,2.0,Sovereign country,1,Solomon Islands,SLB,0.0,Solomon Islands,SLB,0.0,Solomon Islands,SLB,0.0,Solomon Islands,Solomon Islands,SLB,Solomon Is.,,S. Is.,SB,,,Solomon Islands,,,Solomon Islands,,1.0,4.0,1.0,6.0,669823.0,11.0,2019.0,1589.0,2019.0,7. Least developed region,4. Lower middle income,BP,SB,SB,SLB,SLB,090,090,090,SB,SLB,23424766.0,23424766.0,Exact WOE match as country,SLB,,SLB,SLB,SLB,SLB,SLB,SLB,SLB,SLB,SLB,SLB,SLB,SLB,SLB,SLB,SLB,SLB,SLB,SLB,SLB,SLB,SLB,SLB,SLB,SLB,SLB,SLB,SLB,SLB,SLB,SLB,SLB,SLB,-99.0,-99.0,Oceania,Oceania,Melanesia,East Asia & Pacific,11.0,15.0,6.0,-99.0,1.0,0.0,3.0,8.0,159.170468,-8.029548,1159321249.0,Q685,جزر سليمان,সলোমন দ্বীপপুঞ্জ,Salomonen,Solomon Islands,Islas Salomón,جزایر سلیمان,Îles Salomon,Νησιά Σολομώντα,איי שלמה,सोलोमन द्वीपसमूह,Salamon-szigetek,Kepulauan Solomon,Isole Salomone,ソロモン諸島,솔로몬 제도,Salomonseilanden,Wyspy Salomona,Ilhas Salomão,Соломоновы Острова,Salomonöarna,Solomon Adaları,Соломонові Острови,جزائر سلیمان,Quần đảo Solomon,所罗门群岛,索羅門群島,Admin-0 country,,Admin-0 country,,,,,,,,,,,,,,,,,,,,,,,,,,,,,,,,,,,,,,,,,,,,,,,,,,,,,,,,,,,,,,,,,,,,,,,,,,,,,,,,,,,,,,,,,,,,,,,,,,,,,,,,,,,,,,,,,,,,
Admin-0 country,5,6.0,Tuvalu,TUV,0.0,2.0,Sovereign country,1,Tuvalu,TUV,0.0,Tuvalu,TUV,0.0,Tuvalu,TUV,0.0,Tuvalu,Tuvalu,TUV,Tuvalu,,Tuv.,TV,Tuvalu,,Tuvalu,,,Tuvalu,,1.0,3.0,8.0,5.0,11646.0,6.0,2019.0,47.0,2019.0,7. Least developed region,3. Upper middle income,TV,TV,TV,TUV,TUV,798,798,798,TV,TUV,23424970.0,23424970.0,Exact WOE match as country,TUV,,TUV,TUV,TUV,TUV,TUV,TUV,TUV,TUV,TUV,TUV,TUV,TUV,TUV,TUV,TUV,TUV,TUV,TUV,TUV,TUV,TUV,TUV,TUV,TUV,TUV,TUV,TUV,TUV,TUV,TUV,TUV,TUV,-99.0,-99.0,Oceania,Oceania,Polynesia,East Asia & Pacific,6.0,6.0,4.0,5.0,1.0,0.0,5.0,10.0,179.209587,-8.513717,1159321333.0,Q672,توفالو,টুভালু,Tuvalu,Tuvalu,Tuvalu,تووالو,Tuvalu,Τουβαλού,טובאלו,तुवालू,Tuvalu,Tuvalu,Tuvalu,ツバル,투발루,Tuvalu,Tuvalu,Tuvalu,Тувалу,Tuvalu,Tuvalu,Тувалу,تووالو,Tuvalu,图瓦卢,吐瓦魯,Admin-0 country,,Admin-0 country,,,,,,,,,,,,,,,,,,,,,,,,,,,,,,,,,,,,,,,,,,,,,,,,,,,,,,,,,,,,,,,,,,,,,,,,,,,,,,,,,,,,,,,,,,,,,,,,,,,,,,,,,,,,,,,,,,,,
Admin-0 country,5,5.0,Maldives,MDV,0.0,2.0,Sovereign country,1,Maldives,MDV,0.0,Maldives,MDV,0.0,Maldives,MDV,0.0,Maldives,Maldives,MDV,Maldives,,Mald.,MV,Republic of Maldives,,Maldives,,,Maldives,,2.0,3.0,1.0,7.0,530953.0,11.0,2019.0,5642.0,2019.0,6. Developing region,3. Upper middle income,MV,MV,MV,MDV,MDV,462,462,462,MV,MDV,23424899.0,23424899.0,Exact WOE match as country,MDV,,MDV,MDV,MDV,MDV,MDV,MDV,MDV,MDV,MDV,MDV,MDV,MDV,MDV,MDV,MDV,MDV,MDV,MDV,MDV,MDV,MDV,MDV,MDV,MDV,MDV,MDV,MDV,MDV,MDV,MDV,MDV,MDV,-99.0,-99.0,Seven seas (open ocean),Asia,Southern Asia,South Asia,8.0,8.0,5.0,2.0,1.0,0.0,4.0,9.0,73.507554,4.174441,1159321053.0,Q826,المالديف,মালদ্বীপ,Malediven,Maldives,Maldivas,مالدیو,Maldives,Μαλδίβες,האיים המלדיביים,मालदीव,Maldív-szigetek,Maladewa,Maldive,モルディブ,몰디브,Maldiven,Malediwy,Maldivas,Мальдивы,Maldiverna,Maldivler,Мальдіви,مالدیپ,Maldives,马尔代夫,馬爾地夫,Admin-0 country,,Admin-0 country,,,,,,,,,,,,,,,,,,,,,,,,,,,,,,,,,,,,,,,,,,,,,,,,,,,,,,,,,,,,,,,,,,,,,,,,,,,,,,,,,,,,,,,,,,,,,,,,,,,,,,,,,,,,,,,,,,,,
Admin-0 country,5,6.0,Nauru,NRU,0.0,2.0,Sovereign country,1,Nauru,NRU,0.0,Nauru,NRU,0.0,Nauru,NRU,0.0,Nauru,Nauru,NRU,Nauru,,Nauru,NR,Republic of Nauru,,Nauru,,,Nauru,,3.0,7.0,6.0,9.0,12581.0,6.0,2019.0,118.0,2019.0,6. Developing region,4. Lower middle income,NR,NR,NR,NRU,NRU,520,520,520,-99,-99,23424912.0,23424912.0,Exact WOE match as country,NRU,,NRU,NRU,NRU,NRU,NRU,NRU,NRU,NRU,NRU,NRU,NRU,NRU,NRU,NRU,NRU,NRU,NRU,NRU,NRU,NRU,NRU,NRU,NRU,NRU,NRU,NRU,NRU,NRU,NRU,NRU,NRU,NRU,-99.0,-99.0,Oceania,Oceania,Micronesia,East Asia & Pacific,5.0,5.0,5.0,3.0,1.0,0.0,5.0,10.0,166.932644,-0.520261,1159321123.0,Q697,ناورو,নাউরু,Nauru,Nauru,Nauru,نائورو,Nauru,Ναουρού,נאורו,नौरु,Nauru,Nauru,Nauru,ナウル,나우루,Nauru,Nauru,Nauru,Науру,Nauru,Nauru,Науру,ناورو,Nauru,瑙鲁,諾魯,Admin-0 country,,Admin-0 country,,,,,,,,,,,,,,,,,,,,,,,,,,,,,,,,,,,,,,,,,,,,,,,,,,,,,,,,,,,,,,,,,,,,,,,,,,,,,,,,,,,,,,,,,,,,,,,,,,,,,,,,,,,,,,,,,,,,
Admin-0 country,5,6.0,Federated States of Micronesia,FSM,0.0,2.0,Sovereign country,1,Federated States of Micronesia,FSM,0.0,Federated States of Micronesia,FSM,0.0,Federated States of Micronesia,FSM,0.0,Federated States of Micronesia,Federated States of Micronesia,FSM,Micronesia,,F.S.M.,FSM,Federated States of Micronesia,,"Micronesia, Federated States of",,,"Micronesia, Federated States of",,5.0,2.0,4.0,13.0,113815.0,9.0,2019.0,401.0,2018.0,6. Developing region,4. Lower middle income,FM,FM,FM,FSM,FSM,583,583,583,FM,FSM,23424815.0,23424815.0,Exact WOE match as country,FSM,,FSM,FSM,FSM,FSM,FSM,FSM,FSM,FSM,FSM,FSM,FSM,FSM,FSM,FSM,FSM,FSM,FSM,FSM,FSM,FSM,FSM,FSM,FSM,FSM,FSM,FSM,FSM,FSM,FSM,FSM,FSM,FSM,-99.0,-99.0,Oceania,Oceania,Micronesia,East Asia & Pacific,10.0,30.0,6.0,-99.0,1.0,0.0,5.0,10.0,158.234019,6.887553,1159320691.0,Q702,ولايات ميكرونيسيا المتحدة,মাইক্রোনেশিয়া যুক্তরাজ্য,Föderierte Staaten von Mikronesien,Federated States of Micronesia,Estados Federados de Micronesia,میکرونزی,États fédérés de Micronésie,Ομόσπονδες Πολιτείες της Μικρονησίας,מיקרונזיה,माइक्रोनेशिया के संघीकृत राज्य,Mikronéziai Szövetségi Államok,Mikronesia,Stati Federati di Micronesia,ミクロネシア連邦,미크로네시아 연방,Micronesia,Mikronezja,Micronésia,Микронезия,Mikronesiska federationen,Mikronezya,Мікронезія,مائیکرونیشیا,Micronesia,密克罗尼西亚联邦,密克羅尼西亞聯邦,Admin-0 country,,Admin-0 country,,,,,,,,,,,,,,,,,,,,,,,,,,,,,,,,,,,,,,,,,,,,,,,,,,,,,,,,,,,,,,,,,,,,,,,,,,,,,,,,,,,,,,,,,,,,,,,,,,,,,,,,,,,,,,,,,,,,
Admin-0 country,3,4.0,United Kingdom,GB1,1.0,2.0,Dependency,1,South Georgia and the Islands,SGS,0.0,South Georgia and the Islands,SGS,0.0,South Georgia and the Islands,SGS,0.0,South Georgia and the Sandwich Islands,South Georgia and the Islands,SGS,S. Geo. and the Is.,,S.G. & Is.,GS,South Georgia and the Sandwich Islands,,,U.K.,,South Georgia and the Islands,,6.0,6.0,6.0,3.0,30.0,1.0,2017.0,0.0,2016.0,7. Least developed region,5. Low income,SX,GS,GS,SGS,SGS,239,239,-099,-99,-99,23424955.0,23424955.0,Exact WOE match as country,SGS,,SGS,SGS,SGS,SGS,SGS,SGS,SGS,SGS,SGS,SGS,SGS,SGS,SGS,SGS,SGS,SGS,SGS,SGS,SGS,SGS,SGS,SGS,SGS,SGS,SGS,SGS,SGS,SGS,SGS,SGS,SGS,SGS,-99.0,-99.0,Seven seas (open ocean),Americas,Seven seas (open ocean),Antarctica,19.0,29.0,10.0,3.0,-99.0,0.0,5.0,9.0,-31.063179,-55.683402,1159320731.0,Q35086,جورجيا الجنوبية وجزر ساندويتش الجنوبية,দক্ষিণ জর্জিয়া ও দক্ষিণ স্যন্ডউইচ দ্বীপপুঞ্জ,Südgeorgien und die Südlichen Sandwichinseln,South Georgia and the South Sandwich Islands,Islas Georgias del Sur y Sandwich del Sur,جزایر جورجیای جنوبی و ساندویچ جنوبی,Géorgie du Sud-et-les Îles Sandwich du Sud,Νήσοι Νότια Γεωργία και Νότιες Σάντουιτς,איי ג'ורג'יה הדרומית ואיי סנדוויץ' הדרומיים,दक्षिण जॉर्जिया एवं दक्षिण सैंडविच द्वीप समूह,Déli-Georgia és Déli-Sandwich-szigetek,Georgia Selatan dan Kepulauan Sandwich Selatan,Georgia del Sud e isole Sandwich meridionali,サウスジョージア・サウスサンドウィッチ諸島,사우스조지아 사우스샌드위치 제도,Zuid-Georgia en de Zuidelijke Sandwicheilanden,Georgia Południowa i Sandwich Południowy,Ilhas Geórgia do Sul e Sandwich do Sul,Южная Георгия и Южные Сандвичевы острова,Sydgeorgien och Sydsandwichöarna,Güney Georgia ve Güney Sandwich Adaları,Південна Джорджія та Південні Сандвічеві острови,جنوبی جارجیا و جزائر جنوبی سینڈوچ,Nam Georgia và Quần đảo Nam Sandwich,南乔治亚和南桑威奇群岛,南喬治亞與南桑威奇,Admin-0 dependency,,Admin-0 dependency,,,,,,,,,,,,,,,,,,,Unrecognized,,,,,,,,,,,,,,,,,,,,,,,,,,,,,,,,,,,,,,,,,,,,,,,,,,,,,,,,,,,,,,,,,,,,,,,,,,,,,,,,,,,,,,,,,,,,,,,,,
Admin-0 country,1,5.0,United Kingdom,GB1,1.0,2.0,Disputed,1,Falkland Islands,FLK,0.0,Falkland Islands,FLK,0.0,Falkland Islands,FLK,1.0,Falkland Islands,Falkland Islands / Malvinas,B12,Falkland Is.,,Flk. Is.,FK,Falkland Islands,,Falkland Islands (Islas Malvinas),U.K.,Admin. by U.K.; Claimed by Argentina,Falkland Islands,Islas Malvinas,6.0,6.0,6.0,3.0,3398.0,4.0,2016.0,282.0,2012.0,2. Developed region: nonG7,1. High income: OECD,FK,FK,FK,FLK,FLK,238,238,238,-99,-99,23424814.0,23424814.0,Exact WOE match as country,B12,,B12,FLK,FLK,FLK,FLK,FLK,FLK,FLK,FLK,FLK,FLK,FLK,FLK,FLK,FLK,FLK,FLK,FLK,FLK,ARG,FLK,FLK,FLK,FLK,FLK,FLK,FLK,FLK,FLK,FLK,FLK,FLK,-99.0,-99.0,South America,Americas,South America,Latin America & Caribbean,12.0,27.0,8.0,-99.0,-99.0,0.0,4.5,9.0,-58.738602,-51.608913,1159320711.0,Q9648,جزر فوكلاند,ফকল্যান্ড দ্বীপপুঞ্জ,Falklandinseln,Falkland Islands,Islas Malvinas,جزایر فالکلند,îles Malouines,Νήσοι Φώκλαντ,איי פוקלנד,फ़ॉकलैंड द्वीपसमूह,Falkland-szigetek,Kepulauan Falkland,Isole Falkland,フォークランド諸島,포클랜드 제도,Falklandeilanden,Falklandy,Ilhas Malvinas,Фолклендские острова,Falklandsöarna,Falkland Adaları,Фолклендські острови,جزائر فاکلینڈ,Quần đảo Falkland,福克兰群岛,福克蘭群島,Admin-0 dependency,,Admin-0 dependency,,,,,,,,,,,,,,,,,,,Unrecognized,,,,,,,,,,,,,,,,,,,,,,,,,,,,,,,,,,,,,,,,,,,,,,,,,,,,,,,,,,,,,,,,,,,,,,,,,,,,,,,,,,,,,,,,,,,,,,,,,
Admin-0 country,1,4.0,Vanuatu,VUT,0.0,2.0,Sovereign country,1,Vanuatu,VUT,0.0,Vanuatu,VUT,0.0,Vanuatu,VUT,0.0,Vanuatu,Vanuatu,VUT,Vanuatu,,Van.,VU,Republic of Vanuatu,,Vanuatu,,,Vanuatu,,6.0,3.0,7.0,3.0,299882.0,10.0,2019.0,934.0,2019.0,7. Least developed region,4. Lower middle income,NH,VU,VU,VUT,VUT,548,548,548,VU,VUT,23424907.0,23424907.0,Exact WOE match as country,VUT,,VUT,VUT,VUT,VUT,VUT,VUT,VUT,VUT,VUT,VUT,VUT,VUT,VUT,VUT,VUT,VUT,VUT,VUT,VUT,VUT,VUT,VUT,VUT,VUT,VUT,VUT,VUT,VUT,VUT,VUT,VUT,VUT,-99.0,-99.0,Oceania,Oceania,Melanesia,East Asia & Pacific,7.0,7.0,4.0,2.0,1.0,0.0,4.0,9.0,166.908762,-15.37153,1159321421.0,Q686,فانواتو,ভানুয়াতু,Vanuatu,Vanuatu,Vanuatu,وانواتو,Vanuatu,Βανουάτου,ונואטו,वानूआटू,Vanuatu,Vanuatu,Vanuatu,バヌアツ,바누아투,Vanuatu,Vanuatu,Vanuatu,Вануату,Vanuatu,Vanuatu,Вануату,وانواتو,Vanuatu,瓦努阿图,萬那杜,Admin-0 country,,Admin-0 country,,,,,,,,,,,,,,,,,,,,,,,,,,,,,,,,,,,,,,,,,,,,,,,,,,,,,,,,,,,,,,,,,,,,,,,,,,,,,,,,,,,,,,,,,,,,,,,,,,,,,,,,,,,,,,,,,,,,
Admin-0 country,5,4.0,New Zealand,NZ1,1.0,2.0,Dependency,1,Niue,NIU,0.0,Niue,NIU,0.0,Niue,NIU,0.0,Niue,Niue,NIU,Niue,,Niue,NU,,,Niue,Assoc. with N.Z.,Assoc. with N.Z.,Niue,,3.0,3.0,4.0,4.0,1620.0,3.0,2018.0,10.0,2003.0,6. Developing region,3. Upper middle income,NE,NU,NU,NIU,NIU,570,570,570,-99,-99,23424904.0,23424904.0,Exact WOE match as country,NIU,,NIU,NIU,NIU,NIU,NIU,NIU,NIU,NIU,NIU,NIU,NIU,NIU,NIU,NIU,NIU,NIU,NIU,NIU,NIU,NIU,NIU,NIU,NIU,NIU,NIU,NIU,NIU,NIU,NIU,NIU,NIU,NIU,-99.0,-99.0,Oceania,Oceania,Polynesia,East Asia & Pacific,4.0,4.0,4.0,3.0,-99.0,0.0,4.0,9.0,-169.862565,-19.045956,1159321133.0,Q34020,نييوي,নিউয়ে,Niue,Niue,Niue,نیووی,Niue,Νιούε,ניואה,निउए,Niue,Niue,Niue,ニウエ,니우에,Niue,Niue,Niue,Ниуэ,Niue,Niue,Ніуе,نیووے,Niue,纽埃,紐埃,Admin-0 dependency,,Admin-0 dependency,,,,,,,,,,,,,,,,,,,,,,,,,,,,,,,,,,,,,,,,,,,,,,,,,,,,,,,,,,,,,,,,,,,,,,,,,,,,,,,,,,,,,,,,,,,,,,,,,,,,,,,,,,,,,,,,,,,,
Admin-0 country,5,4.0,United States of America,US1,1.0,2.0,Dependency,1,American Samoa,ASM,0.0,American Samoa,ASM,0.0,American Samoa,ASM,0.0,American Samoa,American Samoa,ASM,American Samoa,,Am. Samoa,AS,American Samoa,,American Samoa,U.S.A.,,American Samoa,,4.0,5.0,1.0,1.0,55312.0,8.0,2019.0,636.0,2018.0,6. Developing region,3. Upper middle income,AQ,AS,AS,ASM,ASM,016,016,016,AS,ASM,23424746.0,23424746.0,Exact WOE match as country,ASM,,ASM,ASM,ASM,ASM,ASM,ASM,ASM,ASM,ASM,ASM,ASM,ASM,ASM,ASM,ASM,ASM,ASM,ASM,ASM,ASM,ASM,ASM,ASM,ASM,ASM,ASM,ASM,ASM,ASM,ASM,ASM,ASM,-99.0,-99.0,Oceania,Oceania,Polynesia,East Asia & Pacific,14.0,14.0,9.0,3.0,-99.0,0.0,4.0,9.0,-170.747153,-14.32671,1159321357.0,Q16641,ساموا الأمريكية,মার্কিন সামোয়া,Amerikanisch-Samoa,American Samoa,Samoa Estadounidense,ساموآی آمریکا,Samoa américaines,Αμερικανική Σαμόα,סמואה האמריקנית,अमेरिकी समोआ,Amerikai Szamoa,Samoa Amerika,Samoa Americane,アメリカ領サモア,아메리칸사모아,Amerikaans-Samoa,Samoa Amerykańskie,Samoa Americana,Американское Самоа,Amerikanska Samoa,Amerikan Samoası,Східне Самоа,امریکی سمووا,Samoa thuộc Mỹ,美属萨摩亚,美屬薩摩亞,Admin-0 dependency,,Admin-0 dependency,,,,,,,,,,,,,,,,,,,,,,,,,,,,,,,,,,,,,,,,,,,,,,,,,,,,,,,,,,,,,,,,,,,,,,,,,,,,,,,,,,,,,,,,,,,,,,,,,,,,,,,,,,,,,,,,,,,,
Admin-0 country,5,6.0,Palau,PLW,0.0,2.0,Sovereign country,1,Palau,PLW,0.0,Palau,PLW,0.0,Palau,PLW,0.0,Palau,Palau,PLW,Palau,,Palau,PW,Republic of Palau,,Palau,,,Palau,,2.0,5.0,1.0,12.0,18008.0,6.0,2019.0,268.0,2019.0,6. Developing region,3. Upper middle income,PS,PW,PW,PLW,PLW,585,585,585,PW,PLW,23424927.0,23424927.0,Exact WOE match as country,PLW,,PLW,PLW,PLW,PLW,PLW,PLW,PLW,PLW,PLW,PLW,PLW,PLW,PLW,PLW,PLW,PLW,PLW,PLW,PLW,PLW,PLW,PLW,PLW,PLW,PLW,PLW,PLW,PLW,PLW,PLW,PLW,PLW,-99.0,-99.0,Oceania,Oceania,Micronesia,East Asia & Pacific,5.0,5.0,5.0,2.0,1.0,0.0,5.0,10.0,134.580157,7.518252,1159321171.0,Q695,بالاو,পালাউ,Palau,Palau,Palaos,پالائو,Palaos,Παλάου,פלאו,पलाउ,Palau,Palau,Palau,パラオ,팔라우,Palau,Palau,Palau,Палау,Palau,Palau,Республіка Палау,پلاؤ,Palau,帕劳,帛琉,Admin-0 country,,Admin-0 country,,,,,,,,,,,,,,,,,,,,,,,,,,,,,,,,,,,,,,,,,,,,,,,,,,,,,,,,,,,,,,,,,,,,,,,,,,,,,,,,,,,,,,,,,,,,,,,,,,,,,,,,,,,,,,,,,,,,
Admin-0 country,5,6.0,United States of America,US1,1.0,2.0,Dependency,1,Guam,GUM,0.0,Guam,GUM,0.0,Guam,GUM,0.0,Guam,Guam,GUM,Guam,,Guam,GU,Territory of Guam,,Guam,U.S.A.,,Guam,,4.0,5.0,1.0,1.0,167294.0,9.0,2019.0,5920.0,2018.0,6. Developing region,2. High income: nonOECD,GQ,GU,GU,GUM,GUM,316,316,316,GU,GUM,23424832.0,23424832.0,Exact WOE match as country,GUM,,GUM,GUM,GUM,GUM,GUM,GUM,GUM,GUM,GUM,GUM,GUM,GUM,GUM,GUM,GUM,GUM,GUM,GUM,GUM,GUM,GUM,GUM,GUM,GUM,GUM,GUM,GUM,GUM,GUM,GUM,GUM,GUM,-99.0,-99.0,Oceania,Oceania,Micronesia,East Asia & Pacific,4.0,4.0,4.0,2.0,-99.0,0.0,3.0,10.0,144.703614,13.354173,1159321359.0,Q16635,غوام,গুয়াম,Guam,Guam,Guam,گوآم,Guam,Γκουάμ,גואם,गुआम,Guam,Guam,Guam,グアム,괌,Guam,Guam,Guam,Гуам,Guam,Guam,Гуам,گوام,Guam,关岛,關島,Admin-0 dependency,,Admin-0 dependency,,,,,,,,,,,,,,,,,,,,,,,,,,,,,,,,,,,,,,,,,,,,,,,,,,,,,,,,,,,,,,,,,,,,,,,,,,,,,,,,,,,,,,,,,,,,,,,,,,,,,,,,,,,,,,,,,,,,
Admin-0 country,5,6.0,United States of America,US1,1.0,2.0,Dependency,1,Northern Mariana Islands,MNP,0.0,Northern Mariana Islands,MNP,0.0,Northern Mariana Islands,MNP,0.0,Northern Mariana Islands,Northern Mariana Islands,MNP,N. Mariana Is.,,N.M.I.,MP,Commonwealth of the Northern Mariana Islands,,Northern Mariana Islands,U.S.A.,,Northern Mariana Islands,,4.0,5.0,1.0,1.0,57216.0,8.0,2019.0,1323.0,2018.0,6. Developing region,2. High income: nonOECD,CQ,MP,MP,MNP,MNP,580,580,580,MP,MNP,23424788.0,23424788.0,Exact WOE match as country,MNP,,MNP,MNP,MNP,MNP,MNP,MNP,MNP,MNP,MNP,MNP,MNP,MNP,MNP,MNP,MNP,MNP,MNP,MNP,MNP,MNP,MNP,MNP,MNP,MNP,MNP,MNP,MNP,MNP,MNP,MNP,MNP,MNP,-99.0,-99.0,Oceania,Oceania,Micronesia,East Asia & Pacific,14.0,24.0,6.0,3.0,-99.0,0.0,5.0,10.0,145.734397,15.188188,1159321361.0,Q16644,جزر ماريانا الشمالية,উত্তর মারিয়ানা দ্বীপপুঞ্জ,Nördliche Marianen,Northern Mariana Islands,Islas Marianas del Norte,جزایر ماریانای شمالی,îles Mariannes du Nord,Βόρειες Μαριάνες Νήσοι,איי מריאנה הצפוניים,उत्तरी मारियाना द्वीप,Északi-Mariana-szigetek,Kepulauan Mariana Utara,Isole Marianne Settentrionali,北マリアナ諸島,북마리아나 제도,Noordelijke Marianen,Mariany Północne,Ilhas Marianas do Norte,Северные Марианские острова,Nordmarianerna,Kuzey Mariana Adaları,Північні Маріанські острови,جزائر شمالی ماریانا,Quần đảo Bắc Mariana,北马里亚纳群岛,北馬里亞納群島,Admin-0 dependency,,Admin-0 dependency,,,,,,,,,,,,,,,,,,,,,,,,,,,,,,,,,,,,,,,,,,,,,,,,,,,,,,,,,,,,,,,,,,,,,,,,,,,,,,,,,,,,,,,,,,,,,,,,,,,,,,,,,,,,,,,,,,,,
Admin-0 country,5,4.0,Bahrain,BHR,0.0,2.0,Sovereign country,1,Bahrain,BHR,0.0,Bahrain,BHR,0.0,Bahrain,BHR,0.0,Bahrain,Bahrain,BHR,Bahrain,,Bahr.,BH,Kingdom of Bahrain,,Bahrain,,,Bahrain,,1.0,1.0,1.0,9.0,1641172.0,12.0,2019.0,38574.0,2019.0,6. Developing region,2. High income: nonOECD,BA,BH,BH,BHR,BHR,048,048,048,BH,BHR,23424753.0,23424753.0,Exact WOE match as country,BHR,,BHR,BHR,BHR,BHR,BHR,BHR,BHR,BHR,BHR,BHR,BHR,BHR,BHR,BHR,BHR,BHR,BHR,BHR,BHR,BHR,BHR,BHR,BHR,BHR,BHR,BHR,BHR,BHR,BHR,BHR,BHR,BHR,-99.0,-99.0,Asia,Asia,Western Asia,Middle East & North Africa,7.0,7.0,5.0,2.0,1.0,0.0,4.0,9.0,50.554816,26.055972,1159320413.0,Q398,البحرين,বাহরাইন,Bahrain,Bahrain,Baréin,بحرین,Bahreïn,Μπαχρέιν,בחריין,बहरीन,Bahrein,Bahrain,Bahrein,バーレーン,바레인,Bahrein,Bahrajn,Bahrein,Бахрейн,Bahrain,Bahreyn,Бахрейн,بحرین,Bahrain,巴林,巴林,Admin-0 country,,Admin-0 country,,,,,,,,,,,,,,,,,,,,,,,,,,,,,,,,,,,,,,,,,,,,,,,,,,,,,,,,,,,,,,,,,,,,,,,,,,,,,,,,,,,,,,,,,,,,,,,,,,,,,,,,,,,,,,,,,,,,
Admin-0 country,6,5.0,Australia,AU1,1.0,2.0,Dependency,1,Coral Sea Islands,CSI,0.0,Coral Sea Islands,CSI,0.0,Coral Sea Islands,CSI,0.0,Coral Sea Islands,Coral Sea Islands,CSI,Coral Sea Is.,,C.S.I.,CS,Coral Sea Islands Territory,,,Auz.,,Coral Sea Islands,,1.0,2.0,2.0,7.0,4.0,1.0,2019.0,0.0,2016.0,7. Least developed region,5. Low income,CR,-99,AU,-99,AUS,-99,036,-099,-99,-99,23424790.0,23424790.0,Exact WOE match as country,AUS,1,CSI,CSI,CSI,CSI,CSI,CSI,CSI,CSI,CSI,CSI,CSI,CSI,CSI,CSI,CSI,CSI,CSI,CSI,CSI,CSI,CSI,CSI,CSI,CSI,CSI,CSI,CSI,CSI,CSI,CSI,CSI,CSI,-99.0,-99.0,Oceania,Oceania,Australia and New Zealand,East Asia & Pacific,13.0,17.0,6.0,-99.0,-99.0,0.0,4.5,9.5,154.390595,-21.029311,1159320359.0,Q172216,جزر بحر المرجان,কোরাল সাগর দ্বীপপুঞ্জ,Korallenmeerinseln,Coral Sea Islands,islas del mar del Coral,جزایر کورال,Îles de la mer de Corail,Νησιά Θάλασσας των Κοραλίων,טריטוריית איי ים האלמוגים,कोरल सागर द्वीप समूह,Korall-tengeri-szigetek,Kepulauan Laut Karang,Isole del Mar dei Coralli,コーラル・シー諸島,산호해 제도,Koraalzee-eilanden,Wyspy Morza Koralowego,Ilhas do Mar de Coral,Территория островов Кораллового моря,Korallhavsöarna,Mercan Denizi Adaları,Острови Коралового моря,کورل سمندری جزائر,Quần đảo Biển San hô,珊瑚海群岛,珊瑚海群島,Unrecognized,1,Admin-0 dependency,,,,,,,,,,,,,,,,,,,,,,,,,,,,,,,,,,,,,,,,,,,,,,,,,,,,,,,,,,,,,,,,,,,,,,,,,,,,,,,,,,,,,,,,,,,,,,,,,,,,,,,,,,,,,,,,,,,,
Admin-0 country,6,6.0,Spratly Islands,PGA,0.0,2.0,Indeterminate,1,Spratly Islands,PGA,0.0,Spratly Islands,PGA,0.0,Spratly Islands,PGA,1.0,Spratly Is.,Spratly Islands,B46,Spratly Is.,,Spratly Is.,SP,,,,Disputed,"Claimed by China, Taiwan, Malaysia, the Philippines, and Brunei",Spratly Islands,,3.0,7.0,6.0,-99.0,100.0,1.0,2017.0,0.0,2016.0,7. Least developed region,5. Low income,PG,-99,-99,-99,-99,-99,-99,-099,-99,-99,23424921.0,23424921.0,Exact WOE match as country,-99,1,PGA,PGA,PGA,PGA,PGA,CHN,TWN,PGA,PGA,PGA,PGA,PGA,PGA,PGA,PGA,PGA,PGA,PGA,PGA,PGA,PGA,PGA,VNM,PGA,PGA,PGA,PGA,PGA,PGA,PGA,PGA,PGA,-99.0,-99.0,Asia,Asia,South-Eastern Asia,East Asia & Pacific,11.0,15.0,11.0,-99.0,1.0,6.0,6.0,10.0,115.81956,10.72954,1159321165.0,Q43296,جزيرة ويك,ওয়েক দ্বীপপুঞ্জ,Wake,Wake Island,Isla Wake,جزیره ویک,Wake,Νήσος Ουέηκ,וייק,वेक द्वीप,Wake-sziget,Pulau Wake,isola di Wake,ウェーク島,웨이크섬,Wake,Wake,Ilha Wake,Уэйк,Wake,Wake Adası,Вейк,جزیرہ ویک,Đảo Wake,威克岛,威克島,Unrecognized,1,Admin-0 indeterminant,,,,,Unrecognized,Unrecognized,,,,,,,,,,,,,,,,Unrecognized,,,,,,,,,,,,,,,,,,,,,,,,,,,,,,,,,,,,,,,,,,,,,,,,,,,,,,,,,,,,,,,,,,,,,,,,,,,,,,,,,,,,,,,,,,,,,,
Admin-0 country,6,5.0,France,FR1,1.0,2.0,Dependency,1,Clipperton Island,CLP,0.0,Clipperton Island,CLP,0.0,Clipperton Island,CLP,0.0,Clipperton Island,Clipperton Island,CLP,Clipperton I.,,Clp. I.,CI,,,,Fr.,,Clipperton Island,,7.0,5.0,9.0,11.0,0.0,1.0,2019.0,0.0,2016.0,7. Least developed region,5. Low income,IP,-99,FR,-99,FRA,-99,250,-099,-99,-99,23424850.0,23424850.0,WOE Admin-1 states provinces (territory) match.,FRA,1,CLP,CLP,CLP,CLP,CLP,CLP,CLP,CLP,CLP,CLP,CLP,CLP,CLP,CLP,CLP,CLP,CLP,CLP,CLP,CLP,CLP,CLP,CLP,CLP,CLP,CLP,CLP,CLP,CLP,CLP,CLP,CLP,-99.0,-99.0,Seven seas (open ocean),Americas,Central America,Latin America & Caribbean,13.0,17.0,7.0,-99.0,-99.0,0.0,5.0,9.5,-109.22045,10.297324,1159320635.0,Q161258,جزيرة كليبرتون,ক্লিপারটন দ্বীপপুঞ্জ,Clipperton-Insel,Clipperton Island,Isla Clipperton,جزیره کلیپرتون,île Clipperton,Νήσος Κλίπερτον,קליפרטון,क्लिपरटन द्वीप,Clipperton-sziget,Pulau Clipperton,Clipperton,クリッパートン島,클리퍼턴섬,Clipperton,Wyspa Clippertona,Ilha de Clipperton,Клиппертон,Clippertonön,Clipperton Adası,Кліппертон,جزیرہ کلپرٹن,Clipperton,克利珀顿岛,克利珀頓島,Unrecognized,1,Admin-0 dependency,,,,,,,,,,,,,,,,,,,,,,,,,,,,,,,,,,,,,,,,,,,,,,,,,,,,,,,,,,,,,,,,,,,,,,,,,,,,,,,,,,,,,,,,,,,,,,,,,,,,,,,,,,,,,,,,,,,,
Admin-0 country,0,4.0,China,CH1,1.0,2.0,Country,1,Macao S.A.R,MAC,0.0,Macao S.A.R,MAC,0.0,Macao S.A.R,MAC,0.0,Macao,Macao,MAC,Macao,,Mac.,MO,"Macao Special Administrative Region, PRC",,Macau,Cn.,China,"Macao SAR, China",,4.0,4.0,4.0,3.0,640445.0,11.0,2019.0,53859.0,2019.0,6. Developing region,2. High income: nonOECD,MC,MO,MO,MAC,MAC,446,446,446,MO,MAC,20070017.0,20070017.0,Exact WOE match as country,MAC,,MAC,MAC,MAC,MAC,MAC,MAC,MAC,MAC,MAC,MAC,MAC,MAC,MAC,MAC,MAC,MAC,MAC,MAC,MAC,MAC,MAC,MAC,MAC,MAC,MAC,MAC,MAC,MAC,MAC,MAC,MAC,MAC,-99.0,-99.0,Asia,Asia,Eastern Asia,East Asia & Pacific,5.0,5.0,4.0,-99.0,-99.0,0.0,4.0,9.0,113.556038,22.129735,1159320475.0,Q14773,ماكاو,মাকাও,Macau,Macau,Macao,ماکائو,Macao,Μακάου,מקאו,मकाउ,Makaó,Makau,Macao,マカオ,마카오,Macau,Makau,Macau,Макао,Macao,Makao,Аоминь,مکاؤ,Ma Cao,澳门,澳門,Admin-0 dependency,,Admin-0 dependency,,,,,Admin-1 region,,,,,,,,,,,,,,,,,,,,,,,,,,,,,,,,,,,,,,,,,,,,,,,,,,,,,,,,,,,,,,,,,,,,,,,,,,,,,,,,,,,,,,,,,,,,,,,,,,,,,,,,,,,,,,,
Admin-0 country,6,5.0,Australia,AU1,1.0,2.0,Dependency,1,Ashmore and Cartier Islands,ATC,0.0,Ashmore and Cartier Islands,ATC,0.0,Ashmore and Cartier Islands,ATC,0.0,Ashmore and Cartier Is.,Ashmore and Cartier Islands,ATC,Ashmore and Cartier Is.,,A.C.Is.,AU,Territory of Ashmore and Cartier Islands,,,Auz.,,Ashmore and Cartier Islands,,1.0,2.0,2.0,7.0,0.0,1.0,2019.0,0.0,2019.0,7. Least developed region,5. Low income,AT,-99,AU,-99,AUS,036,036,-099,-99,-99,23424749.0,23424749.0,WOE Admin-1 states provinces match.,AUS,1,ATC,ATC,ATC,ATC,ATC,ATC,ATC,ATC,ATC,ATC,ATC,ATC,ATC,ATC,ATC,ATC,ATC,ATC,ATC,ATC,ATC,ATC,ATC,ATC,ATC,ATC,ATC,ATC,ATC,ATC,ATC,ATC,-99.0,-99.0,Oceania,Oceania,Australia and New Zealand,East Asia & Pacific,23.0,27.0,7.0,-99.0,-99.0,0.0,4.5,9.5,123.586368,-12.432571,1159320353.0,Q133888,جزر أشمور وكارتيير,আসমর এবং কার্টিয়ে দ্বীপপুঞ্জ,Ashmore- und Cartierinseln,Ashmore and Cartier Islands,Islas Ashmore y Cartier,جزیرههای آشمور و کارتیر,Îles Ashmore-et-Cartier,Άσμορ και Καρτιέ Νησιά,איי אשמור וקרטייה,एशमोर और कार्टियर द्वीप समूह,Ashmore- és Cartier-szigetek,Kepulauan Ashmore dan Cartier,Isole Ashmore e Cartier,アシュモア・カルティエ諸島,애시모어 카르티에 제도,Ashmore- en Cartiereilanden,Wyspy Ashmore i Cartiera,Ilhas Ashmore e Cartier,Острова Ашмор и Картье,Ashmore- och Cartieröarna,Ashmore ve Cartier Adaları,Острови Ашмор і Картьє,جزائر ایشمور و کارٹیر,Quần đảo Ashmore và Cartier,阿什莫尔和卡捷群岛,亞什摩及卡地爾群島,Unrecognized,1,Admin-0 dependency,,,,,,,,,,,,,,,,,,,,,,,,,,,,,,,,,,,,,,,,,,,,,,,,,,,,,,,,,,,,,,,,,,,,,,,,,,,,,,,,,,,,,,,,,,,,,,,,,,,,,,,,,,,,,,,,,,,,
Admin-0 country,6,8.0,Bajo Nuevo Bank (Petrel Is.),BJN,0.0,2.0,Indeterminate,1,Bajo Nuevo Bank (Petrel Is.),BJN,0.0,Bajo Nuevo Bank (Petrel Is.),BJN,0.0,Bajo Nuevo Bank (Petrel Is.),BJN,1.0,Bajo Nuevo Bank,Bajo Nuevo Bank (Petrel Islands),B41,Bajo Nuevo Bank (Petrel Is.),,,,,,,Disputed,"Claimed by Colombia, Jamaica, Nicaragua and the United States",Bajo Nuevo Bank (Petrel Is.),,3.0,7.0,6.0,-99.0,0.0,1.0,2019.0,0.0,2019.0,7. Least developed region,5. Low income,-99,-99,-99,-99,-99,-99,-99,-099,-99,-99,-99.0,-99.0,No WOE equivalent.,-99,1,B41,USA,COL,COL,COL,COL,COL,COL,COL,COL,COL,COL,COL,COL,COL,COL,COL,COL,COL,COL,COL,COL,COL,COL,COL,COL,COL,COL,COL,COL,COL,COL,-99.0,-99.0,North America,Americas,Caribbean,Latin America & Caribbean,15.0,32.0,0.0,-99.0,1.0,7.0,7.0,11.0,-79.845836,15.791588,1159320425.0,Q1257783,ضفة باجو نيوفو,বাহো নুয়েবো তীর,Bajo-Nuevo-Bank,Bajo Nuevo Bank,Bajo Nuevo,باجو نوئو بنک (Petrel Is.),Banc de Bajo Nuevo,Μπάτζο Νουέβο Μπανκ,באחו נואבו באנק,बाखो न्युएवो तट,Petrel-szigetek,Tepi Bajo Nuevo,Bajo Nuevo Bank,バホヌエボ,바호 누에보 뱅크,Bajo Nuevo,Bajo Nuevo,Ilha Baixo Novo,Бахо-Нуэво,Bajo Nuevo,Bajo Nuevo Bank,Бахо-Нуево,باخو نوئوو کنارہ,Bajo Nuevo Bank,巴霍努埃沃浅滩,巴霍努埃沃淺灘,Unrecognized,1,Admin-0 indeterminant,Unrecognized,Unrecognized,Unrecognized,Unrecognized,Unrecognized,Unrecognized,Unrecognized,Unrecognized,Unrecognized,Unrecognized,Unrecognized,Unrecognized,Unrecognized,Unrecognized,Unrecognized,Unrecognized,Unrecognized,Unrecognized,Unrecognized,Unrecognized,Unrecognized,Unrecognized,Unrecognized,Unrecognized,Unrecognized,Unrecognized,Unrecognized,Unrecognized,Unrecognized,Unrecognized,Unrecognized,,,,,,,,,,,,,,,,,,,,,,,,,,,,,,,,,,,,,,,,,,,,,,,,,,,,,,,,,,,,,,,,,,,,,,,,,,,,,,,,,,,,,
Admin-0 country,6,5.0,Serranilla Bank,SER,0.0,2.0,Indeterminate,1,Serranilla Bank,SER,0.0,Serranilla Bank,SER,0.0,Serranilla Bank,SER,1.0,Serranilla Bank,Serranilla Bank,B42,Serranilla Bank,,S.B.,SB,,,,Disputed,"Claimed by Colombia, Honduras, Nicaragua, and the United States",Serranilla Bank,,3.0,7.0,6.0,-99.0,0.0,1.0,2019.0,0.0,2012.0,7. Least developed region,5. Low income,-99,-99,-99,-99,-99,-99,-99,-099,-99,-99,-99.0,-99.0,No WOE equivalent.,-99,1,SER,USA,COL,COL,COL,COL,COL,COL,COL,COL,COL,COL,COL,COL,COL,COL,COL,COL,COL,COL,COL,COL,COL,COL,COL,COL,COL,COL,COL,COL,COL,COL,-99.0,-99.0,North America,Americas,Caribbean,Latin America & Caribbean,15.0,15.0,4.0,-99.0,1.0,7.0,7.0,9.5,-78.638239,15.864308,1159321245.0,Q1169008,ضفة سيرانيلا,সেরানিলা তীর,Serranilla Bank,Serranilla Bank,Isla Serranilla,جزیره صخره سرانیلا,Banc de Serranilla,Νησί Σερρανίλλα Μπανκ,גדת סרנילה,सेरानिला तट,Serranilla-sziget,Tepi Serranilla,isola Serranilla,セラニャ・バンク,세라냐 뱅크,Serranilla,Isla Serranilla,Ilha Serranilla,Серранилья-Банк,Serranilla Bank,Serranilla Bank,Серранілья,سیرانیلا کنارہ,Serranilla Bank,塞拉尼拉浅滩,塞拉尼拉淺灘,Unrecognized,1,Admin-0 indeterminant,Unrecognized,Unrecognized,Unrecognized,Unrecognized,Unrecognized,Unrecognized,Unrecognized,Unrecognized,Unrecognized,Unrecognized,Unrecognized,Unrecognized,Unrecognized,Unrecognized,Unrecognized,Unrecognized,Unrecognized,Unrecognized,Unrecognized,Unrecognized,Unrecognized,Unrecognized,Unrecognized,Unrecognized,Unrecognized,Unrecognized,Unrecognized,Unrecognized,Unrecognized,Unrecognized,Unrecognized,,,,,,,,,,,,,,,,,,,,,,,,,,,,,,,,,,,,,,,,,,,,,,,,,,,,,,,,,,,,,,,,,,,,,,,,,,,,,,,,,,,,,
Admin-0 country,6,6.0,Scarborough Reef,SCR,0.0,2.0,Indeterminate,1,Scarborough Reef,SCR,0.0,Scarborough Reef,SCR,0.0,Scarborough Reef,SCR,1.0,Scarborough Reef,Scarborough Reef,B70,Scarborough Reef,,S.R.,SR,,,,Disputed,,,,3.0,7.0,6.0,-99.0,0.0,1.0,2019.0,0.0,2016.0,7. Least developed region,5. Low income,-99,-99,-99,-99,-99,-99,-99,-099,-99,-99,-99.0,-99.0,No WOE equivalent.,-99,1,SCR,SCR,SCR,SCR,SCR,SCR,SCR,SCR,SCR,SCR,SCR,SCR,SCR,SCR,SCR,SCR,SCR,SCR,SCR,SCR,SCR,SCR,SCR,SCR,SCR,SCR,SCR,SCR,SCR,SCR,SCR,SCR,-99.0,-99.0,Asia,Asia,South-Eastern Asia,East Asia & Pacific,16.0,16.0,4.0,-99.0,1.0,7.0,6.0,10.0,117.753812,15.152039,1159321227.0,Q628716,سكاربورو شول,স্কারবোরো সোয়াল,Scarborough-Riff,Scarborough Shoal,Bajo de Masinloc,سد ساحلی اسکاربرو,Récif de Scarborough,Ύφαλος Σκάρμπορο,סקרבורו שואל,स्कारबरो शोल,Scarborough-zátony,Gosong Scarborough,Scarborough Shoal,スカボロー礁,스카버러 암초,Scarborough-rif,Huangyan Dao,Recife de Masinloc,Скарборо-Шол,Scarboroughrevet,Scarborough Shoal,Скарборо,سکیربورو شوال,Bãi cạn Scarborough,黄岩岛,民主礁,Unrecognized,1,Admin-0 indeterminant,,,,,,,,,,,,,,,,,,,,,,,,,,,,,,,,,,,,,,,,,,,,,,,,,,,,,,,,,,,,,,,,,,,,,,,,,,,,,,,,,,,,,,,,,,,,,,,,,,,,,,,,,,,,,,,,,,,,
Admin-0 country,0,2.0,France,FR1,1.0,2.0,Country,1,France,FRA,0.0,France,FRA,0.0,France,FRA,0.0,France,France,FRA,France,,Fr.,F,French Republic,,France,,,France,,7.0,5.0,9.0,11.0,67059887.0,16.0,2019.0,2715518.0,2019.0,1. Developed region: G7,1. High income: OECD,FR,-99,FR,-99,FRA,-99,250,250,FR,FRA,-90.0,23424819.0,Includes only Metropolitan France (including Corsica),FRA,,FRA,FRA,FRA,FRA,FRA,FRA,FRA,FRA,FRA,FRA,FRA,FRA,FRA,FRA,FRA,FRA,FRA,FRA,FRA,FRA,FRA,FRA,FRA,FRA,FRA,FRA,FRA,FRA,FRA,FRA,FRA,FRA,-99.0,-99.0,Europe,Europe,Western Europe,Europe & Central Asia,6.0,6.0,3.0,-99.0,1.0,0.0,1.7000000000000002,6.7,2.552275,46.696113,1159320637.0,Q142,فرنسا,ফ্রান্স,Frankreich,France,Francia,فرانسه,France,Γαλλία,צרפת,फ़्रान्स,Franciaország,Prancis,Francia,フランス,프랑스,Frankrijk,Francja,França,Франция,Frankrike,Fransa,Франція,فرانس,Pháp,法国,法國,Admin-0 country,,Admin-0 country,,,,,,,,,,,,,,,,,,,,,,,,,,,,,,,,,,,,,,,,,,,,,,,,,,,,,,,,,,,,,,,,,,,,,,,,,,,,,,,,,,,,,,,,,,,,,,,,,,,,,,,,,,,,,,,,,,,,
Admin-0 country,0,2.0,Spain,ESP,0.0,2.0,Sovereign country,1,Spain,ESP,0.0,Spain,ESP,0.0,Spain,ESP,0.0,Spain,Spain,ESP,Spain,,Sp.,E,Kingdom of Spain,,Spain,,,Spain,,4.0,5.0,5.0,5.0,47076781.0,15.0,2019.0,1393490.0,2019.0,2. Developed region: nonG7,1. High income: OECD,SP,ES,ES,ESP,ESP,724,724,724,ES,ESP,23424950.0,23424950.0,Exact WOE match as country,ESP,,ESP,ESP,ESP,ESP,ESP,ESP,ESP,ESP,ESP,ESP,ESP,ESP,ESP,ESP,ESP,ESP,ESP,ESP,ESP,ESP,ESP,ESP,ESP,ESP,ESP,ESP,ESP,ESP,ESP,ESP,ESP,ESP,-99.0,-99.0,Europe,Europe,Southern Europe,Europe & Central Asia,5.0,5.0,3.0,-99.0,1.0,0.0,2.0,7.0,-3.464718,40.090953,1159320587.0,Q29,إسبانيا,স্পেন,Spanien,Spain,España,اسپانیا,Espagne,Ισπανία,ספרד,स्पेन,Spanyolország,Spanyol,Spagna,スペイン,스페인,Spanje,Hiszpania,Espanha,Испания,Spanien,İspanya,Іспанія,ہسپانیہ,Tây Ban Nha,西班牙,西班牙,Admin-0 country,,Admin-0 country,,,,,,,,,,,,,,,,,,,,,,,,,,,,,,,,,,,,,,,,,,,,,,,,,,,,,,,,,,,,,,,,,,,,,,,,,,,,,,,,,,,,,,,,,,,,,,,,,,,,,,,,,,,,,,,,,,,,
Admin-0 country,0,2.0,China,CH1,1.0,2.0,Country,1,China,CHN,0.0,China,CHN,0.0,China,CHN,0.0,China,China,CHN,China,,China,CN,People's Republic of China,,China,,,China,,4.0,4.0,4.0,3.0,1397715000.0,18.0,2019.0,14342903.0,2019.0,3. Emerging region: BRIC,3. Upper middle income,CH,CN,CN,CHN,CHN,156,156,156,CN,CHN,23424781.0,23424781.0,Exact WOE match as country,CHN,,CHN,CHN,CHN,CHN,CHN,CHN,TWN,CHN,CHN,CHN,CHN,CHN,CHN,CHN,CHN,CHN,CHN,CHN,CHN,CHN,CHN,CHN,CHN,CHN,CHN,CHN,CHN,CHN,CHN,CHN,CHN,CHN,-99.0,-99.0,Asia,Asia,Eastern Asia,East Asia & Pacific,5.0,5.0,5.0,-99.0,1.0,0.0,1.7000000000000002,5.7,106.337289,32.498178,1159320471.0,Q148,الصين,গণচীন,Volksrepublik China,People's Republic of China,China,جمهوری خلق چین,République populaire de Chine,Λαϊκή Δημοκρατία της Κίνας,הרפובליקה העממית של סין,चीनी जनवादी गणराज्य,Kína,Republik Rakyat Tiongkok,Cina,中華人民共和国,중화인민공화국,Volksrepubliek China,Chińska Republika Ludowa,China,Китайская Народная Республика,Kina,Çin Halk Cumhuriyeti,Китайська Народна Республіка,عوامی جمہوریہ چین,Trung Quốc,中华人民共和国,中華人民共和國,Admin-0 country,,Admin-0 country,,,,,,Unrecognized,,,,,,,,,,,,,,,,,,,,,,,,,,,,,,,,,,,,,,,,,,,,,,,,,,,,,,,,,,,,,,,,,,,,,,,,,,,,,,,,,,,,,,,,,,,,,,,,,,,,,,,,,,,,,,
Admin-0 country,0,5.0,Netherlands,NL1,1.0,2.0,Country,1,Netherlands,NLD,0.0,Netherlands,NLD,0.0,Netherlands,NLD,0.0,Netherlands,Netherlands,NLD,Netherlands,,Neth.,NL,Kingdom of the Netherlands,,Netherlands,,,Netherlands,,4.0,2.0,2.0,9.0,17332850.0,14.0,2019.0,907050.0,2019.0,2. Developed region: nonG7,1. High income: OECD,NL,NL,NL,NLD,NLD,528,528,528,NL,NLD,-90.0,23424909.0,"Doesn't include new former units of Netherlands Antilles (24549811, 24549808, and 24549809)",NLD,,NLD,NLD,NLD,NLD,NLD,NLD,NLD,NLD,NLD,NLD,NLD,NLD,NLD,NLD,NLD,NLD,NLD,NLD,NLD,NLD,NLD,NLD,NLD,NLD,NLD,NLD,NLD,NLD,NLD,NLD,NLD,NLD,-99.0,-99.0,Europe,Europe,Western Europe,Europe & Central Asia,11.0,11.0,5.0,-99.0,1.0,0.0,4.0,10.0,5.61144,52.422211,1159321101.0,Q55,هولندا,নেদারল্যান্ডস,Niederlande,Netherlands,Países Bajos,هلند,Pays-Bas,Ολλανδία,הולנד,नीदरलैण्ड,Hollandia,Belanda,Paesi Bassi,オランダ,네덜란드,Nederland,Holandia,Países Baixos,Нидерланды,Nederländerna,Hollanda,Нідерланди,نیدرلینڈز,Hà Lan,荷兰,荷蘭,Admin-0 country,,Admin-0 country,,,,,,,,,,,,,,,,,,,,,,,,,,,,,,,,,,,,,,,,,,,,,,,,,,,,,,,,,,,,,,,,,,,,,,,,,,,,,,,,,,,,,,,,,,,,,,,,,,,,,,,,,,,,,,,,,,,,
Admin-0 country,0,2.0,Portugal,PRT,0.0,2.0,Sovereign country,1,Portugal,PRT,0.0,Portugal,PRT,1.0,Portugal,PR1,0.0,Portugal,Portugal,PR1,Portugal,,Port.,P,Portuguese Republic,,Portugal,,,Portugal,,1.0,7.0,1.0,4.0,10269417.0,14.0,2019.0,238785.0,2019.0,2. Developed region: nonG7,1. High income: OECD,PO,PT,PT,PRT,PRT,620,620,620,PT,PRT,23424925.0,23424925.0,Exact WOE match as country,PR1,,PR1,PRT,PRT,PRT,PRT,PRT,PRT,PRT,PRT,PRT,PRT,PRT,PRT,PRT,PRT,PRT,PRT,PRT,PRT,PRT,PRT,PRT,PRT,PRT,PRT,PRT,PRT,PRT,PRT,PRT,PRT,PRT,-99.0,-99.0,Europe,Europe,Southern Europe,Europe & Central Asia,8.0,8.0,5.0,-99.0,1.0,0.0,3.0,8.0,-8.271754,39.606675,1159321187.0,Q45,البرتغال,পর্তুগাল,Portugal,Portugal,Portugal,پرتغال,Portugal,Πορτογαλία,פורטוגל,पुर्तगाल,Portugália,Portugal,Portogallo,ポルトガル,포르투갈,Portugal,Portugalia,Portugal,Португалия,Portugal,Portekiz,Португалія,پرتگال,Bồ Đào Nha,葡萄牙,葡萄牙,Admin-0 country,,Admin-0 country,,,,,,,,,,,,,,,,,,,,,,,,,,,,,,,,,,,,,,,,,,,,,,,,,,,,,,,,,,,,,,,,,,,,,,,,,,,,,,,,,,,,,,,,,,,,,,,,,,,,,,,,,,,,,,,,,,,,
Admin-0 country,0,2.0,Portugal,PRT,0.0,2.0,Sovereign country,1,Portugal,PRT,0.0,Portugal,PRT,1.0,Portugal,PR1,0.0,Portugal,Portugal,PR1,Portugal,,Port.,P,Portuguese Republic,,Portugal,,,Portugal,,1.0,7.0,1.0,4.0,10269417.0,14.0,2019.0,238785.0,2019.0,2. Developed region: nonG7,1. High income: OECD,PO,PT,PT,PRT,PRT,620,620,620,PT,PRT,23424925.0,23424925.0,Exact WOE match as country,PR1,,PR1,PRT,PRT,PRT,PRT,PRT,PRT,PRT,PRT,PRT,PRT,PRT,PRT,PRT,PRT,PRT,PRT,PRT,PRT,PRT,PRT,PRT,PRT,PRT,PRT,PRT,PRT,PRT,PRT,PRT,PRT,PRT,-99.0,-99.0,Europe,Europe,Southern Europe,Europe & Central Asia,8.0,8.0,5.0,-99.0,1.0,0.0,3.0,8.0,-8.271754,39.606675,1159321187.0,Q45,البرتغال,পর্তুগাল,Portugal,Portugal,Portugal,پرتغال,Portugal,Πορτογαλία,פורטוגל,पुर्तगाल,Portugália,Portugal,Portogallo,ポルトガル,포르투갈,Portugal,Portugalia,Portugal,Португалия,Portugal,Portekiz,Португалія,پرتگال,Bồ Đào Nha,葡萄牙,葡萄牙,Admin-0 country,,Admin-0 country,,,,,,,,,,,,,,,,,,,,,,,,,,,,,,,,,,,,,,,,,,,,,,,,,,,,,,,,,,,,,,,,,,,,,,,,,,,,,,,,,,,,,,,,,,,,,,,,,,,,,,,,,,,,,,,,,,,,
Admin-0 country,0,2.0,Portugal,PRT,0.0,2.0,Sovereign country,1,Portugal,PRT,0.0,Portugal,PRT,1.0,Portugal,PR1,0.0,Portugal,Portugal,PR1,Portugal,,Port.,P,Portuguese Republic,,Portugal,,,Portugal,,1.0,7.0,1.0,4.0,10269417.0,14.0,2019.0,238785.0,2019.0,2. Developed region: nonG7,1. High income: OECD,PO,PT,PT,PRT,PRT,620,620,620,PT,PRT,23424925.0,23424925.0,Exact WOE match as country,PR1,,PR1,PRT,PRT,PRT,PRT,PRT,PRT,PRT,PRT,PRT,PRT,PRT,PRT,PRT,PRT,PRT,PRT,PRT,PRT,PRT,PRT,PRT,PRT,PRT,PRT,PRT,PRT,PRT,PRT,PRT,PRT,PRT,-99.0,-99.0,Europe,Europe,Southern Europe,Europe & Central Asia,8.0,8.0,5.0,-99.0,1.0,0.0,3.0,8.0,-8.271754,39.606675,1159321187.0,Q45,البرتغال,পর্তুগাল,Portugal,Portugal,Portugal,پرتغال,Portugal,Πορτογαλία,פורטוגל,पुर्तगाल,Portugália,Portugal,Portogallo,ポルトガル,포르투갈,Portugal,Portugalia,Portugal,Португалия,Portugal,Portekiz,Португалія,پرتگال,Bồ Đào Nha,葡萄牙,葡萄牙,Admin-0 country,,Admin-0 country,,,,,,,,,,,,,,,,,,,,,,,,,,,,,,,,,,,,,,,,,,,,,,,,,,,,,,,,,,,,,,,,,,,,,,,,,,,,,,,,,,,,,,,,,,,,,,,,,,,,,,,,,,,,,,,,,,,,
Admin-0 country,0,2.0,China,CH1,1.0,2.0,Country,1,China,CHN,0.0,China,CHN,0.0,China,CHN,0.0,China,China,CHN,China,null,China,CN,People's Republic of China,null,China,null,null,China,null,4.0,4.0,4.0,3.0,1397715000.0,18.0,2019.0,14342903.0,2019.0,3. Emerging region: BRIC,3. Upper middle income,CH,CN,CN,CHN,CHN,,,,CN,CHN,23424781.0,23424781.0,Exact WOE match as country,CHN,null,CHN,CHN,CHN,CHN,CHN,CHN,TWN,CHN,CHN,CHN,CHN,CHN,CHN,CHN,CHN,CHN,CHN,CHN,CHN,CHN,CHN,CHN,CHN,CHN,CHN,CHN,CHN,CHN,CHN,CHN,CHN,CHN,-99.0,-99.0,Asia,Asia,Eastern Asia,East Asia & Pacific,5.0,5.0,5.0,-99.0,1.0,0.0,1.7000000000000002,5.7,106.337289,32.498178,1159320471.0,Q148,الصين,গণচীন,Volksrepublik China,People's Republic of China,China,,,,,,,,,,,,,,,,,,,,,,,,,,,,,,,,,,,,,,,,,,,,,,,,,,,,,,,,CN,,,,,,,,,,,,,,,,,,,,,,,,,,,,,,,,,,,,,,,,,,,,,,,,,,,,,,,,,,,,,,,,,,,,,,,,,,,,,,,,,,,,
Admin-1 states provinces,2,,,,,,,,,CN-XZ,,,,,,,,Tibet,,,,,,,,,,,,,,,,,,,,,,,,,,,,,,,,,,,,,,,,,,,,,,,,,,,,,,,,,,,,,,,,,,,,,,,,,,,,,,,,,,,,,,,,,,,,,,,,,,,,,,,,,,,,,,,,,,,,null,,null,null,null,null,null,null,null,null,null,null,null,null,null,null,null,null,null,null,null,null,null,null,null,null,null,null,null,null,null,null,null,null,,CHN-1662,1662.0,null,CN,1.0,Tibet,西藏自治區|西藏自治区,Zìzhìqu,Autonomous Region,null,CN.XZ,null,null,Southwest China,48.0,1.0,20.0,1.0,null,XZ,0.0,-99.0,2.0,6.0,4.0,3.0,CH14,null,12578004.0,"Tibet, CN, China",Xizang,31.4515,88.4137,CH1,CN-XZ,2.0,China,China,CHN,1279685.0,Tibet Autonomous Region,-1934604.0,Xizang Zizhiqu,1.0,null,CN.14,Western,null,1.0,zho,CH14,null,4.6,10.1,4.6,Q17269,منطقة التبت ذاتية الحكم,তিব্বত স্বায়ত্তশাসিত অঞ্চল,Autonomes Gebiet Tibet,Tibet,Tíbet,Tibet,Αυτόνομη Περιφέρεια του Θιβέτ,बोड स्वायत्त क्षेत्र,Tibeti Autonóm Terület,Tibet,regione autonoma del Tibet,チベット自治区,티베트 자치구,Tibetaanse Autonome Regio,Tybetański Autonomiczny,do Tibete,Тибетский автономный район,Autonoma regionen Tibet,Tibet Özerk Bölgesi,Khu tự trị Tây Tạng,西藏自治区,1159312655.0,המחוז האוטונומי הטיבטי,Тибетський автономний район,تبت خود مختار علاقہ,منطقه خودمختار تبت,西藏自治區,
Admin-1 states provinces,3,,,,,,,,,ES-CE,,,,,,,,Ceuta,,,,,,,,,,,,,,,,,,,,,,,,,,,,,,,,,,,,,,,,,,,,,,,,,,,,,,,,,,,,,,,,,,,,,,,,,,,,,,,,,,,,,,,,,,,,,,,,,,,,,,,,,,,,,,,,,,,,,,,,,,,,,,,,,,,,,,,,,,,,,,,,,,,,,,,ESP-5815,5815.0,,ES,5.0,,,Ciudades Autónomas,Autonomous City,,ES.CE,,,Ceuta,23.0,1.0,20.0,3.0,,CE,0.0,9.0,9.0,5.0,5.0,5.0,SP00,SP|,55862983.0,"Ceuta Province, ES, Spain",Ceuta,35.8803,-5.341,ESP,ES-CE,5.0,Spain,,,8335119.0,Ceuta,-99.0,,2.0,,ES.CE,,,1.0,,,,7.7,11.0,7.7,Q5823,سبتة,সিউচা,Ceuta,Ceuta,Ceuta,Ceuta,Θέουτα,सेउटा,Ceuta,Ceuta,Ceuta,セウタ,세우타,Ceuta,Ceuta,Ceuta,Сеута,Ceuta,Ceuta,Ceuta,休达,1159310507.0,סאוטה,Сеута,سبته,سبته,休達,ES.CE
Admin-1 states provinces,10,,,,,,,,,ES-CN,,,,,,,,Canary Islands,,,,,,,,,,,,,,,,,,,,,,,,,,,,,,,,,,,,,,,,,,,,,,,,,,,,,,,,,,,,,,,,,,,,,,,,,,,,,,,,,,,,,,,,,,,,,,,,,,,,,,,,,,,,,,,,,,,,,,,,,,,,,,,,,,,,,,,,,,,,,,,,,,,,,,,ESP-5842,5842.0,,ES,3.0,,,Comunidad Autónoma,Autonomous Community,,ES.CN,,,Canary Is.,0.0,0.0,0.0,10.0,,,0.0,-99.0,20.0,22.0,5.0,5.0,,,12602109.0,,Santa Cruz de Tenerife,28.2566,-16.6144,ESP,ES-CN,5.0,Spain,,,2511173.0,Provincia de Santa Cruz de Tenerife,-401687.0,"Santa Cruz de Tenerife, Provincia de",2.0,,ES.TF,,,2.0,,,SP53,7.7,11.0,7.7,Q99976,سانتا كروث دي تينيريفه,স্যান্টা ক্রুজ দে টেনেলিফে প্রদেশ,Santa Cruz de Tenerife,Santa Cruz de Tenerife,Santa Cruz de Tenerife,Santa Cruz de Ténérife,Σάντα Κρούθ Ντε Τενερίφε,सैंटा क्रूज़ डी टैनेरीफ प्रांत,Santa Cruz de Tenerife,Santa Cruz de Tenerife,Santa Cruz de Tenerife,サンタ・クルス・デ・テネリフェ県,산타크루스데테네리페,Santa Cruz de Tenerife,Santa Cruz de Tenerife,Santa Cruz de Tenerife,Санта-Крус-де-Тенерифе,Santa Cruz de Tenerife,Santa Cruz de Tenerife İli,Santa Cruz de Tenerife,圣克鲁斯-德特内里费省,1159315577.0,סנטה קרוז דה טנריף,Санта-Крус-де-Тенерифе,صوبہ سانتا کروز دے فینیریفے,سانتا کروس,聖克魯斯-德特內里費省,ES.CN
Admin-1 states provinces,3,,,,,,,,,ES-ML,,,,,,,,Melilla,,,,,,,,,,,,,,,,,,,,,,,,,,,,,,,,,,,,,,,,,,,,,,,,,,,,,,,,,,,,,,,,,,,,,,,,,,,,,,,,,,,,,,,,,,,,,,,,,,,,,,,,,,,,,,,,,,,,,,,,,,,,,,,,,,,,,,,,,,,,,,,,,,,,,,,ESP-5835,5835.0,,ES,5.0,,,Ciudades Autónomas,Autonomous City,,ES.ML,,,Melilla,21.0,1.0,20.0,3.0,,CE,0.0,9.0,9.0,7.0,5.0,5.0,SP00,SP|,55862984.0,"Melilla Province, ES, Spain",Melilla,35.2934,-2.94015,ESP,ES-ML,5.0,Spain,,,8335120.0,Melilla,-99.0,,2.0,,ES.ME,,,1.0,,,,7.7,11.0,7.7,Q5831,مليلية,মেলিলা,Melilla,Melilla,Melilla,Melilla,Μελίγια,मेलिला,Melilla,Melilla,Melilla,メリリャ,멜리야,Melilla,Melilla,Melilla,Мелилья,Melilla,Melilla,Melilla,梅利利亚,1159310505.0,מלייה,Мелілья,ملیلہ,ملیلیه,麥里亞,ES.CE
Admin-1 states provinces,3,,,,,,,,,ES-PM,,,,,,,,Baleares,,,,,,,,,,,,,,,,,,,,,,,,,,,,,,,,,,,,,,,,,,,,,,,,,,,,,,,,,,,,,,,,,,,,,,,,,,,,,,,,,,,,,,,,,,,,,,,,,,,,,,,,,,,,,,,,,,,,,,,,,,,,,,,,,,,,,,,,,,,,,,,,,,,,,,,ESP-5808,5808.0,,ES,6.0,,,Comunidad Autónoma,Autonomous Community,,ES.PM,,,Islas Baleares,1.0,1.0,20.0,3.0,,PM,0.0,-99.0,3.0,8.0,5.0,5.0,SP07,,12602088.0,"Balearic Islands, ES, Spain",Islas Baleares,39.6162,2.99156,ESP,ES-PM,3.0,Spain,,,6424360.0,Illes Balears,-372237.0,"Islas Baleares, Comunidad Autonoma de las",2.0,,ES.PM,,,1.0,,,SP07,7.7,11.0,7.7,Q5765,جزر البليار,বালেয়ার দ্বীপপুঞ্জ,Balearische Inseln,Balearic Islands,Islas Baleares,Îles Baléares,Βαλεαρίδες Νήσοι,बैलेरिक द्वीपसमूह,Baleár-szigetek,Kepulauan Balears,isole Baleari,バレアレス諸島,발레아레스 제도,Balearen,Baleary,Ilhas Baleares,Балеарские острова,Balearerna,Balear Adaları,Quần đảo Baleares,巴利阿里群岛,1159308465.0,האיים הבלאריים,Балеарські острови,جزائر بلیبار,جزایر بالئاری,巴利亞利群島,ES.PM
Admin-1 states provinces,5,,,,,,,,,FR-GF,,,,,,,,French Guiana,,,,,,,,,,,,,,,,,,,,,,,,,,,,,,,,,,,,,,,,,,,,,,,,,,,,,,,,,,,,,,,,,,,,,,,,,,,,,,,,,,,,,,,,,,,,,,,,,,,,,,,,,,,,,,,,,,,,,,,,,,,,,,,,,,,,,,,,,,,,,,,,,,,,,,,FRA-2000,2000.0,,FR,1.0,,,Overseas département,Overseas department,,GF.X00~,,,Guyane française,1.0,1.0,20.0,8.0,,CY,0.0,-99.0,5.0,16.0,9.0,11.0,FG01,,23424811.0,,Guyane française,3.85831,-53.1324,FR1,FR-GF,2.0,France,French Guiana,GUF,6690606.0,Guyane,-916610.0,"Guyane, Departement de la",2.0,,FR.973,,,1.0,fra,,FG00,8.0,11.0,8.0,Q3769,غويانا الفرنسية,ফরাসি গায়ানা,Französisch-Guayana,French Guiana,Guayana Francesa,Guyane,Γαλλική Γουιάνα,फ़्रान्सीसी गुयाना,Francia Guyana,Guyana Perancis,Guyana francese,フランス領ギアナ,프랑스령 기아나,Frans-Guyana,Gujana Francuska,Guiana Francesa,Французская Гвиана,Franska Guyana,Fransız Guyanası,Guyane thuộc Pháp,法属圭亚那,1159311355.0,גיאנה הצרפתית,Французька Гвіана,فرانسیسی گیانا,گویان فرانسه,法屬圭亞那,FR-GUF
Admin-1 states provinces,9,,,,,,,,,FR-GP,,,,,,,,Guadeloupe,,,,,,,,,,,,,,,,,,,,,,,,,,,,,,,,,,,,,,,,,,,,,,,,,,,,,,,,,,,,,,,,,,,,,,,,,,,,,,,,,,,,,,,,,,,,,,,,,,,,,,,,,,,,,,,,,,,,,,,,,,,,,,,,,,,,,,,,,,,,,,,,,,,,,,,FRA-4603,4603.0,,FR,4.0,,,Overseas département,Overseas department,971,GP.X00~,,,Guadeloupe,0.0,0.0,20.0,9.0,,,0.0,-99.0,20.0,10.0,9.0,11.0,,,23424831.0,,Guadeloupe,16.1881,-61.6822,FR1,FR-GP,7.0,France,Guadeloupe,GLP,6690364.0,Guadeloupe,-1203022.0,"Guadeloupe, Departement de la",2.0,,FR.971,,,1.0,fra,,GP00,8.0,11.0,8.0,Q17012,غوادلوب,গুয়াদলুপ,Guadeloupe,Guadeloupe,Guadalupe,Guadeloupe,Γουαδελούπη,गुआदेलूप,Guadeloupe,Guadeloupe,Guadalupa,グアドループ,과들루프,Guadeloupe,Gwadelupa,Guadalupe,Гваделупа,Guadeloupe,Guadeloupe,Guadeloupe,瓜德罗普,1159315647.0,גוואדלופ,Гваделупа,گواڈیلوپ,جزیره گوادلوپ,瓜德羅普,FR-GUA
Admin-1 states provinces,3,,,,,,,,,FR-MQ,,,,,,,,Martinique,,,,,,,,,,,,,,,,,,,,,,,,,,,,,,,,,,,,,,,,,,,,,,,,,,,,,,,,,,,,,,,,,,,,,,,,,,,,,,,,,,,,,,,,,,,,,,,,,,,,,,,,,,,,,,,,,,,,,,,,,,,,,,,,,,,,,,,,,,,,,,,,,,,,,,,FRA-1442,1442.0,,FR,1.0,,,Overseas département,Overseas department,,MQ.X00~,,,Martinique,2.0,1.0,20.0,8.0,,FF,0.0,-99.0,4.0,10.0,9.0,11.0,MB**,,23424884.0,,Martinique,14.7245,-61.064,FR1,FR-MQ,7.0,France,Martinique,MTQ,6690604.0,Martinique,-1554447.0,"Martinique, Departement de la",2.0,,FR.972,,,1.0,fra,,MB00,8.0,11.0,8.0,Q17054,مارتينيك,মার্তিনিক,Martinique,Martinique,Martinica,Martinique,Μαρτινίκα,मार्टीनिक,Martinique,Martinik,Martinica,マルティニーク,마르티니크,Martinique,Martynika,Martinica,Мартиника,Martinique,Martinik,Martinique,马提尼克,1159311599.0,מרטיניק,Мартиніка,مارٹینیک,مارتینیک,馬丁尼克,FR-MTQ
Admin-1 states provinces,9,,,,,,,,,FR-RE,,,,,,,,La Réunion,,,,,,,,,,,,,,,,,,,,,,,,,,,,,,,,,,,,,,,,,,,,,,,,,,,,,,,,,,,,,,,,,,,,,,,,,,,,,,,,,,,,,,,,,,,,,,,,,,,,,,,,,,,,,,,,,,,,null,,null,null,null,null,null,null,null,null,null,null,null,null,null,null,null,null,null,null,null,null,null,null,null,null,null,null,null,null,null,null,null,null,,FRA-4601,4601.0,null,FR,3.0,null,null,Overseas département,Overseas department,null,RE.X00~,null,null,Réunion,0.0,0.0,20.0,9.0,null,null,0.0,-99.0,20.0,10.0,9.0,11.0,null,null,23424931.0,null,La Réunion,-21.1155,55.5405,FR1,FR-RE,5.0,France,Reunion,REU,6690284.0,Reunion,-1331308.0,"Reunion, Department de la",2.0,null,FR.974,null,null,1.0,fra,null,RE00,8.0,11.0,8.0,Q17070,لا ريونيون,রেউনিওঁ,Réunion,Réunion,Reunión,La Réunion,Ρεϋνιόν,रेयूनियों,Réunion,Réunion,Riunione,レユニオン,레위니옹,Réunion,Reunion,Reunião,Реюньон,Réunion,Réunion,Réunion,留尼汪,1159315617.0,ראוניון,Реюньйон,غے یونیوں,رئونیون,留尼旺,FR-LRE
Admin-1 states provinces,9,,,,,,,,,FR-YT,,,,,,,,Mayotte,,,,,,,,,,,,,,,,,,,,,,,,,,,,,,,,,,,,,,,,,,,,,,,,,,,,,,,,,,,,,,,,,,,,,,,,,,,,,,,,,,,,,,,,,,,,,,,,,,,,,,,,,,,,,,,,,,,,,,,,,,,,,,,,,,,,,,,,,,,,,,,,,,,,,,,FRA-4602,4602.0,,FR,4.0,,,Overseas département,Overseas department,,YT.YT,,,Mayotte,0.0,0.0,20.0,9.0,,,0.0,-99.0,20.0,7.0,9.0,11.0,,,23424886.0,,Mayotte,-12.7767,45.2769,FR1,FR-YT,5.0,France,Mayotte,MYT,1024031.0,,-1187193.0,"Mayotte, Departement de",0.0,,FR.976,,,1.0,fra,,MF00,8.0,11.0,8.0,Q17063,مايوت,মায়োত,Mayotte,Mayotte,Mayotte,Mayotte,Μαγιότ,मेयोट,Mayotte,Mayotte,Mayotte,マヨット,마요트,Mayotte,Majotta,Mayotte,Майотта,Mayotte,Mayotte,Mayotte,马约特,1159315621.0,מיוט,Майотта,مایوٹ,مایوت,马约特,FR-MAY
Admin-1 states provinces,10,,,,,,,,,NL-BQ1,,,,,,,,Bonaire,,,,,,,,,,,,,,,,,,,,,,,,,,,,,,,,,,,,,,,,,,,,,,,,,,,,,,,,,,,,,,,,,,,,,,,,,,,,,,,,,,,,,,,,,,,,,,,,,,,,,,,,,,,,,,,,,,,,,,,,,,,,,,,,,,,,,,,,,,,,,,,,,,,,,,,NLD-5149,5149.0,http://en.wikipedia.org/wiki/Bonaire,NL,3.0,,,Bijzondere Gemeenten,Special Municipality,,BQ.BO,,,,0.0,0.0,0.0,10.0,,,0.0,-99.0,20.0,7.0,2.0,9.0,,,24549811.0,"Bonaire, AN, Netherlands Antilles",Bonaire,12.2314,-68.3029,NL1,NL-BQ1,6.0,Caribbean Netherlands,,NLD,7609816.0,Bonaire,0.0,,1.0,,NL.BO,,,0.0,,,,11.0,11.0,8.0,Q25396,بونير,বোনাইর,Bonaire,Bonaire,Bonaire,Bonaire,Μποναίρ,बोनेयेर,Bonaire,Bonaire,Bonaire,ボネール島,보네르섬,Bonaire,Bonaire,Bonaire,Бонэйр,Bonaire,Bonaire,Bonaire,博奈尔,1159315527.0,בונייר,Бонайре,بونایر,بونیر,波奈,
Admin-1 states provinces,10,,,,,,,,,NL-BQ2,,,,,,,,Saba,,,,,,,,,,,,,,,,,,,,,,,,,,,,,,,,,,,,,,,,,,,,,,,,,,,,,,,,,,,,,,,,,,,,,,,,,,,,,,,,,,,,,,,,,,,,,,,,,,,,,,,,,,,,,,,,,,,,,,,,,,,,,,,,,,,,,,,,,,,,,,,,,,,,,,,NLD-5147,5147.0,http://en.wikipedia.org/wiki/Saba,NL,3.0,,,Bijzondere Gemeenten,Special Municipality,,BQ.SB,,,,0.0,0.0,0.0,10.0,,,0.0,-99.0,20.0,4.0,2.0,0.0,,,24549808.0,,Saba,17.6325,-63.2371,NL1,NL-BQ2,8.0,Netherlands,,NLD,7610358.0,Saba,0.0,,1.0,,NL.SB,,,0.0,,,,11.0,11.0,8.0,Q25528,سابا,সাবা,Saba,Saba,Saba,Saba,Σάμπα,साबा,Saba,Saba,Saba,サバ島,사바섬,Saba,Saba,Saba,Саба,Saba,Saba,Saba,薩巴,1159316511.0,סאבא,Саба,صبا,سیبا,薩巴,
Admin-1 states provinces,10,,,,,,,,,NL-BQ3,,,,,,,,St. Eustatius,,,,,,,,,,,,,,,,,,,,,,,,,,,,,,,,,,,,,,,,,,,,,,,,,,,,,,,,,,,,,,,,,,,,,,,,,,,,,,,,,,,,,,,,,,,,,,,,,,,,,,,,,,,,,,,,,,,,,,,,,,,,,,,,,,,,,,,,,,,,,,,,,,,,,,,NLD-5148,5148.0,http://en.wikipedia.org/wiki/Sint_Eustatius,NL,3.0,,,Bijzondere Gemeenten,Special Municipality,,BQ.SE,,,,0.0,0.0,0.0,10.0,,,0.0,-99.0,20.0,13.0,2.0,0.0,,,24549809.0,,St. Eustatius,17.4852,-62.9719,NL1,NLBQ3,8.0,Netherlands,,NLD,7610359.0,Sint Eustatius,0.0,,1.0,,NL.SE,,,0.0,,,,11.0,11.0,8.0,Q26180,سينت أوستاتيوس,সিন্ট এউস্তাতিউস,Sint Eustatius,Sint Eustatius,San Eustaquio,Saint-Eustache,Άγιος Ευστάθιος,सिंट यूस्टेशियस,Sint Eustatius,Sint Eustatius,Sint Eustatius,シント・ユースタティウス島,신트외스타티위스섬,Sint Eustatius,Sint Eustatius,Santo Eustáquio,Синт-Эстатиус,Sint Eustatius,Sint Eustatius,Sint Eustatius,圣尤斯特歇斯,1159316513.0,סנט אוסטטיוס,Сінт-Естатіус,سینٹ ایوسٹائیس,سینت یوستیشس,圣尤斯特歇斯,
Admin-1 states provinces,7,,,,,,,,,PT-20,,,,,,,,Azores,,,,,,,,,,,,,,,,,,,,,,,,,,,,,,,,,,,,,,,,,,,,,,,,,,,,,,,,,,,,,,,,,,,,,,,,,,,,,,,,,,,,,,,,,,,,,,,,,,,,,,,,,,,,,,,,,,,,,,,,,,,,,,,,,,,,,,,,,,,,,,,,,,,,,,,PRT-735,735.0,,PT,3.0,Açores,,Regiões autônoma,Autonomous region,,PT.AC,,,,3.0,1.0,0.0,6.0,,AC,0.0,-99.0,7.0,6.0,1.0,4.0,PO23,,15021776.0,"Azores, PT, Portugal",Azores,38.6351,-28.0394,PRT,PT-20,5.0,Portugal,Azores,PAZ,3411865.0,Regiao Autonoma dos Acores,6133108.0,"Acores, Regiao Autonoma dos",1.0,,PT.23,,,1.0,,PO23,,8.0,11.0,7.7,Q25263,الأزور,অ্যাজোরেস,Azoren,Azores,Azores,Açores,Αζόρες,एज़ोरेस,Azori-szigetek,Azores,Azzorre,アゾレス諸島,아소르스 제도,Azoren,Azory,Açores,Азорские острова,Azorerna,Azorlar,Açores,亚速尔群岛,1159310543.0,האיים האזוריים,Азорські острови,آزورس,آزور,亞速群島,
Admin-1 states provinces,7,,,,,,,,,PT-30,,,,,,,,Madeira,,,,,,,,,,,,,,,,,,,,,,,,,,,,,,,,,,,,,,,,,,,,,,,,,,,,,,,,,,,,,,,,,,,,,,,,,,,,,,,,,,,,,,,,,,,,,,,,,,,,,,,,,,,,,,,,,,,,,,,,,,,,,,,,,,,,,,,,,,,,,,,,,,,,,,,PRT-736,736.0,,PT,5.0,,,Regiões autônoma,Autonomous region,,PT.MA,,,,2.0,1.0,0.0,6.0,,MA,0.0,-99.0,7.0,7.0,1.0,4.0,PO10,,2346570.0,"Madeira, PT, Portugal",Madeira,32.7427,-16.9465,PRT,PT-30,5.0,Portugal,Madeira,PMD,2593105.0,Regiao Autonoma da Madeira,6133109.0,"Madeira, Regiao Autonoma da",1.0,,PT.10,,,1.0,,PO10,,7.7,11.0,7.7,Q26253,ماديرا,মাদিয়েরা,Autonome Madeira,Madeira,Madeira,Madère,Μαδέρα,मदेरा,Madeira-szigetek,Madeira,Madera,マデイラ諸島,마데이라 제도,Madeira,Madera,da Madeira,Мадейра,Madeira,Madeira Adaları,Madeira,马德拉,1159310443.0,מדיירה,Мадейра,مادیعیرا,مادیرا,馬德拉,
